<DATE>	<TIME>	<OPEN>	<HIGH>	<LOW>	<CLOSE>	<TICKVOL>	<VOL>	<SPREAD>
2026.03.25	01:00:00	4474.33	4480.97	4467.95	4479.12	1369	0	29
2026.03.25	01:05:00	4479.13	4485.23	4475.21	4484.45	1434	0	29
2026.03.25	01:10:00	4484.54	4484.90	4478.11	4483.29	1267	0	29
2026.03.25	01:15:00	4483.25	4484.25	4476.13	4483.46	1484	0	29
2026.03.25	01:20:00	4483.52	4484.89	4477.64	4478.43	991	0	29
2026.03.25	01:25:00	4478.43	4478.69	4468.11	4470.17	1656	0	31
2026.03.25	01:30:00	4470.14	4470.38	4455.99	4462.93	1792	0	29
2026.03.25	01:35:00	4462.93	4469.92	4462.32	4464.78	1328	0	32
2026.03.25	01:40:00	4464.78	4471.05	4464.50	4468.60	1199	0	32
2026.03.25	01:45:00	4468.60	4479.31	4466.89	4476.07	1532	0	32
2026.03.25	01:50:00	4476.07	4476.15	4469.14	4471.70	1266	0	31
2026.03.25	01:55:00	4471.67	4484.58	4470.70	4484.47	1383	0	30
2026.03.25	02:00:00	4484.49	4485.00	4472.54	4474.87	1464	0	29
2026.03.25	02:05:00	4474.84	4484.51	4474.72	4480.46	1293	0	30
2026.03.25	02:10:00	4480.25	4484.72	4479.62	4484.61	1187	0	29
2026.03.25	02:15:00	4484.61	4499.29	4483.35	4498.20	1586	0	29
2026.03.25	02:20:00	4498.22	4502.71	4495.85	4502.21	1579	0	29
2026.03.25	02:25:00	4502.24	4509.96	4499.71	4509.94	1625	0	29
2026.03.25	02:30:00	4509.95	4512.06	4505.17	4506.08	1606	0	29
2026.03.25	02:35:00	4506.09	4546.23	4504.47	4546.12	1914	0	29
2026.03.25	02:40:00	4546.11	4546.35	4531.79	4539.75	1770	0	29
2026.03.25	02:45:00	4539.72	4549.86	4532.26	4549.83	1762	0	29
2026.03.25	02:50:00	4549.84	4551.56	4536.26	4543.65	1710	0	29
2026.03.25	02:55:00	4543.70	4550.76	4542.53	4546.75	1713	0	29
2026.03.25	03:00:00	4546.76	4553.85	4537.51	4553.33	1949	0	29
2026.03.25	03:05:00	4553.37	4554.72	4541.28	4548.85	1775	0	29
2026.03.25	03:10:00	4548.83	4554.81	4548.19	4550.39	1683	0	29
2026.03.25	03:15:00	4550.34	4551.69	4538.60	4546.17	1840	0	29
2026.03.25	03:20:00	4546.11	4547.88	4540.64	4542.78	1681	0	29
2026.03.25	03:25:00	4542.80	4556.97	4541.94	4553.79	1661	0	29
2026.03.25	03:30:00	4553.77	4561.27	4546.80	4559.97	1778	0	29
2026.03.25	03:35:00	4559.94	4567.23	4559.56	4566.18	1622	0	29
2026.03.25	03:40:00	4566.55	4570.05	4565.19	4567.77	1545	0	29
2026.03.25	03:45:00	4567.77	4571.98	4563.43	4565.59	1552	0	29
2026.03.25	03:50:00	4565.59	4569.72	4561.84	4569.23	1565	0	29
2026.03.25	03:55:00	4569.25	4569.25	4561.97	4563.19	1509	0	29
2026.03.25	04:00:00	4563.12	4570.47	4552.34	4563.96	2161	0	29
2026.03.25	04:05:00	4563.71	4576.31	4563.41	4576.10	1791	0	29
2026.03.25	04:10:00	4576.10	4578.67	4569.78	4570.64	1756	0	29
2026.03.25	04:15:00	4570.56	4575.58	4567.96	4575.38	1811	0	29
2026.03.25	04:20:00	4575.37	4578.48	4571.63	4574.12	1690	0	29
2026.03.25	04:25:00	4574.12	4578.24	4572.57	4575.45	1806	0	29
2026.03.25	04:30:00	4575.39	4585.15	4574.12	4584.54	1755	0	29
2026.03.25	04:35:00	4584.55	4590.12	4583.86	4588.51	1686	0	29
2026.03.25	04:40:00	4588.57	4591.01	4584.20	4585.11	1757	0	29
2026.03.25	04:45:00	4584.97	4596.88	4583.66	4596.40	1662	0	29
2026.03.25	04:50:00	4596.13	4600.97	4593.72	4598.34	1661	0	29
2026.03.25	04:55:00	4598.35	4600.56	4594.33	4594.74	1727	0	29
2026.03.25	05:00:00	4594.80	4596.12	4585.71	4589.22	1881	0	29
2026.03.25	05:05:00	4589.09	4592.79	4581.70	4581.70	1758	0	30
2026.03.25	05:10:00	4581.79	4587.87	4579.99	4585.62	1780	0	29
2026.03.25	05:15:00	4585.64	4588.31	4584.63	4587.43	1333	0	29
2026.03.25	05:20:00	4587.36	4591.76	4584.97	4586.61	1413	0	29
2026.03.25	05:25:00	4586.60	4592.57	4585.42	4587.09	1353	0	29
2026.03.25	05:30:00	4587.08	4588.10	4581.28	4586.97	1724	0	29
2026.03.25	05:35:00	4587.00	4597.04	4585.86	4592.21	1615	0	29
2026.03.25	05:40:00	4592.29	4597.20	4590.92	4593.47	1533	0	29
2026.03.25	05:45:00	4593.53	4602.50	4589.77	4590.58	1733	0	29
2026.03.25	05:50:00	4590.55	4592.79	4584.09	4586.41	1639	0	29
2026.03.25	05:55:00	4586.48	4586.96	4581.79	4583.59	1490	0	29
2026.03.25	06:00:00	4583.60	4586.15	4573.63	4575.56	1494	0	29
2026.03.25	06:05:00	4575.59	4582.51	4574.22	4575.45	1573	0	29
2026.03.25	06:10:00	4575.45	4580.51	4573.38	4576.56	1583	0	30
2026.03.25	06:15:00	4576.56	4578.48	4571.87	4576.24	1509	0	29
2026.03.25	06:20:00	4576.24	4577.42	4572.86	4577.13	1506	0	31
2026.03.25	06:25:00	4577.12	4579.44	4575.08	4575.30	1364	0	29
2026.03.25	06:30:00	4575.28	4576.77	4571.00	4573.28	1383	0	29
2026.03.25	06:35:00	4573.28	4577.88	4571.70	4573.77	1233	0	29
2026.03.25	06:40:00	4573.78	4573.80	4569.67	4569.83	1110	0	29
2026.03.25	06:45:00	4569.81	4573.56	4568.13	4569.25	1229	0	29
2026.03.25	06:50:00	4569.27	4574.09	4567.64	4573.01	1161	0	29
2026.03.25	06:55:00	4573.02	4573.50	4567.71	4570.05	1052	0	29
2026.03.25	07:00:00	4570.06	4573.99	4565.62	4573.25	1219	0	29
2026.03.25	07:05:00	4573.25	4574.08	4568.32	4571.30	920	0	29
2026.03.25	07:10:00	4571.30	4573.98	4569.45	4573.69	972	0	29
2026.03.25	07:15:00	4573.69	4574.38	4572.98	4573.91	897	0	29
2026.03.25	07:20:00	4573.92	4574.50	4570.95	4572.48	1032	0	29
2026.03.25	07:25:00	4572.43	4574.28	4572.43	4574.09	856	0	29
2026.03.25	07:30:00	4574.10	4574.35	4571.09	4571.18	821	0	29
2026.03.25	07:35:00	4571.18	4574.25	4566.15	4571.83	1008	0	29
2026.03.25	07:40:00	4571.83	4573.16	4569.21	4569.47	850	0	29
2026.03.25	07:45:00	4569.45	4571.01	4568.00	4569.97	1071	0	29
2026.03.25	07:50:00	4569.99	4571.86	4569.43	4569.99	866	0	29
2026.03.25	07:55:00	4570.29	4573.85	4570.25	4572.42	873	0	29
2026.03.25	08:00:00	4572.79	4572.88	4567.46	4569.20	1030	0	29
2026.03.25	08:05:00	4569.20	4573.26	4566.73	4571.71	1054	0	29
2026.03.25	08:10:00	4571.73	4572.03	4568.34	4571.41	991	0	29
2026.03.25	08:15:00	4571.42	4571.59	4563.90	4564.52	1173	0	29
2026.03.25	08:20:00	4564.49	4565.25	4560.63	4562.96	1256	0	29
2026.03.25	08:25:00	4563.05	4563.05	4553.88	4554.61	1454	0	29
2026.03.25	08:30:00	4554.54	4558.82	4549.40	4553.08	1896	0	29
2026.03.25	08:35:00	4553.05	4559.88	4551.62	4559.01	1625	0	29
2026.03.25	08:40:00	4559.00	4566.85	4557.17	4566.70	1687	0	29
2026.03.25	08:45:00	4566.53	4566.83	4559.22	4559.24	1440	0	29
2026.03.25	08:50:00	4559.24	4564.63	4555.51	4559.06	1547	0	29
2026.03.25	08:55:00	4559.04	4559.04	4553.64	4555.64	1659	0	29
2026.03.25	09:00:00	4555.67	4556.79	4546.34	4550.29	1706	0	29
2026.03.25	09:05:00	4550.26	4551.75	4539.18	4540.70	1755	0	29
2026.03.25	09:10:00	4540.60	4546.94	4533.08	4534.51	1839	0	29
2026.03.25	09:15:00	4534.31	4550.01	4534.29	4549.27	1623	0	29
2026.03.25	09:20:00	4549.14	4552.63	4547.47	4551.20	1524	0	29
2026.03.25	09:25:00	4551.22	4552.27	4548.09	4550.39	1528	0	29
2026.03.25	09:30:00	4550.53	4556.80	4550.27	4553.60	1512	0	29
2026.03.25	09:35:00	4553.57	4553.68	4546.24	4546.46	1338	0	29
2026.03.25	09:40:00	4546.45	4548.87	4544.10	4546.77	1485	0	29
2026.03.25	09:45:00	4546.65	4550.58	4543.73	4547.57	1416	0	29
2026.03.25	09:50:00	4547.83	4550.13	4546.50	4547.91	1323	0	29
2026.03.25	09:55:00	4548.31	4549.58	4543.32	4545.47	1397	0	29
2026.03.25	10:00:00	4545.45	4550.38	4544.69	4548.71	1438	0	29
2026.03.25	10:05:00	4548.69	4552.26	4548.04	4550.98	1252	0	29
2026.03.25	10:10:00	4550.96	4558.99	4549.62	4556.77	1368	0	29
2026.03.25	10:15:00	4556.80	4562.33	4556.50	4562.15	1349	0	29
2026.03.25	10:20:00	4562.12	4563.15	4555.85	4556.95	1299	0	29
2026.03.25	10:25:00	4556.94	4562.60	4556.28	4560.98	1346	0	29
2026.03.25	10:30:00	4561.00	4561.01	4553.61	4554.94	1447	0	29
2026.03.25	10:35:00	4555.04	4555.04	4542.83	4546.82	1594	0	29
2026.03.25	10:40:00	4546.82	4552.45	4545.75	4546.92	1462	0	29
2026.03.25	10:45:00	4547.00	4550.07	4539.66	4544.86	1559	0	29
2026.03.25	10:50:00	4544.66	4546.27	4542.52	4544.80	1312	0	29
2026.03.25	10:55:00	4544.77	4545.15	4536.98	4539.44	1455	0	29
2026.03.25	11:00:00	4539.41	4549.61	4535.86	4545.68	1758	0	29
2026.03.25	11:05:00	4545.60	4554.98	4543.99	4551.67	1699	0	29
2026.03.25	11:10:00	4551.73	4559.12	4550.00	4558.45	1663	0	29
2026.03.25	11:15:00	4558.45	4564.54	4557.19	4563.41	1600	0	29
2026.03.25	11:20:00	4563.37	4567.62	4561.90	4562.43	1615	0	29
2026.03.25	11:25:00	4562.49	4567.09	4561.16	4565.51	1598	0	29
2026.03.25	11:30:00	4565.51	4567.21	4563.08	4566.28	1492	0	29
2026.03.25	11:35:00	4566.24	4566.24	4553.36	4563.41	1802	0	29
2026.03.25	11:40:00	4563.40	4567.30	4562.56	4565.19	1602	0	29
2026.03.25	11:45:00	4565.19	4566.96	4562.27	4564.96	1695	0	29
2026.03.25	11:50:00	4564.93	4567.07	4558.90	4559.09	1626	0	29
2026.03.25	11:55:00	4559.08	4561.36	4555.03	4556.07	1566	0	29
2026.03.25	12:00:00	4556.01	4565.14	4554.29	4563.04	1536	0	29
2026.03.25	12:05:00	4563.07	4567.56	4560.57	4562.46	1551	0	29
2026.03.25	12:10:00	4562.39	4565.96	4558.93	4562.11	1406	0	29
2026.03.25	12:15:00	4562.11	4565.40	4561.61	4563.66	1400	0	29
2026.03.25	12:20:00	4563.65	4565.99	4554.86	4555.79	1443	0	29
2026.03.25	12:25:00	4555.78	4560.60	4554.70	4558.49	1487	0	29
2026.03.25	12:30:00	4558.34	4560.24	4555.46	4556.36	1399	0	29
2026.03.25	12:35:00	4556.37	4559.32	4550.86	4555.36	1646	0	29
2026.03.25	12:40:00	4555.37	4557.78	4549.34	4550.66	1525	0	29
2026.03.25	12:45:00	4550.60	4551.33	4527.81	4537.94	1884	0	29
2026.03.25	12:50:00	4537.90	4548.37	4537.43	4548.29	1688	0	29
2026.03.25	12:55:00	4548.28	4555.45	4545.17	4551.79	1695	0	29
2026.03.25	13:00:00	4551.82	4560.84	4551.23	4558.95	1747	0	29
2026.03.25	13:05:00	4558.95	4559.95	4556.51	4557.02	1402	0	29
2026.03.25	13:10:00	4557.03	4558.66	4553.84	4555.07	1379	0	29
2026.03.25	13:15:00	4555.06	4557.99	4551.56	4556.50	1332	0	29
2026.03.25	13:20:00	4556.50	4558.15	4553.27	4553.85	1273	0	29
2026.03.25	13:25:00	4553.85	4557.97	4553.03	4555.27	1374	0	29
2026.03.25	13:30:00	4555.10	4557.14	4552.91	4553.54	1407	0	29
2026.03.25	13:35:00	4553.49	4558.87	4551.12	4556.15	1350	0	29
2026.03.25	13:40:00	4556.15	4558.16	4551.57	4552.26	1324	0	29
2026.03.25	13:45:00	4552.23	4557.74	4551.77	4557.43	1329	0	29
2026.03.25	13:50:00	4557.42	4562.35	4556.62	4561.30	1353	0	29
2026.03.25	13:55:00	4561.32	4561.56	4558.00	4558.74	1111	0	29
2026.03.25	14:00:00	4558.79	4566.08	4556.09	4566.08	1207	0	29
2026.03.25	14:05:00	4566.05	4568.90	4565.93	4567.72	1385	0	29
2026.03.25	14:10:00	4567.75	4568.77	4562.22	4567.57	1375	0	29
2026.03.25	14:15:00	4567.73	4568.63	4564.32	4567.47	1138	0	29
2026.03.25	14:20:00	4567.48	4582.81	4566.44	4581.97	1515	0	29
2026.03.25	14:25:00	4581.97	4582.69	4576.88	4579.76	1444	0	29
2026.03.25	14:30:00	4579.77	4584.51	4579.77	4582.71	1427	0	29
2026.03.25	14:35:00	4582.71	4585.34	4581.60	4583.14	1312	0	29
2026.03.25	14:40:00	4583.09	4584.74	4581.20	4583.49	1340	0	29
2026.03.25	14:45:00	4583.48	4583.76	4573.28	4577.36	1654	0	29
2026.03.25	14:50:00	4577.35	4578.33	4572.43	4577.48	1743	0	29
2026.03.25	14:55:00	4577.48	4579.39	4575.52	4578.77	1501	0	29
2026.03.25	15:00:00	4578.64	4583.38	4578.36	4578.40	1645	0	29
2026.03.25	15:05:00	4578.35	4583.60	4572.84	4580.90	1618	0	29
2026.03.25	15:10:00	4580.77	4583.40	4577.20	4577.62	1597	0	29
2026.03.25	15:15:00	4577.65	4579.03	4562.54	4562.79	2015	0	29
2026.03.25	15:20:00	4562.85	4568.14	4553.00	4556.21	2072	0	29
2026.03.25	15:25:00	4556.22	4560.34	4540.14	4545.08	2026	0	29
2026.03.25	15:30:00	4545.07	4547.94	4522.10	4537.87	2046	0	29
2026.03.25	15:35:00	4537.98	4554.56	4537.98	4553.72	1940	0	29
2026.03.25	15:40:00	4553.65	4554.14	4547.21	4547.34	1784	0	29
2026.03.25	15:45:00	4547.24	4547.25	4536.10	4543.69	1920	0	29
2026.03.25	15:50:00	4543.64	4547.89	4539.53	4546.71	1692	0	29
2026.03.25	15:55:00	4546.79	4552.20	4543.85	4543.96	1761	0	29
2026.03.25	16:00:00	4543.94	4571.12	4541.51	4567.68	2113	0	29
2026.03.25	16:05:00	4567.67	4568.43	4559.49	4561.08	1825	0	29
2026.03.25	16:10:00	4561.08	4565.55	4557.21	4559.25	1807	0	29
2026.03.25	16:15:00	4559.29	4563.46	4555.24	4559.95	1726	0	29
2026.03.25	16:20:00	4559.97	4561.52	4551.48	4558.50	1729	0	29
2026.03.25	16:25:00	4558.52	4570.49	4557.07	4568.86	1784	0	29
2026.03.25	16:30:00	4569.19	4576.27	4562.33	4568.43	2137	0	29
2026.03.25	16:35:00	4568.94	4570.63	4557.70	4558.06	2110	0	29
2026.03.25	16:40:00	4558.49	4569.81	4556.61	4561.18	2126	0	29
2026.03.25	16:45:00	4561.19	4563.67	4551.42	4551.98	2124	0	29
2026.03.25	16:50:00	4552.01	4552.03	4541.20	4546.43	2114	0	29
2026.03.25	16:55:00	4546.74	4553.37	4540.97	4544.68	2119	0	29
2026.03.25	17:00:00	4544.90	4550.10	4533.12	4545.38	2139	0	29
2026.03.25	17:05:00	4545.44	4551.84	4539.93	4551.32	2119	0	29
2026.03.25	17:10:00	4551.11	4554.97	4548.35	4553.35	2045	0	29
2026.03.25	17:15:00	4553.45	4562.26	4553.26	4556.86	1959	0	29
2026.03.25	17:20:00	4557.16	4559.69	4546.11	4547.81	1999	0	29
2026.03.25	17:25:00	4548.34	4562.67	4547.19	4562.67	2135	0	29
2026.03.25	17:30:00	4562.74	4566.45	4557.55	4565.64	2010	0	29
2026.03.25	17:35:00	4565.71	4566.63	4561.69	4564.65	2012	0	29
2026.03.25	17:40:00	4564.91	4569.08	4561.80	4565.52	2010	0	29
2026.03.25	17:45:00	4565.52	4574.23	4565.52	4572.69	1915	0	29
2026.03.25	17:50:00	4572.67	4579.25	4567.13	4568.06	1861	0	29
2026.03.25	17:55:00	4568.04	4570.07	4563.78	4567.08	1875	0	29
2026.03.25	18:00:00	4567.15	4568.83	4561.97	4564.36	1980	0	29
2026.03.25	18:05:00	4564.37	4565.31	4549.69	4549.80	1985	0	29
2026.03.25	18:10:00	4549.81	4555.95	4549.79	4549.84	1992	0	29
2026.03.25	18:15:00	4549.87	4551.56	4525.06	4546.30	2157	0	29
2026.03.25	18:20:00	4546.33	4561.66	4545.84	4556.36	2070	0	29
2026.03.25	18:25:00	4556.55	4560.66	4552.91	4560.66	1971	0	29
2026.03.25	18:30:00	4560.64	4564.92	4560.64	4562.66	1803	0	29
2026.03.25	18:35:00	4562.64	4564.77	4558.27	4558.38	1789	0	29
2026.03.25	18:40:00	4558.38	4560.89	4555.29	4557.02	1775	0	29
2026.03.25	18:45:00	4557.08	4558.39	4553.52	4557.16	1897	0	29
2026.03.25	18:50:00	4557.14	4562.92	4557.13	4561.85	1913	0	29
2026.03.25	18:55:00	4561.83	4565.72	4558.83	4558.95	1897	0	29
2026.03.25	19:00:00	4558.97	4564.80	4557.05	4558.77	2017	0	29
2026.03.25	19:05:00	4558.76	4562.09	4553.27	4560.37	1973	0	29
2026.03.25	19:10:00	4560.35	4561.03	4552.56	4553.72	1831	0	29
2026.03.25	19:15:00	4553.81	4555.14	4546.19	4549.41	1861	0	29
2026.03.25	19:20:00	4549.60	4555.97	4545.27	4555.97	1947	0	29
2026.03.25	19:25:00	4555.97	4560.40	4552.78	4555.33	2046	0	29
2026.03.25	19:30:00	4555.58	4556.81	4551.33	4552.92	1837	0	29
2026.03.25	19:35:00	4553.05	4560.27	4551.33	4559.38	1828	0	29
2026.03.25	19:40:00	4559.38	4560.86	4554.35	4555.97	1843	0	29
2026.03.25	19:45:00	4555.96	4556.17	4551.16	4552.13	1781	0	29
2026.03.25	19:50:00	4552.03	4559.13	4549.85	4558.11	1752	0	29
2026.03.25	19:55:00	4557.95	4558.39	4555.05	4555.32	1722	0	29
2026.03.25	20:00:00	4555.17	4557.79	4550.94	4553.32	1712	0	29
2026.03.25	20:05:00	4553.20	4553.92	4545.43	4546.08	1823	0	29
2026.03.25	20:10:00	4545.70	4554.12	4543.43	4551.13	1774	0	29
2026.03.25	20:15:00	4551.30	4552.12	4542.80	4545.98	1585	0	29
2026.03.25	20:20:00	4546.02	4555.92	4545.70	4551.76	1714	0	29
2026.03.25	20:25:00	4551.81	4558.28	4551.48	4553.35	1716	0	29
2026.03.25	20:30:00	4553.72	4563.24	4550.30	4562.60	1720	0	29
2026.03.25	20:35:00	4562.71	4563.95	4560.31	4561.70	1624	0	29
2026.03.25	20:40:00	4561.68	4561.76	4557.46	4560.50	1644	0	29
2026.03.25	20:45:00	4560.47	4561.99	4557.91	4559.00	1623	0	29
2026.03.25	20:50:00	4559.00	4559.00	4546.90	4547.89	1671	0	29
2026.03.25	20:55:00	4547.71	4554.90	4545.72	4550.70	1714	0	29
2026.03.25	21:00:00	4550.69	4568.95	4545.49	4552.20	1995	0	29
2026.03.25	21:05:00	4552.36	4560.49	4551.28	4551.97	1728	0	29
2026.03.25	21:10:00	4551.69	4553.24	4547.94	4551.37	1714	0	29
2026.03.25	21:15:00	4551.38	4552.05	4546.49	4549.00	1750	0	29
2026.03.25	21:20:00	4548.99	4555.34	4548.91	4555.32	1708	0	29
2026.03.25	21:25:00	4555.33	4556.53	4551.32	4551.91	1687	0	29
2026.03.25	21:30:00	4551.91	4557.75	4551.80	4556.58	1612	0	29
2026.03.25	21:35:00	4556.58	4557.26	4549.64	4549.91	1498	0	29
2026.03.25	21:40:00	4550.13	4550.63	4546.91	4549.16	1567	0	29
2026.03.25	21:45:00	4549.25	4549.55	4542.87	4543.89	1569	0	29
2026.03.25	21:50:00	4544.61	4545.59	4538.80	4541.64	1550	0	29
2026.03.25	21:55:00	4541.66	4541.79	4531.00	4538.23	1922	0	29
2026.03.25	22:00:00	4538.26	4539.49	4529.79	4533.39	1888	0	29
2026.03.25	22:05:00	4533.42	4535.65	4502.58	4503.56	1803	0	29
2026.03.25	22:10:00	4503.56	4509.97	4486.99	4509.10	2117	0	29
2026.03.25	22:15:00	4509.04	4516.09	4502.92	4510.02	1986	0	29
2026.03.25	22:20:00	4510.06	4514.44	4505.31	4514.00	1901	0	29
2026.03.25	22:25:00	4513.96	4518.50	4510.72	4513.19	1838	0	29
2026.03.25	22:30:00	4513.05	4518.40	4512.12	4516.31	1732	0	29
2026.03.25	22:35:00	4516.32	4517.77	4506.33	4511.87	1775	0	29
2026.03.25	22:40:00	4511.88	4527.03	4511.20	4522.50	1695	0	29
2026.03.25	22:45:00	4522.43	4523.80	4513.77	4514.82	1679	0	29
2026.03.25	22:50:00	4515.03	4520.29	4514.06	4518.29	1860	0	29
2026.03.25	22:55:00	4518.30	4533.73	4517.69	4530.95	1822	0	29
2026.03.25	23:00:00	4530.81	4542.04	4529.96	4535.50	1630	0	29
2026.03.25	23:05:00	4535.49	4536.77	4526.65	4527.08	1197	0	29
2026.03.25	23:10:00	4527.76	4529.86	4522.94	4529.32	1165	0	29
2026.03.25	23:15:00	4529.31	4534.08	4529.28	4530.86	928	0	29
2026.03.25	23:20:00	4530.83	4530.94	4522.22	4523.96	1075	0	29
2026.03.25	23:25:00	4523.96	4526.24	4522.51	4523.49	948	0	29
2026.03.25	23:30:00	4523.48	4524.82	4519.31	4520.90	964	0	29
2026.03.25	23:35:00	4520.88	4520.98	4503.12	4503.80	1528	0	29
2026.03.25	23:40:00	4503.76	4506.50	4494.72	4504.62	1528	0	29
2026.03.25	23:45:00	4504.60	4506.89	4502.01	4505.97	1048	0	29
2026.03.25	23:50:00	4505.97	4507.32	4501.73	4504.14	872	0	29
2026.03.25	23:55:00	4504.15	4507.38	4502.88	4505.66	677	0	31
2026.03.26	01:00:00	4510.70	4524.81	4510.70	4521.17	1506	0	29
2026.03.26	01:05:00	4521.26	4531.92	4508.93	4509.35	1613	0	29
2026.03.26	01:10:00	4509.41	4517.17	4509.13	4512.47	1405	0	29
2026.03.26	01:15:00	4512.48	4513.75	4505.56	4507.99	1216	0	29
2026.03.26	01:20:00	4507.99	4517.24	4507.18	4517.04	1278	0	29
2026.03.26	01:25:00	4517.04	4519.76	4509.51	4511.66	1061	0	29
2026.03.26	01:30:00	4511.65	4520.33	4508.24	4520.08	1089	0	29
2026.03.26	01:35:00	4520.20	4526.56	4516.99	4525.90	1176	0	29
2026.03.26	01:40:00	4525.87	4534.50	4522.32	4531.94	1221	0	29
2026.03.26	01:45:00	4531.99	4533.02	4517.50	4518.45	1296	0	32
2026.03.26	01:50:00	4518.23	4524.59	4515.47	4516.61	1351	0	31
2026.03.26	01:55:00	4516.61	4519.90	4512.25	4517.52	1250	0	30
2026.03.26	02:00:00	4517.53	4518.08	4503.54	4504.50	1342	0	29
2026.03.26	02:05:00	4504.31	4513.37	4497.95	4507.44	1497	0	31
2026.03.26	02:10:00	4507.43	4514.36	4506.21	4508.89	1135	0	31
2026.03.26	02:15:00	4508.88	4512.90	4506.33	4506.72	1232	0	31
2026.03.26	02:20:00	4506.72	4506.83	4498.54	4503.18	1330	0	30
2026.03.26	02:25:00	4503.18	4506.03	4497.05	4505.44	1235	0	31
2026.03.26	02:30:00	4505.44	4510.96	4503.98	4505.98	1083	0	29
2026.03.26	02:35:00	4505.97	4506.15	4489.84	4493.96	1395	0	29
2026.03.26	02:40:00	4493.93	4497.91	4488.95	4494.73	1304	0	29
2026.03.26	02:45:00	4494.78	4498.39	4491.38	4492.33	1296	0	29
2026.03.26	02:50:00	4492.34	4498.28	4491.51	4495.59	1279	0	29
2026.03.26	02:55:00	4495.59	4499.82	4494.63	4498.21	1136	0	29
2026.03.26	03:00:00	4498.22	4513.37	4498.10	4510.01	1537	0	29
2026.03.26	03:05:00	4510.03	4520.67	4508.26	4514.15	1645	0	30
2026.03.26	03:10:00	4514.07	4527.71	4508.82	4527.61	1778	0	30
2026.03.26	03:15:00	4527.62	4535.51	4524.23	4527.48	1799	0	30
2026.03.26	03:20:00	4527.48	4532.05	4524.90	4526.59	1490	0	31
2026.03.26	03:25:00	4526.96	4530.17	4524.16	4525.37	1331	0	29
2026.03.26	03:30:00	4525.37	4531.88	4524.77	4525.05	1362	0	29
2026.03.26	03:35:00	4525.06	4529.85	4524.59	4526.63	1214	0	29
2026.03.26	03:40:00	4526.66	4532.69	4526.66	4527.90	1205	0	29
2026.03.26	03:45:00	4527.90	4536.63	4527.32	4534.98	1327	0	29
2026.03.26	03:50:00	4535.01	4539.24	4527.85	4528.22	1636	0	29
2026.03.26	03:55:00	4528.19	4536.12	4527.89	4535.73	1482	0	31
2026.03.26	04:00:00	4535.72	4544.33	4531.33	4538.22	1994	0	29
2026.03.26	04:05:00	4538.24	4540.77	4534.01	4538.82	1760	0	29
2026.03.26	04:10:00	4538.96	4540.13	4533.60	4538.38	1650	0	29
2026.03.26	04:15:00	4538.42	4538.60	4526.90	4530.12	1822	0	29
2026.03.26	04:20:00	4530.11	4537.28	4529.24	4531.51	1548	0	30
2026.03.26	04:25:00	4531.60	4536.59	4529.16	4534.51	1685	0	29
2026.03.26	04:30:00	4534.52	4537.83	4529.15	4530.60	1717	0	29
2026.03.26	04:35:00	4530.59	4533.25	4526.15	4530.64	1709	0	31
2026.03.26	04:40:00	4530.69	4536.32	4527.75	4530.26	1611	0	31
2026.03.26	04:45:00	4530.23	4531.86	4523.80	4524.80	1638	0	31
2026.03.26	04:50:00	4524.56	4534.72	4522.54	4530.23	1645	0	30
2026.03.26	04:55:00	4530.24	4536.05	4528.91	4535.64	1598	0	29
2026.03.26	05:00:00	4535.66	4535.76	4527.56	4533.54	1601	0	29
2026.03.26	05:05:00	4533.49	4534.14	4528.31	4529.43	1600	0	29
2026.03.26	05:10:00	4529.45	4534.06	4528.91	4531.16	1457	0	29
2026.03.26	05:15:00	4531.16	4533.08	4525.16	4528.25	1395	0	29
2026.03.26	05:20:00	4528.25	4531.29	4524.92	4525.17	1374	0	31
2026.03.26	05:25:00	4525.23	4529.65	4525.23	4528.16	1364	0	29
2026.03.26	05:30:00	4528.15	4530.56	4520.11	4523.56	1625	0	29
2026.03.26	05:35:00	4523.55	4524.12	4511.89	4514.33	1815	0	29
2026.03.26	05:40:00	4514.33	4520.85	4514.00	4519.41	1536	0	29
2026.03.26	05:45:00	4519.39	4520.94	4515.08	4516.47	1605	0	29
2026.03.26	05:50:00	4516.50	4517.76	4512.29	4515.42	1326	0	29
2026.03.26	05:55:00	4515.42	4515.79	4505.72	4508.88	1563	0	29
2026.03.26	06:00:00	4508.89	4509.80	4501.94	4504.85	1649	0	29
2026.03.26	06:05:00	4504.85	4509.76	4504.08	4504.12	1483	0	29
2026.03.26	06:10:00	4504.12	4511.77	4503.14	4511.28	1503	0	29
2026.03.26	06:15:00	4511.27	4513.72	4505.79	4507.42	1587	0	29
2026.03.26	06:20:00	4507.44	4507.90	4499.96	4504.31	1453	0	29
2026.03.26	06:25:00	4504.30	4509.15	4503.83	4506.50	1517	0	31
2026.03.26	06:30:00	4506.55	4516.71	4506.33	4516.18	1377	0	29
2026.03.26	06:35:00	4516.16	4518.25	4515.01	4517.49	1302	0	31
2026.03.26	06:40:00	4517.38	4518.84	4515.03	4515.64	1199	0	29
2026.03.26	06:45:00	4515.62	4516.08	4513.92	4515.28	995	0	29
2026.03.26	06:50:00	4515.28	4515.28	4510.41	4510.74	1138	0	29
2026.03.26	06:55:00	4510.75	4516.86	4510.39	4516.58	1030	0	30
2026.03.26	07:00:00	4516.76	4517.62	4512.64	4513.02	1169	0	29
2026.03.26	07:05:00	4513.02	4517.19	4511.55	4517.06	946	0	29
2026.03.26	07:10:00	4517.08	4518.92	4516.46	4518.41	970	0	31
2026.03.26	07:15:00	4518.41	4519.70	4516.75	4517.10	807	0	29
2026.03.26	07:20:00	4517.11	4520.23	4516.21	4518.58	987	0	29
2026.03.26	07:25:00	4518.58	4521.96	4518.58	4520.75	927	0	29
2026.03.26	07:30:00	4520.74	4522.32	4519.20	4519.80	845	0	29
2026.03.26	07:35:00	4519.78	4519.95	4517.38	4517.40	780	0	29
2026.03.26	07:40:00	4517.40	4519.57	4516.47	4517.90	964	0	29
2026.03.26	07:45:00	4517.85	4524.23	4517.78	4521.98	974	0	29
2026.03.26	07:50:00	4522.06	4522.33	4519.17	4520.35	1105	0	29
2026.03.26	07:55:00	4520.34	4521.49	4519.46	4520.44	1007	0	29
2026.03.26	08:00:00	4520.44	4522.21	4517.99	4518.27	1084	0	29
2026.03.26	08:05:00	4518.42	4518.73	4511.70	4511.89	1228	0	29
2026.03.26	08:10:00	4511.85	4512.55	4507.66	4508.67	1396	0	29
2026.03.26	08:15:00	4508.66	4510.44	4506.02	4510.44	1173	0	30
2026.03.26	08:20:00	4510.61	4511.25	4501.64	4505.02	1234	0	29
2026.03.26	08:25:00	4505.07	4505.25	4489.01	4493.58	1685	0	29
2026.03.26	08:30:00	4493.53	4494.03	4480.15	4493.81	1998	0	29
2026.03.26	08:35:00	4493.81	4495.68	4485.71	4490.06	1766	0	29
2026.03.26	08:40:00	4490.03	4495.10	4483.02	4483.02	1748	0	29
2026.03.26	08:45:00	4482.98	4484.15	4467.92	4473.23	1906	0	29
2026.03.26	08:50:00	4473.05	4476.14	4459.98	4462.24	1898	0	29
2026.03.26	08:55:00	4462.24	4463.18	4438.98	4439.11	2024	0	29
2026.03.26	09:00:00	4439.16	4450.61	4428.01	4441.94	2034	0	29
2026.03.26	09:05:00	4441.94	4443.51	4423.62	4438.17	1994	0	29
2026.03.26	09:10:00	4438.17	4442.07	4418.42	4420.93	2044	0	29
2026.03.26	09:15:00	4421.78	4435.24	4415.77	4430.15	2028	0	29
2026.03.26	09:20:00	4430.11	4436.05	4428.51	4431.98	1819	0	29
2026.03.26	09:25:00	4432.07	4441.35	4427.76	4440.24	1884	0	29
2026.03.26	09:30:00	4439.74	4440.47	4435.46	4436.87	1721	0	29
2026.03.26	09:35:00	4436.84	4444.00	4430.58	4442.91	1735	0	29
2026.03.26	09:40:00	4442.90	4447.53	4439.49	4447.28	1741	0	29
2026.03.26	09:45:00	4447.61	4457.22	4446.07	4449.23	1821	0	29
2026.03.26	09:50:00	4449.24	4455.64	4444.13	4453.91	1683	0	29
2026.03.26	09:55:00	4453.91	4459.29	4451.92	4456.27	1654	0	29
2026.03.26	10:00:00	4456.30	4460.25	4451.50	4455.39	1654	0	29
2026.03.26	10:05:00	4455.39	4455.43	4444.80	4450.61	1779	0	29
2026.03.26	10:10:00	4450.56	4451.00	4443.06	4447.69	1558	0	29
2026.03.26	10:15:00	4447.69	4449.55	4444.44	4448.22	1461	0	29
2026.03.26	10:20:00	4448.21	4451.90	4439.02	4446.90	1767	0	29
2026.03.26	10:25:00	4446.87	4449.22	4443.02	4448.58	1432	0	29
2026.03.26	10:30:00	4448.55	4459.91	4447.69	4457.38	1557	0	29
2026.03.26	10:35:00	4457.37	4459.06	4448.95	4458.31	1436	0	29
2026.03.26	10:40:00	4458.28	4463.86	4452.19	4460.40	1538	0	29
2026.03.26	10:45:00	4460.38	4463.03	4453.68	4458.59	1469	0	29
2026.03.26	10:50:00	4458.59	4459.96	4452.18	4453.79	1434	0	29
2026.03.26	10:55:00	4453.55	4458.17	4450.42	4452.60	1618	0	29
2026.03.26	11:00:00	4452.40	4459.15	4449.61	4454.53	1933	0	29
2026.03.26	11:05:00	4454.56	4457.14	4449.89	4452.77	1772	0	29
2026.03.26	11:10:00	4452.56	4457.31	4440.31	4445.27	1817	0	29
2026.03.26	11:15:00	4445.28	4447.32	4434.21	4445.35	1855	0	29
2026.03.26	11:20:00	4445.26	4446.58	4430.19	4431.84	1691	0	29
2026.03.26	11:25:00	4432.05	4441.38	4425.26	4428.26	1958	0	29
2026.03.26	11:30:00	4428.26	4438.24	4425.04	4438.13	1872	0	29
2026.03.26	11:35:00	4438.14	4438.14	4427.12	4433.71	1775	0	29
2026.03.26	11:40:00	4433.64	4437.35	4412.85	4419.68	1908	0	29
2026.03.26	11:45:00	4419.78	4432.67	4418.50	4424.15	1829	0	29
2026.03.26	11:50:00	4423.97	4437.28	4423.97	4436.61	1798	0	29
2026.03.26	11:55:00	4436.60	4440.06	4427.33	4427.88	1742	0	29
2026.03.26	12:00:00	4427.81	4434.69	4422.47	4423.30	1819	0	29
2026.03.26	12:05:00	4423.29	4433.12	4418.25	4427.63	1758	0	29
2026.03.26	12:10:00	4427.67	4432.50	4423.87	4430.84	1677	0	29
2026.03.26	12:15:00	4430.84	4431.61	4425.23	4427.73	1648	0	29
2026.03.26	12:20:00	4427.76	4436.89	4426.70	4430.97	1625	0	29
2026.03.26	12:25:00	4430.92	4432.53	4427.67	4432.35	1594	0	29
2026.03.26	12:30:00	4432.29	4432.29	4414.58	4422.46	1892	0	29
2026.03.26	12:35:00	4422.50	4427.94	4417.67	4427.94	1847	0	29
2026.03.26	12:40:00	4427.93	4431.50	4424.01	4424.06	1671	0	29
2026.03.26	12:45:00	4424.05	4426.36	4418.34	4419.17	1597	0	29
2026.03.26	12:50:00	4419.18	4427.34	4416.92	4425.34	1660	0	29
2026.03.26	12:55:00	4425.29	4427.85	4419.90	4423.49	1534	0	29
2026.03.26	13:00:00	4423.50	4425.13	4417.02	4421.05	1628	0	29
2026.03.26	13:05:00	4420.98	4428.78	4418.21	4422.32	1638	0	29
2026.03.26	13:10:00	4422.33	4426.07	4421.41	4425.03	1520	0	29
2026.03.26	13:15:00	4425.04	4436.10	4424.63	4434.60	1585	0	29
2026.03.26	13:20:00	4434.44	4443.72	4431.61	4441.29	1550	0	29
2026.03.26	13:25:00	4441.30	4448.05	4439.35	4441.76	1494	0	29
2026.03.26	13:30:00	4441.79	4443.77	4437.59	4439.54	1491	0	29
2026.03.26	13:35:00	4439.54	4444.33	4429.78	4430.91	1478	0	29
2026.03.26	13:40:00	4431.01	4437.24	4423.32	4428.58	1808	0	29
2026.03.26	13:45:00	4428.51	4441.04	4425.28	4441.04	1665	0	29
2026.03.26	13:50:00	4440.97	4447.40	4437.69	4439.70	1626	0	29
2026.03.26	13:55:00	4439.74	4446.89	4438.37	4443.71	1586	0	29
2026.03.26	14:00:00	4443.70	4448.54	4440.23	4445.87	1722	0	29
2026.03.26	14:05:00	4445.86	4446.74	4441.30	4442.32	1399	0	29
2026.03.26	14:10:00	4442.35	4444.72	4440.34	4441.87	1399	0	29
2026.03.26	14:15:00	4441.91	4448.90	4439.48	4447.43	1429	0	29
2026.03.26	14:20:00	4447.25	4456.64	4445.92	4447.61	1505	0	29
2026.03.26	14:25:00	4447.50	4448.59	4440.80	4443.38	1639	0	29
2026.03.26	14:30:00	4443.36	4451.01	4442.24	4448.28	1607	0	29
2026.03.26	14:35:00	4448.27	4449.57	4444.84	4449.26	1360	0	29
2026.03.26	14:40:00	4449.25	4451.85	4438.07	4440.73	1620	0	29
2026.03.26	14:45:00	4440.74	4442.58	4425.59	4426.18	1751	0	29
2026.03.26	14:50:00	4426.33	4428.54	4420.77	4427.41	1821	0	29
2026.03.26	14:55:00	4427.46	4432.48	4418.98	4422.96	1707	0	29
2026.03.26	15:00:00	4422.98	4428.24	4416.57	4425.48	1839	0	29
2026.03.26	15:05:00	4425.48	4440.00	4422.79	4439.73	1867	0	29
2026.03.26	15:10:00	4439.75	4445.66	4438.19	4442.02	1838	0	29
2026.03.26	15:15:00	4442.02	4445.33	4434.04	4436.48	1718	0	29
2026.03.26	15:20:00	4436.14	4441.32	4433.71	4438.25	1672	0	29
2026.03.26	15:25:00	4437.93	4442.99	4435.02	4437.77	1428	0	29
2026.03.26	15:30:00	4437.70	4444.22	4432.06	4435.65	1840	0	29
2026.03.26	15:35:00	4435.46	4444.52	4433.15	4444.52	1816	0	29
2026.03.26	15:40:00	4444.63	4444.76	4435.54	4436.01	1666	0	29
2026.03.26	15:45:00	4436.52	4443.09	4432.54	4435.41	1684	0	29
2026.03.26	15:50:00	4434.50	4438.13	4432.06	4432.66	1638	0	29
2026.03.26	15:55:00	4432.66	4434.32	4428.39	4429.57	1761	0	29
2026.03.26	16:00:00	4429.06	4439.37	4420.31	4437.74	2071	0	29
2026.03.26	16:05:00	4437.75	4441.58	4435.56	4439.96	1914	0	29
2026.03.26	16:10:00	4439.95	4445.40	4437.75	4438.40	1802	0	29
2026.03.26	16:15:00	4438.40	4442.46	4434.45	4440.51	1659	0	29
2026.03.26	16:20:00	4440.54	4453.73	4439.76	4450.49	1720	0	29
2026.03.26	16:25:00	4450.69	4452.04	4443.82	4448.23	1788	0	29
2026.03.26	16:30:00	4448.06	4451.33	4435.05	4442.63	2144	0	29
2026.03.26	16:35:00	4442.63	4446.88	4434.25	4434.51	2099	0	29
2026.03.26	16:40:00	4434.54	4453.63	4429.27	4453.63	2161	0	29
2026.03.26	16:45:00	4453.64	4460.38	4450.12	4452.20	2115	0	29
2026.03.26	16:50:00	4452.25	4459.97	4448.98	4456.39	2120	0	29
2026.03.26	16:55:00	4456.52	4456.95	4436.89	4452.83	2100	0	29
2026.03.26	17:00:00	4452.80	4456.31	4445.78	4449.97	2119	0	29
2026.03.26	17:05:00	4449.96	4450.23	4442.92	4447.13	2095	0	29
2026.03.26	17:10:00	4447.01	4449.07	4437.33	4446.47	2066	0	29
2026.03.26	17:15:00	4446.53	4460.49	4444.23	4455.21	2031	0	29
2026.03.26	17:20:00	4455.17	4469.68	4452.15	4459.12	2034	0	29
2026.03.26	17:25:00	4458.71	4465.72	4450.96	4459.09	2011	0	29
2026.03.26	17:30:00	4458.85	4475.37	4458.30	4475.00	2019	0	29
2026.03.26	17:35:00	4474.99	4478.81	4463.43	4468.67	2083	0	29
2026.03.26	17:40:00	4468.65	4479.23	4458.80	4460.44	2208	0	29
2026.03.26	17:45:00	4460.23	4469.44	4457.11	4461.69	2163	0	29
2026.03.26	17:50:00	4461.67	4468.35	4448.94	4449.39	2121	0	29
2026.03.26	17:55:00	4449.36	4467.57	4446.04	4464.97	2087	0	29
2026.03.26	18:00:00	4465.02	4468.98	4458.34	4459.56	2030	0	29
2026.03.26	18:05:00	4459.50	4463.53	4450.96	4454.44	2047	0	29
2026.03.26	18:10:00	4454.43	4461.12	4454.26	4455.66	1897	0	29
2026.03.26	18:15:00	4455.63	4458.39	4449.04	4455.56	2021	0	29
2026.03.26	18:20:00	4455.51	4457.64	4449.58	4453.64	1965	0	29
2026.03.26	18:25:00	4453.70	4458.46	4450.70	4454.54	1829	0	29
2026.03.26	18:30:00	4454.32	4454.32	4438.39	4442.52	2022	0	29
2026.03.26	18:35:00	4443.03	4446.03	4436.86	4440.10	1875	0	29
2026.03.26	18:40:00	4440.23	4444.08	4438.01	4440.09	1891	0	29
2026.03.26	18:45:00	4440.09	4446.60	4439.14	4443.49	2012	0	29
2026.03.26	18:50:00	4443.49	4446.64	4442.26	4445.55	1895	0	29
2026.03.26	18:55:00	4445.50	4445.69	4434.06	4438.26	1934	0	29
2026.03.26	19:00:00	4438.23	4438.75	4425.89	4436.77	1891	0	29
2026.03.26	19:05:00	4436.77	4442.02	4434.51	4439.50	1743	0	29
2026.03.26	19:10:00	4439.48	4442.63	4434.60	4439.88	1682	0	29
2026.03.26	19:15:00	4439.74	4439.79	4421.29	4426.68	2011	0	29
2026.03.26	19:20:00	4426.69	4428.53	4390.02	4400.72	2109	0	29
2026.03.26	19:25:00	4400.73	4400.98	4387.16	4396.48	2072	0	29
2026.03.26	19:30:00	4396.29	4396.29	4376.34	4392.95	2138	0	29
2026.03.26	19:35:00	4392.88	4393.37	4367.05	4375.79	2114	0	29
2026.03.26	19:40:00	4375.78	4387.50	4374.00	4381.34	2096	0	29
2026.03.26	19:45:00	4381.18	4390.25	4378.86	4385.75	2019	0	29
2026.03.26	19:50:00	4385.74	4390.24	4380.62	4389.07	2005	0	29
2026.03.26	19:55:00	4388.73	4392.40	4387.12	4389.22	1908	0	29
2026.03.26	20:00:00	4389.13	4397.28	4384.97	4391.15	1969	0	29
2026.03.26	20:05:00	4391.07	4402.50	4390.77	4398.20	1977	0	29
2026.03.26	20:10:00	4398.20	4399.25	4388.91	4394.75	1912	0	29
2026.03.26	20:15:00	4394.63	4396.95	4386.03	4395.98	1908	0	29
2026.03.26	20:20:00	4395.90	4397.29	4384.30	4386.41	2011	0	29
2026.03.26	20:25:00	4386.31	4386.31	4377.24	4383.28	2058	0	29
2026.03.26	20:30:00	4383.88	4388.38	4377.52	4386.13	1878	0	29
2026.03.26	20:35:00	4386.15	4393.03	4383.58	4388.30	1829	0	29
2026.03.26	20:40:00	4388.27	4388.27	4380.83	4385.65	1785	0	29
2026.03.26	20:45:00	4385.64	4390.94	4383.28	4385.81	1614	0	29
2026.03.26	20:50:00	4385.83	4388.36	4381.41	4384.16	1701	0	29
2026.03.26	20:55:00	4384.19	4385.98	4379.32	4381.45	1802	0	29
2026.03.26	21:00:00	4380.97	4386.52	4380.09	4381.19	1892	0	29
2026.03.26	21:05:00	4381.11	4390.55	4380.47	4386.92	1828	0	29
2026.03.26	21:10:00	4386.89	4389.62	4381.27	4388.19	1796	0	29
2026.03.26	21:15:00	4388.21	4388.26	4378.87	4381.82	1833	0	29
2026.03.26	21:20:00	4381.82	4381.83	4367.60	4376.38	1911	0	29
2026.03.26	21:25:00	4376.38	4378.25	4369.48	4374.22	1842	0	29
2026.03.26	21:30:00	4374.28	4382.78	4373.42	4381.69	1819	0	29
2026.03.26	21:35:00	4381.73	4389.66	4380.50	4389.49	1693	0	29
2026.03.26	21:40:00	4389.59	4395.55	4389.48	4393.19	1685	0	29
2026.03.26	21:45:00	4393.21	4397.74	4390.59	4395.17	1567	0	29
2026.03.26	21:50:00	4395.18	4397.52	4393.08	4394.02	1588	0	29
2026.03.26	21:55:00	4394.00	4396.40	4391.57	4394.43	1514	0	29
2026.03.26	22:00:00	4394.54	4399.26	4390.01	4390.21	1636	0	29
2026.03.26	22:05:00	4390.08	4393.80	4384.68	4385.61	1568	0	29
2026.03.26	22:10:00	4385.81	4388.76	4382.02	4387.92	1564	0	29
2026.03.26	22:15:00	4387.90	4391.88	4386.73	4390.28	1684	0	29
2026.03.26	22:20:00	4390.35	4392.38	4388.10	4389.05	1656	0	29
2026.03.26	22:25:00	4389.04	4390.13	4378.48	4380.72	1637	0	29
2026.03.26	22:30:00	4381.18	4384.74	4375.07	4381.41	1641	0	29
2026.03.26	22:35:00	4381.40	4388.30	4379.88	4383.32	1674	0	29
2026.03.26	22:40:00	4383.21	4384.75	4378.12	4378.77	1687	0	29
2026.03.26	22:45:00	4378.84	4379.85	4373.30	4375.88	1727	0	29
2026.03.26	22:50:00	4375.78	4375.83	4363.60	4364.31	1942	0	29
2026.03.26	22:55:00	4364.28	4367.09	4359.16	4363.89	1991	0	29
2026.03.26	23:00:00	4363.96	4364.88	4353.18	4353.58	1684	0	29
2026.03.26	23:05:00	4353.63	4357.53	4351.08	4355.82	1473	0	29
2026.03.26	23:10:00	4355.78	4413.59	4354.79	4396.75	1853	0	29
2026.03.26	23:15:00	4396.82	4404.20	4380.40	4396.74	2150	0	29
2026.03.26	23:20:00	4396.81	4416.07	4391.39	4399.83	2061	0	30
2026.03.26	23:25:00	4399.59	4405.88	4394.41	4404.45	1818	0	29
2026.03.26	23:30:00	4404.50	4408.93	4399.60	4401.27	1657	0	29
2026.03.26	23:35:00	4401.22	4420.74	4397.67	4420.13	1590	0	29
2026.03.26	23:40:00	4420.17	4420.17	4405.40	4405.91	1679	0	29
2026.03.26	23:45:00	4405.90	4409.99	4397.85	4401.74	1585	0	31
2026.03.26	23:50:00	4401.83	4403.55	4373.05	4375.82	2035	0	29
2026.03.26	23:55:00	4375.64	4381.55	4373.77	4380.93	1047	0	31
2026.03.27	01:00:00	4389.94	4393.29	4377.24	4387.04	1569	0	29
2026.03.27	01:05:00	4387.10	4401.02	4387.01	4394.95	1489	0	29
2026.03.27	01:10:00	4394.95	4404.44	4392.08	4400.91	1327	0	29
2026.03.27	01:15:00	4400.80	4408.08	4400.61	4406.54	1290	0	31
2026.03.27	01:20:00	4406.53	4406.76	4398.69	4400.43	1033	0	29
2026.03.27	01:25:00	4400.42	4400.42	4394.56	4398.32	853	0	29
2026.03.27	01:30:00	4398.34	4410.84	4395.10	4406.16	952	0	29
2026.03.27	01:35:00	4406.28	4410.00	4405.35	4409.03	869	0	30
2026.03.27	01:40:00	4408.99	4415.32	4407.02	4407.05	971	0	29
2026.03.27	01:45:00	4407.03	4408.32	4400.15	4408.08	958	0	29
2026.03.27	01:50:00	4408.08	4412.43	4406.66	4406.80	752	0	29
2026.03.27	01:55:00	4406.78	4413.13	4404.33	4411.20	742	0	32
2026.03.27	02:00:00	4411.38	4414.50	4402.22	4402.34	1072	0	29
2026.03.27	02:05:00	4402.34	4403.34	4391.13	4391.75	1214	0	29
2026.03.27	02:10:00	4391.78	4396.91	4389.98	4393.07	1133	0	32
2026.03.27	02:15:00	4393.07	4401.43	4391.49	4401.05	954	0	32
2026.03.27	02:20:00	4401.08	4401.09	4393.80	4397.36	1028	0	31
2026.03.27	02:25:00	4397.36	4399.42	4394.19	4399.32	826	0	31
2026.03.27	02:30:00	4399.32	4402.65	4396.17	4400.00	997	0	29
2026.03.27	02:35:00	4399.92	4408.03	4399.88	4405.50	1336	0	29
2026.03.27	02:40:00	4405.50	4406.26	4396.27	4400.05	978	0	29
2026.03.27	02:45:00	4400.05	4403.20	4396.48	4397.39	850	0	31
2026.03.27	02:50:00	4397.33	4405.69	4397.26	4405.22	826	0	29
2026.03.27	02:55:00	4405.22	4405.74	4402.35	4405.08	752	0	31
2026.03.27	03:00:00	4405.07	4411.06	4404.98	4408.94	1101	0	29
2026.03.27	03:05:00	4408.92	4409.47	4403.98	4408.41	1095	0	29
2026.03.27	03:10:00	4408.45	4408.79	4403.20	4403.88	963	0	29
2026.03.27	03:15:00	4403.88	4404.63	4395.79	4397.04	1107	0	30
2026.03.27	03:20:00	4397.03	4397.48	4382.59	4389.78	1638	0	29
2026.03.27	03:25:00	4389.77	4391.87	4385.94	4391.12	1364	0	29
2026.03.27	03:30:00	4391.11	4396.46	4391.09	4395.33	1289	0	29
2026.03.27	03:35:00	4395.41	4395.41	4387.20	4390.12	1342	0	29
2026.03.27	03:40:00	4390.12	4391.93	4387.67	4391.01	1286	0	30
2026.03.27	03:45:00	4390.95	4391.09	4384.22	4384.44	1543	0	29
2026.03.27	03:50:00	4384.40	4385.20	4378.50	4382.08	1530	0	29
2026.03.27	03:55:00	4382.10	4383.47	4375.52	4378.66	1289	0	29
2026.03.27	04:00:00	4378.63	4389.28	4377.44	4388.54	1909	0	29
2026.03.27	04:05:00	4388.53	4392.98	4387.34	4392.45	1632	0	29
2026.03.27	04:10:00	4392.45	4399.39	4391.62	4393.83	1593	0	29
2026.03.27	04:15:00	4393.86	4398.82	4391.25	4391.25	1627	0	29
2026.03.27	04:20:00	4391.26	4402.62	4391.06	4402.13	1595	0	29
2026.03.27	04:25:00	4402.13	4406.51	4398.69	4406.45	1385	0	29
2026.03.27	04:30:00	4406.47	4417.52	4403.61	4411.44	1743	0	29
2026.03.27	04:35:00	4411.44	4417.10	4409.80	4417.10	1491	0	31
2026.03.27	04:40:00	4417.30	4420.25	4416.57	4419.44	1511	0	29
2026.03.27	04:45:00	4419.47	4419.49	4411.85	4412.71	1539	0	29
2026.03.27	04:50:00	4412.71	4415.56	4411.95	4414.54	1432	0	29
2026.03.27	04:55:00	4414.49	4420.47	4413.65	4417.34	1515	0	29
2026.03.27	05:00:00	4417.56	4433.90	4417.04	4430.37	1767	0	29
2026.03.27	05:05:00	4430.46	4437.38	4425.32	4435.66	1641	0	29
2026.03.27	05:10:00	4435.68	4439.58	4430.89	4435.02	1495	0	29
2026.03.27	05:15:00	4435.02	4436.21	4428.72	4429.44	1313	0	29
2026.03.27	05:20:00	4429.43	4431.78	4426.11	4428.80	1284	0	29
2026.03.27	05:25:00	4428.80	4434.43	4426.70	4430.72	1224	0	29
2026.03.27	05:30:00	4430.71	4434.14	4424.65	4431.87	1652	0	29
2026.03.27	05:35:00	4431.84	4433.30	4426.29	4429.89	1502	0	29
2026.03.27	05:40:00	4429.92	4432.12	4426.50	4429.71	1514	0	29
2026.03.27	05:45:00	4429.75	4440.52	4428.01	4429.97	1451	0	29
2026.03.27	05:50:00	4429.98	4434.95	4429.12	4430.68	1420	0	29
2026.03.27	05:55:00	4430.68	4432.27	4429.39	4431.99	1396	0	30
2026.03.27	06:00:00	4431.94	4435.61	4425.78	4426.02	1442	0	29
2026.03.27	06:05:00	4425.99	4429.88	4421.21	4424.75	1523	0	29
2026.03.27	06:10:00	4424.99	4431.11	4422.60	4429.34	1324	0	29
2026.03.27	06:15:00	4429.64	4431.35	4428.19	4429.80	1342	0	29
2026.03.27	06:20:00	4429.81	4434.19	4429.26	4430.38	1152	0	29
2026.03.27	06:25:00	4430.37	4436.82	4428.34	4435.26	1525	0	29
2026.03.27	06:30:00	4435.25	4438.32	4430.84	4433.96	1285	0	29
2026.03.27	06:35:00	4433.91	4444.29	4433.21	4444.25	1403	0	29
2026.03.27	06:40:00	4444.27	4446.21	4436.09	4436.11	1323	0	29
2026.03.27	06:45:00	4436.08	4436.29	4433.22	4434.63	941	0	29
2026.03.27	06:50:00	4434.62	4438.53	4432.67	4437.85	1161	0	29
2026.03.27	06:55:00	4437.85	4437.92	4436.25	4437.59	833	0	29
2026.03.27	07:00:00	4437.59	4439.73	4435.58	4437.37	1028	0	29
2026.03.27	07:05:00	4437.37	4437.42	4432.63	4434.13	1037	0	29
2026.03.27	07:10:00	4434.13	4436.28	4433.78	4433.84	835	0	29
2026.03.27	07:15:00	4433.85	4434.29	4431.38	4433.11	816	0	29
2026.03.27	07:20:00	4433.11	4437.16	4433.07	4435.55	767	0	29
2026.03.27	07:25:00	4435.50	4436.10	4432.95	4434.09	886	0	31
2026.03.27	07:30:00	4434.10	4440.50	4433.93	4439.86	754	0	29
2026.03.27	07:35:00	4439.87	4442.07	4437.21	4439.93	921	0	29
2026.03.27	07:40:00	4439.92	4441.58	4438.72	4441.37	603	0	29
2026.03.27	07:45:00	4441.37	4443.43	4440.43	4442.81	707	0	29
2026.03.27	07:50:00	4442.80	4445.63	4442.19	4445.43	860	0	29
2026.03.27	07:55:00	4445.46	4449.47	4444.76	4446.08	1099	0	29
2026.03.27	08:00:00	4445.77	4446.06	4442.38	4442.95	1109	0	29
2026.03.27	08:05:00	4442.98	4447.46	4442.12	4444.21	1185	0	29
2026.03.27	08:10:00	4444.09	4446.36	4441.99	4443.83	915	0	29
2026.03.27	08:15:00	4443.80	4446.88	4443.49	4445.06	1063	0	29
2026.03.27	08:20:00	4445.08	4445.56	4442.55	4443.90	1042	0	29
2026.03.27	08:25:00	4443.90	4444.81	4440.43	4443.26	1168	0	29
2026.03.27	08:30:00	4443.24	4459.99	4442.80	4459.32	1804	0	29
2026.03.27	08:35:00	4459.33	4474.59	4458.46	4473.75	1918	0	29
2026.03.27	08:40:00	4473.79	4474.98	4465.52	4465.61	1741	0	29
2026.03.27	08:45:00	4465.67	4468.46	4462.38	4462.41	1625	0	29
2026.03.27	08:50:00	4462.41	4463.84	4458.22	4461.28	1504	0	29
2026.03.27	08:55:00	4461.31	4461.44	4453.46	4454.48	1633	0	29
2026.03.27	09:00:00	4454.44	4461.21	4453.78	4455.37	1470	0	29
2026.03.27	09:05:00	4455.35	4463.00	4451.73	4461.83	1583	0	29
2026.03.27	09:10:00	4461.83	4472.87	4459.95	4471.28	1686	0	29
2026.03.27	09:15:00	4471.30	4471.30	4463.29	4465.07	1446	0	29
2026.03.27	09:20:00	4465.10	4465.10	4456.77	4462.39	1574	0	29
2026.03.27	09:25:00	4462.42	4465.57	4460.76	4463.50	1323	0	29
2026.03.27	09:30:00	4463.42	4468.10	4460.56	4463.18	1467	0	29
2026.03.27	09:35:00	4463.18	4468.43	4462.80	4466.38	1339	0	30
2026.03.27	09:40:00	4466.38	4468.45	4464.91	4464.96	1087	0	29
2026.03.27	09:45:00	4464.96	4465.50	4459.70	4460.46	1317	0	29
2026.03.27	09:50:00	4460.48	4464.24	4454.59	4462.91	1343	0	29
2026.03.27	09:55:00	4462.90	4464.95	4457.05	4459.52	1380	0	29
2026.03.27	10:00:00	4459.57	4463.06	4450.41	4451.27	1414	0	29
2026.03.27	10:05:00	4451.43	4456.52	4447.70	4455.75	1372	0	29
2026.03.27	10:10:00	4455.89	4458.16	4452.54	4454.98	1270	0	29
2026.03.27	10:15:00	4454.99	4455.10	4451.17	4452.69	925	0	29
2026.03.27	10:20:00	4452.76	4456.83	4452.62	4454.88	1050	0	29
2026.03.27	10:25:00	4454.88	4457.07	4450.25	4452.22	1258	0	29
2026.03.27	10:30:00	4452.17	4452.18	4448.52	4451.41	1309	0	29
2026.03.27	10:35:00	4451.45	4455.68	4450.96	4453.20	1167	0	29
2026.03.27	10:40:00	4453.22	4453.23	4446.54	4448.23	1214	0	29
2026.03.27	10:45:00	4448.22	4453.18	4447.46	4451.24	1270	0	29
2026.03.27	10:50:00	4451.25	4451.49	4442.79	4443.87	1261	0	29
2026.03.27	10:55:00	4443.83	4448.08	4443.83	4447.63	1342	0	29
2026.03.27	11:00:00	4447.64	4450.68	4442.90	4444.11	1643	0	29
2026.03.27	11:05:00	4444.02	4449.60	4443.10	4446.12	1559	0	29
2026.03.27	11:10:00	4446.00	4447.78	4443.63	4447.12	1342	0	29
2026.03.27	11:15:00	4447.15	4447.44	4438.90	4440.47	1516	0	29
2026.03.27	11:20:00	4440.47	4443.59	4436.25	4437.01	1413	0	29
2026.03.27	11:25:00	4437.00	4437.45	4430.62	4433.84	1538	0	29
2026.03.27	11:30:00	4433.90	4437.24	4430.18	4431.08	1387	0	29
2026.03.27	11:35:00	4431.08	4435.70	4428.87	4433.56	1612	0	29
2026.03.27	11:40:00	4433.58	4439.88	4433.24	4434.92	1394	0	29
2026.03.27	11:45:00	4434.87	4438.69	4432.43	4434.32	1421	0	29
2026.03.27	11:50:00	4434.31	4438.28	4427.20	4432.01	1350	0	29
2026.03.27	11:55:00	4432.03	4432.51	4423.69	4424.15	1515	0	29
2026.03.27	12:00:00	4424.09	4430.88	4423.96	4426.54	1527	0	29
2026.03.27	12:05:00	4426.54	4429.62	4422.47	4423.08	1438	0	29
2026.03.27	12:10:00	4423.06	4430.96	4420.79	4429.56	1524	0	29
2026.03.27	12:15:00	4429.57	4435.71	4428.66	4433.07	1616	0	29
2026.03.27	12:20:00	4433.04	4434.40	4430.06	4431.75	1512	0	29
2026.03.27	12:25:00	4431.77	4436.15	4430.86	4434.40	1427	0	29
2026.03.27	12:30:00	4434.73	4438.26	4432.95	4433.70	1469	0	29
2026.03.27	12:35:00	4433.69	4436.35	4431.13	4433.40	1202	0	29
2026.03.27	12:40:00	4433.39	4433.76	4430.07	4432.69	1121	0	29
2026.03.27	12:45:00	4432.69	4432.72	4428.64	4430.82	1369	0	29
2026.03.27	12:50:00	4430.82	4432.72	4428.68	4429.33	1418	0	29
2026.03.27	12:55:00	4429.43	4430.38	4427.11	4428.77	1331	0	29
2026.03.27	13:00:00	4428.77	4432.88	4426.14	4427.34	1457	0	29
2026.03.27	13:05:00	4427.31	4432.03	4426.83	4429.57	1426	0	29
2026.03.27	13:10:00	4429.55	4429.55	4424.12	4425.90	1248	0	29
2026.03.27	13:15:00	4425.91	4428.75	4423.84	4426.91	1241	0	29
2026.03.27	13:20:00	4426.99	4429.40	4423.95	4428.47	1143	0	29
2026.03.27	13:25:00	4428.51	4431.43	4427.02	4428.98	1291	0	29
2026.03.27	13:30:00	4428.98	4430.25	4424.83	4426.92	1382	0	29
2026.03.27	13:35:00	4426.86	4427.87	4421.13	4422.05	1431	0	29
2026.03.27	13:40:00	4422.08	4423.01	4412.41	4415.86	1500	0	29
2026.03.27	13:45:00	4415.99	4417.43	4411.32	4415.87	1474	0	29
2026.03.27	13:50:00	4415.86	4418.98	4411.07	4417.54	1398	0	29
2026.03.27	13:55:00	4417.45	4417.61	4411.38	4414.66	1520	0	29
2026.03.27	14:00:00	4414.76	4417.16	4409.34	4409.63	1510	0	29
2026.03.27	14:05:00	4409.65	4411.96	4404.33	4410.18	1488	0	29
2026.03.27	14:10:00	4410.21	4414.57	4409.29	4412.92	1561	0	29
2026.03.27	14:15:00	4412.92	4417.15	4407.74	4410.52	1536	0	29
2026.03.27	14:20:00	4410.51	4413.63	4408.69	4411.73	1369	0	29
2026.03.27	14:25:00	4411.72	4416.24	4410.79	4415.33	1319	0	29
2026.03.27	14:30:00	4415.34	4415.96	4413.80	4415.82	1251	0	29
2026.03.27	14:35:00	4415.82	4419.54	4413.78	4416.61	1238	0	29
2026.03.27	14:40:00	4416.59	4421.72	4413.95	4421.72	1301	0	29
2026.03.27	14:45:00	4421.76	4424.95	4418.79	4423.26	1406	0	29
2026.03.27	14:50:00	4423.25	4425.66	4418.34	4424.96	1303	0	29
2026.03.27	14:55:00	4424.95	4426.16	4415.77	4420.02	1440	0	29
2026.03.27	15:00:00	4420.01	4424.13	4419.15	4422.50	1616	0	29
2026.03.27	15:05:00	4422.50	4422.74	4412.65	4418.35	1523	0	29
2026.03.27	15:10:00	4418.36	4426.83	4417.40	4424.73	1549	0	29
2026.03.27	15:15:00	4424.78	4434.29	4424.78	4425.13	1507	0	29
2026.03.27	15:20:00	4425.10	4425.10	4416.99	4422.57	1677	0	29
2026.03.27	15:25:00	4422.56	4429.89	4422.25	4429.59	1428	0	29
2026.03.27	15:30:00	4429.51	4430.53	4424.72	4426.42	1464	0	29
2026.03.27	15:35:00	4426.41	4436.15	4424.54	4433.66	1526	0	29
2026.03.27	15:40:00	4433.67	4437.31	4432.60	4433.56	1445	0	29
2026.03.27	15:45:00	4433.57	4439.64	4433.57	4439.62	1408	0	29
2026.03.27	15:50:00	4439.63	4445.16	4439.24	4439.36	1637	0	29
2026.03.27	15:55:00	4439.41	4441.95	4437.26	4437.85	1448	0	29
2026.03.27	16:00:00	4437.81	4443.76	4431.38	4433.35	1940	0	29
2026.03.27	16:05:00	4433.42	4435.81	4428.91	4429.06	1767	0	29
2026.03.27	16:10:00	4429.09	4431.26	4423.92	4428.87	1804	0	29
2026.03.27	16:15:00	4428.76	4440.86	4428.36	4438.95	1735	0	29
2026.03.27	16:20:00	4438.96	4441.67	4427.44	4427.48	1691	0	29
2026.03.27	16:25:00	4427.32	4432.54	4418.55	4422.33	1845	0	29
2026.03.27	16:30:00	4422.27	4426.58	4413.67	4418.33	2080	0	29
2026.03.27	16:35:00	4418.41	4427.89	4414.87	4427.36	2025	0	29
2026.03.27	16:40:00	4427.26	4430.89	4424.29	4428.69	2048	0	29
2026.03.27	16:45:00	4428.69	4441.51	4428.69	4433.66	2012	0	29
2026.03.27	16:50:00	4433.78	4434.56	4425.72	4426.42	1985	0	29
2026.03.27	16:55:00	4426.41	4433.79	4421.09	4431.08	1755	0	29
2026.03.27	17:00:00	4431.17	4458.32	4430.78	4457.64	2039	0	29
2026.03.27	17:05:00	4457.74	4463.21	4448.77	4449.49	2061	0	29
2026.03.27	17:10:00	4449.49	4462.69	4444.81	4460.69	2066	0	29
2026.03.27	17:15:00	4460.42	4469.96	4457.45	4465.76	2060	0	29
2026.03.27	17:20:00	4465.81	4469.77	4457.06	4463.73	2021	0	29
2026.03.27	17:25:00	4463.78	4465.85	4452.19	4455.37	1974	0	29
2026.03.27	17:30:00	4455.36	4463.57	4451.81	4463.17	1975	0	29
2026.03.27	17:35:00	4463.23	4463.96	4455.37	4459.90	2006	0	29
2026.03.27	17:40:00	4459.92	4464.05	4456.64	4463.97	1929	0	29
2026.03.27	17:45:00	4463.99	4476.25	4463.79	4473.38	2025	0	29
2026.03.27	17:50:00	4473.46	4499.62	4472.65	4489.04	2058	0	29
2026.03.27	17:55:00	4489.13	4514.72	4489.13	4509.85	2087	0	29
2026.03.27	18:00:00	4509.77	4516.33	4501.72	4515.02	2107	0	29
2026.03.27	18:05:00	4514.96	4515.89	4505.47	4514.30	2055	0	29
2026.03.27	18:10:00	4514.36	4533.71	4509.27	4525.29	2110	0	29
2026.03.27	18:15:00	4525.35	4538.16	4520.78	4532.62	2093	0	29
2026.03.27	18:20:00	4532.35	4555.34	4532.35	4544.91	2142	0	29
2026.03.27	18:25:00	4544.85	4550.01	4542.10	4543.60	2085	0	29
2026.03.27	18:30:00	4543.73	4552.58	4538.26	4543.75	2090	0	29
2026.03.27	18:35:00	4543.91	4544.63	4533.30	4534.91	2054	0	29
2026.03.27	18:40:00	4534.95	4535.40	4526.37	4531.82	2008	0	29
2026.03.27	18:45:00	4531.81	4536.28	4525.22	4534.03	1912	0	29
2026.03.27	18:50:00	4534.03	4534.75	4525.52	4526.64	1918	0	29
2026.03.27	18:55:00	4526.63	4529.11	4520.49	4523.98	1968	0	29
2026.03.27	19:00:00	4524.15	4530.74	4518.13	4530.02	2038	0	29
2026.03.27	19:05:00	4530.03	4531.85	4525.87	4530.72	1818	0	29
2026.03.27	19:10:00	4530.65	4532.93	4522.54	4528.29	1737	0	29
2026.03.27	19:15:00	4528.32	4532.71	4524.73	4528.09	1769	0	29
2026.03.27	19:20:00	4528.10	4533.70	4527.49	4530.96	1754	0	29
2026.03.27	19:25:00	4530.87	4531.07	4525.60	4528.41	1717	0	29
2026.03.27	19:30:00	4528.40	4528.84	4512.70	4518.12	1917	0	29
2026.03.27	19:35:00	4518.13	4518.13	4511.03	4511.34	1706	0	29
2026.03.27	19:40:00	4511.34	4512.45	4505.53	4511.18	1812	0	29
2026.03.27	19:45:00	4511.16	4520.85	4507.27	4520.14	1813	0	29
2026.03.27	19:50:00	4520.14	4521.40	4510.80	4512.30	1782	0	29
2026.03.27	19:55:00	4512.26	4516.87	4510.91	4516.05	1713	0	29
2026.03.27	20:00:00	4516.14	4516.14	4506.10	4511.10	1884	0	29
2026.03.27	20:05:00	4511.16	4521.91	4508.82	4513.61	1908	0	29
2026.03.27	20:10:00	4513.53	4514.81	4510.05	4510.93	1806	0	29
2026.03.27	20:15:00	4510.97	4511.56	4497.80	4500.56	1901	0	29
2026.03.27	20:20:00	4500.65	4501.74	4494.78	4497.64	1847	0	29
2026.03.27	20:25:00	4497.57	4498.42	4486.83	4494.15	1896	0	29
2026.03.27	20:30:00	4494.11	4497.86	4489.39	4497.69	1877	0	29
2026.03.27	20:35:00	4497.68	4499.91	4489.31	4491.39	1761	0	29
2026.03.27	20:40:00	4491.12	4493.23	4486.55	4490.32	1763	0	29
2026.03.27	20:45:00	4490.37	4497.35	4488.43	4495.02	1680	0	29
2026.03.27	20:50:00	4495.02	4499.52	4492.54	4494.59	1618	0	29
2026.03.27	20:55:00	4494.61	4494.85	4486.55	4486.55	1631	0	29
2026.03.27	21:00:00	4486.59	4497.89	4486.55	4493.78	1725	0	29
2026.03.27	21:05:00	4493.77	4496.51	4488.97	4495.27	1564	0	29
2026.03.27	21:10:00	4495.26	4498.77	4490.86	4498.51	1701	0	29
2026.03.27	21:15:00	4498.57	4510.54	4498.54	4509.47	1990	0	29
2026.03.27	21:20:00	4509.52	4511.37	4502.79	4504.17	1752	0	29
2026.03.27	21:25:00	4504.17	4510.17	4503.63	4509.26	1714	0	29
2026.03.27	21:30:00	4509.22	4515.03	4508.59	4514.05	1688	0	29
2026.03.27	21:35:00	4514.06	4528.65	4512.68	4518.35	1764	0	29
2026.03.27	21:40:00	4518.36	4527.31	4515.37	4525.67	1736	0	29
2026.03.27	21:45:00	4525.63	4525.81	4517.31	4519.10	1631	0	29
2026.03.27	21:50:00	4519.10	4521.38	4517.09	4517.55	1469	0	29
2026.03.27	21:55:00	4517.56	4517.66	4513.59	4516.78	1583	0	29
2026.03.27	22:00:00	4516.67	4519.20	4509.02	4509.12	1596	0	29
2026.03.27	22:05:00	4508.78	4511.92	4507.24	4509.18	1485	0	29
2026.03.27	22:10:00	4509.19	4514.29	4507.62	4511.05	1663	0	29
2026.03.27	22:15:00	4511.06	4521.90	4509.99	4521.12	1576	0	29
2026.03.27	22:20:00	4521.11	4524.03	4519.88	4521.39	1495	0	29
2026.03.27	22:25:00	4521.42	4523.01	4518.06	4523.01	1472	0	29
2026.03.27	22:30:00	4523.00	4526.12	4520.09	4521.58	1493	0	29
2026.03.27	22:35:00	4521.59	4521.83	4511.26	4511.80	1559	0	29
2026.03.27	22:40:00	4511.79	4512.06	4500.79	4509.94	1835	0	29
2026.03.27	22:45:00	4509.95	4510.21	4503.19	4509.44	1842	0	29
2026.03.27	22:50:00	4509.37	4516.15	4506.78	4515.64	1808	0	29
2026.03.27	22:55:00	4515.43	4522.37	4512.05	4514.33	1901	0	29
2026.03.27	23:00:00	4514.35	4520.07	4512.41	4513.47	1576	0	29
2026.03.27	23:05:00	4513.44	4513.44	4506.97	4510.81	1204	0	29
2026.03.27	23:10:00	4510.81	4512.26	4508.54	4510.16	949	0	29
2026.03.27	23:15:00	4510.16	4510.65	4505.04	4508.22	968	0	29
2026.03.27	23:20:00	4508.21	4509.15	4504.97	4506.84	1071	0	29
2026.03.27	23:25:00	4506.84	4508.19	4504.52	4506.74	965	0	29
2026.03.27	23:30:00	4506.70	4508.40	4502.44	4506.19	911	0	29
2026.03.27	23:35:00	4506.18	4510.31	4502.82	4509.97	943	0	29
2026.03.27	23:40:00	4509.98	4512.71	4498.89	4505.70	1138	0	31
2026.03.27	23:45:00	4505.74	4505.75	4497.24	4498.70	1120	0	29
2026.03.27	23:50:00	4498.72	4499.42	4491.12	4495.49	1073	0	30
2026.03.27	23:55:00	4495.49	4495.98	4493.30	4495.49	466	0	32
2026.03.30	01:00:00	4478.19	4514.96	4467.62	4511.55	1715	0	29
2026.03.30	01:05:00	4511.41	4513.48	4481.01	4487.05	1814	0	29
2026.03.30	01:10:00	4486.36	4501.56	4481.25	4497.33	1744	0	29
2026.03.30	01:15:00	4496.89	4506.30	4490.86	4505.83	1766	0	29
2026.03.30	01:20:00	4505.92	4512.16	4501.90	4506.43	1719	0	29
2026.03.30	01:25:00	4506.44	4511.89	4501.16	4509.15	1457	0	29
2026.03.30	01:30:00	4509.40	4512.90	4504.01	4507.56	1412	0	29
2026.03.30	01:35:00	4507.56	4512.56	4501.45	4502.56	1233	0	29
2026.03.30	01:40:00	4502.56	4505.76	4490.68	4493.27	1324	0	29
2026.03.30	01:45:00	4493.30	4496.88	4487.62	4489.66	1144	0	29
2026.03.30	01:50:00	4489.66	4495.45	4486.57	4489.89	1404	0	29
2026.03.30	01:55:00	4489.86	4490.79	4480.80	4484.50	1479	0	29
2026.03.30	02:00:00	4484.47	4492.58	4483.41	4488.24	1470	0	29
2026.03.30	02:05:00	4488.24	4489.18	4464.93	4477.67	1629	0	29
2026.03.30	02:10:00	4478.49	4479.54	4472.13	4478.54	1226	0	29
2026.03.30	02:15:00	4478.44	4484.65	4475.26	4475.42	1209	0	29
2026.03.30	02:20:00	4475.42	4479.34	4472.03	4474.00	1132	0	29
2026.03.30	02:25:00	4474.00	4481.23	4472.19	4472.29	1181	0	29
2026.03.30	02:30:00	4472.32	4472.32	4451.49	4459.18	1694	0	29
2026.03.30	02:35:00	4459.22	4460.32	4445.46	4452.12	1841	0	29
2026.03.30	02:40:00	4451.89	4455.46	4450.87	4452.05	1442	0	29
2026.03.30	02:45:00	4452.11	4455.81	4444.02	4444.86	1687	0	29
2026.03.30	02:50:00	4444.89	4452.26	4443.76	4449.50	1746	0	29
2026.03.30	02:55:00	4449.58	4452.54	4444.27	4448.68	1588	0	29
2026.03.30	03:00:00	4449.20	4451.33	4432.36	4435.03	1904	0	29
2026.03.30	03:05:00	4435.06	4440.90	4424.98	4429.04	1914	0	29
2026.03.30	03:10:00	4428.92	4432.15	4419.94	4426.05	1862	0	29
2026.03.30	03:15:00	4425.96	4445.31	4422.83	4445.31	1788	0	29
2026.03.30	03:20:00	4445.07	4464.18	4442.86	4462.25	2069	0	29
2026.03.30	03:25:00	4462.08	4466.67	4445.72	4449.24	1993	0	29
2026.03.30	03:30:00	4449.32	4459.10	4446.00	4452.19	1932	0	29
2026.03.30	03:35:00	4452.20	4452.54	4445.50	4447.43	1809	0	29
2026.03.30	03:40:00	4447.44	4448.65	4435.31	4438.26	1794	0	29
2026.03.30	03:45:00	4438.38	4441.53	4433.00	4440.93	1656	0	29
2026.03.30	03:50:00	4440.88	4442.79	4432.07	4434.51	1690	0	29
2026.03.30	03:55:00	4434.53	4437.27	4430.49	4432.06	1494	0	29
2026.03.30	04:00:00	4432.17	4451.78	4431.87	4442.02	2114	0	29
2026.03.30	04:05:00	4442.04	4457.65	4440.80	4456.60	1949	0	29
2026.03.30	04:10:00	4456.78	4461.87	4454.63	4460.13	1967	0	29
2026.03.30	04:15:00	4460.15	4460.16	4449.85	4455.64	1963	0	29
2026.03.30	04:20:00	4455.60	4466.56	4454.07	4454.16	1900	0	29
2026.03.30	04:25:00	4454.16	4459.73	4445.55	4448.64	1866	0	29
2026.03.30	04:30:00	4448.81	4469.46	4445.26	4467.86	1961	0	29
2026.03.30	04:35:00	4467.83	4475.78	4466.09	4467.41	1904	0	29
2026.03.30	04:40:00	4467.46	4474.31	4462.56	4471.19	1865	0	29
2026.03.30	04:45:00	4471.33	4475.01	4471.01	4474.00	1736	0	29
2026.03.30	04:50:00	4473.96	4474.05	4461.63	4464.09	1707	0	29
2026.03.30	04:55:00	4464.11	4472.03	4464.07	4469.67	1656	0	29
2026.03.30	05:00:00	4469.65	4474.45	4467.24	4469.09	1679	0	29
2026.03.30	05:05:00	4469.10	4474.32	4465.88	4468.75	1641	0	29
2026.03.30	05:10:00	4468.73	4473.42	4465.32	4472.65	1692	0	29
2026.03.30	05:15:00	4472.66	4474.23	4466.41	4468.17	1418	0	29
2026.03.30	05:20:00	4468.07	4473.80	4466.72	4471.01	1392	0	29
2026.03.30	05:25:00	4471.01	4473.50	4469.38	4472.85	1272	0	29
2026.03.30	05:30:00	4472.90	4475.58	4458.92	4464.46	1761	0	29
2026.03.30	05:35:00	4464.52	4471.29	4461.34	4470.64	1692	0	29
2026.03.30	05:40:00	4470.60	4499.08	4470.32	4494.60	1891	0	29
2026.03.30	05:45:00	4494.59	4496.02	4489.20	4491.57	1786	0	29
2026.03.30	05:50:00	4491.58	4492.59	4483.84	4483.93	1701	0	29
2026.03.30	05:55:00	4483.91	4486.02	4478.85	4481.26	1648	0	29
2026.03.30	06:00:00	4481.28	4495.11	4478.77	4494.61	1736	0	29
2026.03.30	06:05:00	4494.52	4507.30	4493.66	4506.39	1889	0	29
2026.03.30	06:10:00	4506.38	4508.87	4501.95	4504.60	1675	0	29
2026.03.30	06:15:00	4504.60	4509.37	4503.92	4506.20	1602	0	29
2026.03.30	06:20:00	4506.16	4517.57	4505.87	4511.62	1763	0	29
2026.03.30	06:25:00	4511.61	4512.66	4506.30	4507.07	1701	0	29
2026.03.30	06:30:00	4507.03	4507.70	4503.88	4505.45	1413	0	29
2026.03.30	06:35:00	4505.42	4505.84	4502.77	4503.25	1218	0	29
2026.03.30	06:40:00	4503.37	4505.03	4499.80	4503.50	1256	0	29
2026.03.30	06:45:00	4503.23	4507.48	4500.28	4505.64	1262	0	29
2026.03.30	06:50:00	4505.64	4506.45	4502.76	4503.93	1080	0	29
2026.03.30	06:55:00	4503.91	4504.17	4494.58	4496.07	1271	0	29
2026.03.30	07:00:00	4496.07	4498.67	4494.37	4494.56	1284	0	29
2026.03.30	07:05:00	4494.60	4494.87	4489.47	4490.57	1411	0	29
2026.03.30	07:10:00	4490.57	4491.31	4486.83	4487.68	1253	0	29
2026.03.30	07:15:00	4487.68	4491.18	4487.45	4488.20	920	0	29
2026.03.30	07:20:00	4488.19	4495.48	4487.39	4494.38	1130	0	29
2026.03.30	07:25:00	4494.38	4494.41	4490.39	4490.57	1180	0	29
2026.03.30	07:30:00	4490.61	4491.21	4487.06	4487.85	1151	0	29
2026.03.30	07:35:00	4487.85	4490.22	4486.70	4487.91	961	0	29
2026.03.30	07:40:00	4487.89	4489.65	4486.31	4488.20	977	0	29
2026.03.30	07:45:00	4488.20	4491.40	4486.94	4488.41	1044	0	29
2026.03.30	07:50:00	4488.81	4492.11	4488.12	4492.05	983	0	29
2026.03.30	07:55:00	4492.05	4498.70	4492.05	4496.79	1242	0	29
2026.03.30	08:00:00	4496.78	4500.99	4496.78	4499.24	1305	0	29
2026.03.30	08:05:00	4499.24	4505.03	4498.44	4504.59	1185	0	29
2026.03.30	08:10:00	4504.53	4508.06	4503.61	4504.75	1463	0	29
2026.03.30	08:15:00	4504.87	4513.33	4504.72	4511.57	1286	0	29
2026.03.30	08:20:00	4511.58	4515.69	4510.69	4514.56	1265	0	29
2026.03.30	08:25:00	4514.64	4514.66	4504.06	4505.35	1383	0	29
2026.03.30	08:30:00	4505.47	4512.66	4503.41	4511.60	1816	0	29
2026.03.30	08:35:00	4511.67	4515.23	4506.18	4506.19	1645	0	29
2026.03.30	08:40:00	4506.26	4510.70	4504.63	4510.36	1502	0	29
2026.03.30	08:45:00	4510.37	4521.43	4510.11	4520.59	1564	0	29
2026.03.30	08:50:00	4520.64	4528.46	4518.17	4526.07	1625	0	29
2026.03.30	08:55:00	4526.09	4527.14	4521.48	4522.30	1584	0	29
2026.03.30	09:00:00	4522.30	4526.72	4517.05	4526.42	1714	0	29
2026.03.30	09:05:00	4526.41	4533.47	4523.37	4528.83	1638	0	29
2026.03.30	09:10:00	4528.99	4534.32	4526.86	4530.39	1652	0	29
2026.03.30	09:15:00	4530.39	4535.21	4526.65	4532.35	1699	0	29
2026.03.30	09:20:00	4532.40	4533.19	4527.00	4532.73	1608	0	29
2026.03.30	09:25:00	4532.80	4533.37	4527.87	4528.54	1656	0	29
2026.03.30	09:30:00	4528.51	4536.48	4526.14	4534.89	1582	0	29
2026.03.30	09:35:00	4534.89	4541.51	4532.01	4536.49	1623	0	29
2026.03.30	09:40:00	4536.47	4541.77	4535.75	4540.05	1329	0	29
2026.03.30	09:45:00	4540.15	4550.57	4539.65	4546.17	1607	0	29
2026.03.30	09:50:00	4546.20	4546.54	4535.95	4536.25	1640	0	29
2026.03.30	09:55:00	4536.16	4537.80	4531.63	4532.47	1614	0	29
2026.03.30	10:00:00	4532.51	4533.48	4523.82	4524.31	1676	0	29
2026.03.30	10:05:00	4524.42	4533.27	4523.73	4532.46	1555	0	29
2026.03.30	10:10:00	4532.50	4534.51	4529.25	4534.16	1479	0	29
2026.03.30	10:15:00	4534.21	4534.55	4526.93	4529.91	1435	0	29
2026.03.30	10:20:00	4529.94	4532.54	4526.01	4528.29	1434	0	29
2026.03.30	10:25:00	4528.29	4528.65	4520.53	4522.67	1657	0	29
2026.03.30	10:30:00	4522.70	4525.97	4515.84	4517.14	1570	0	29
2026.03.30	10:35:00	4517.17	4524.06	4516.02	4523.22	1361	0	29
2026.03.30	10:40:00	4523.21	4524.41	4517.54	4521.15	1565	0	29
2026.03.30	10:45:00	4521.23	4521.96	4519.13	4520.51	1371	0	29
2026.03.30	10:50:00	4520.51	4526.21	4519.25	4524.83	1312	0	29
2026.03.30	10:55:00	4524.77	4528.02	4524.33	4527.21	1369	0	29
2026.03.30	11:00:00	4527.16	4530.71	4524.94	4527.76	1559	0	29
2026.03.30	11:05:00	4527.76	4535.86	4526.80	4534.99	1619	0	29
2026.03.30	11:10:00	4534.98	4537.00	4531.69	4533.76	1357	0	29
2026.03.30	11:15:00	4533.85	4533.93	4531.63	4532.66	1125	0	29
2026.03.30	11:20:00	4532.61	4535.78	4525.75	4530.17	1553	0	29
2026.03.30	11:25:00	4530.17	4532.52	4526.39	4528.72	1371	0	29
2026.03.30	11:30:00	4528.72	4538.07	4528.56	4532.75	1417	0	29
2026.03.30	11:35:00	4532.74	4537.21	4530.50	4536.85	1271	0	29
2026.03.30	11:40:00	4536.86	4536.91	4531.71	4532.86	1075	0	29
2026.03.30	11:45:00	4532.87	4537.32	4532.61	4535.80	1205	0	29
2026.03.30	11:50:00	4535.84	4540.40	4534.25	4538.74	1214	0	29
2026.03.30	11:55:00	4538.74	4540.38	4534.60	4538.22	1219	0	29
2026.03.30	12:00:00	4538.27	4540.55	4536.08	4539.38	1268	0	29
2026.03.30	12:05:00	4539.49	4540.31	4530.74	4533.29	1352	0	29
2026.03.30	12:10:00	4533.30	4534.26	4528.05	4529.55	1492	0	29
2026.03.30	12:15:00	4529.56	4530.11	4523.67	4528.41	1642	0	29
2026.03.30	12:20:00	4528.41	4536.48	4527.67	4531.24	1473	0	29
2026.03.30	12:25:00	4531.22	4532.29	4527.05	4527.55	1322	0	29
2026.03.30	12:30:00	4527.59	4529.69	4523.72	4526.34	1467	0	29
2026.03.30	12:35:00	4526.33	4534.90	4526.07	4533.84	1381	0	29
2026.03.30	12:40:00	4533.78	4538.12	4532.76	4537.12	1376	0	29
2026.03.30	12:45:00	4537.12	4538.36	4533.00	4533.27	1350	0	29
2026.03.30	12:50:00	4533.31	4535.06	4528.74	4532.82	1320	0	29
2026.03.30	12:55:00	4532.85	4533.39	4529.53	4532.26	1262	0	29
2026.03.30	13:00:00	4533.05	4534.19	4529.22	4533.96	1037	0	29
2026.03.30	13:05:00	4533.99	4535.41	4532.31	4533.19	1097	0	29
2026.03.30	13:10:00	4533.19	4536.24	4531.65	4532.93	1170	0	29
2026.03.30	13:15:00	4532.88	4538.92	4530.54	4537.12	1149	0	29
2026.03.30	13:20:00	4537.07	4539.94	4531.38	4531.72	1347	0	29
2026.03.30	13:25:00	4531.71	4532.72	4527.74	4531.27	1298	0	29
2026.03.30	13:30:00	4531.27	4533.20	4528.05	4530.21	1324	0	29
2026.03.30	13:35:00	4530.21	4533.58	4530.15	4531.36	1136	0	29
2026.03.30	13:40:00	4531.29	4533.97	4529.87	4533.38	1132	0	29
2026.03.30	13:45:00	4533.37	4534.67	4528.66	4532.09	1211	0	29
2026.03.30	13:50:00	4532.06	4535.55	4529.93	4533.72	1156	0	29
2026.03.30	13:55:00	4533.76	4533.76	4528.82	4532.34	1098	0	29
2026.03.30	14:00:00	4532.38	4534.04	4525.54	4527.21	1393	0	29
2026.03.30	14:05:00	4527.20	4536.20	4527.14	4534.89	1233	0	29
2026.03.30	14:10:00	4534.88	4540.53	4534.62	4538.43	1340	0	29
2026.03.30	14:15:00	4538.32	4545.33	4537.91	4544.56	1395	0	29
2026.03.30	14:20:00	4544.55	4544.71	4535.16	4542.51	1330	0	29
2026.03.30	14:25:00	4542.54	4547.85	4536.08	4543.40	1794	0	29
2026.03.30	14:30:00	4543.36	4545.94	4540.19	4542.85	1924	0	29
2026.03.30	14:35:00	4542.89	4545.72	4538.69	4541.48	1744	0	29
2026.03.30	14:40:00	4541.48	4566.13	4540.57	4566.13	1793	0	29
2026.03.30	14:45:00	4566.16	4573.40	4565.08	4570.71	1935	0	29
2026.03.30	14:50:00	4570.91	4580.63	4569.13	4569.34	1802	0	29
2026.03.30	14:55:00	4569.39	4569.62	4556.14	4559.53	1685	0	29
2026.03.30	15:00:00	4559.55	4560.07	4545.35	4555.21	1853	0	29
2026.03.30	15:05:00	4555.21	4560.43	4555.16	4557.50	1637	0	29
2026.03.30	15:10:00	4557.51	4561.40	4556.02	4556.55	1477	0	29
2026.03.30	15:15:00	4556.56	4567.53	4556.40	4567.19	1593	0	29
2026.03.30	15:20:00	4566.39	4567.97	4563.03	4563.92	1651	0	29
2026.03.30	15:25:00	4563.92	4568.10	4561.06	4565.95	1610	0	29
2026.03.30	15:30:00	4565.90	4573.26	4564.17	4570.93	1797	0	29
2026.03.30	15:35:00	4570.93	4575.10	4568.86	4571.99	1651	0	29
2026.03.30	15:40:00	4572.00	4577.87	4571.75	4573.78	1497	0	29
2026.03.30	15:45:00	4573.78	4574.00	4564.49	4570.79	1563	0	29
2026.03.30	15:50:00	4570.69	4570.69	4563.68	4567.79	1548	0	29
2026.03.30	15:55:00	4567.83	4573.63	4566.66	4569.32	1424	0	29
2026.03.30	16:00:00	4569.38	4578.65	4569.11	4570.52	1890	0	29
2026.03.30	16:05:00	4570.50	4572.45	4561.44	4568.12	1914	0	29
2026.03.30	16:10:00	4568.14	4570.04	4564.27	4565.86	1749	0	29
2026.03.30	16:15:00	4565.69	4568.35	4564.55	4567.82	1699	0	29
2026.03.30	16:20:00	4567.82	4569.05	4558.99	4563.98	1631	0	29
2026.03.30	16:25:00	4564.16	4571.31	4561.92	4567.44	1727	0	29
2026.03.30	16:30:00	4567.33	4573.84	4556.64	4557.73	2068	0	29
2026.03.30	16:35:00	4557.89	4560.94	4550.00	4559.78	2123	0	29
2026.03.30	16:40:00	4560.21	4560.21	4543.15	4544.17	2092	0	29
2026.03.30	16:45:00	4544.20	4548.13	4531.92	4534.67	2110	0	29
2026.03.30	16:50:00	4534.61	4537.69	4529.43	4532.94	2069	0	29
2026.03.30	16:55:00	4533.05	4533.94	4516.69	4523.26	2099	0	29
2026.03.30	17:00:00	4523.29	4535.91	4522.46	4529.34	2051	0	29
2026.03.30	17:05:00	4529.38	4530.48	4517.95	4526.16	2000	0	29
2026.03.30	17:10:00	4526.26	4535.23	4521.73	4533.71	1965	0	29
2026.03.30	17:15:00	4533.66	4534.65	4519.85	4523.44	2012	0	29
2026.03.30	17:20:00	4523.45	4525.81	4512.42	4522.62	2021	0	29
2026.03.30	17:25:00	4522.61	4523.49	4517.38	4519.00	1955	0	29
2026.03.30	17:30:00	4518.94	4525.83	4517.44	4525.31	1997	0	29
2026.03.30	17:35:00	4525.34	4532.60	4521.86	4528.20	2024	0	29
2026.03.30	17:40:00	4528.08	4533.85	4521.00	4522.78	1905	0	29
2026.03.30	17:45:00	4522.81	4540.55	4521.44	4531.64	2078	0	29
2026.03.30	17:50:00	4531.61	4540.94	4530.33	4538.07	2054	0	29
2026.03.30	17:55:00	4538.02	4541.17	4533.64	4538.57	1979	0	29
2026.03.30	18:00:00	4538.57	4543.30	4535.78	4539.37	1904	0	29
2026.03.30	18:05:00	4539.34	4540.95	4532.22	4534.40	1900	0	29
2026.03.30	18:10:00	4534.39	4538.66	4532.79	4532.79	1899	0	29
2026.03.30	18:15:00	4532.84	4534.08	4525.66	4530.32	1904	0	29
2026.03.30	18:20:00	4530.32	4533.72	4524.75	4530.17	1810	0	29
2026.03.30	18:25:00	4530.12	4533.78	4529.20	4531.53	1774	0	29
2026.03.30	18:30:00	4531.58	4541.81	4527.57	4541.48	1821	0	29
2026.03.30	18:35:00	4541.39	4549.56	4541.22	4548.97	1901	0	29
2026.03.30	18:40:00	4548.96	4553.89	4548.17	4551.83	1642	0	29
2026.03.30	18:45:00	4551.84	4556.24	4550.84	4552.25	1789	0	29
2026.03.30	18:50:00	4552.32	4555.37	4545.15	4554.47	1795	0	29
2026.03.30	18:55:00	4554.29	4556.76	4547.15	4548.28	1906	0	29
2026.03.30	19:00:00	4548.23	4549.67	4538.72	4539.87	1862	0	29
2026.03.30	19:05:00	4539.96	4544.32	4537.94	4541.05	1861	0	29
2026.03.30	19:10:00	4541.12	4546.89	4540.40	4544.41	1723	0	29
2026.03.30	19:15:00	4544.44	4548.86	4541.91	4545.22	1705	0	29
2026.03.30	19:20:00	4545.21	4547.62	4542.48	4543.35	1689	0	29
2026.03.30	19:25:00	4543.32	4543.36	4536.69	4536.87	1743	0	29
2026.03.30	19:30:00	4536.85	4541.92	4532.52	4538.87	1641	0	29
2026.03.30	19:35:00	4538.89	4543.23	4538.77	4541.83	1428	0	29
2026.03.30	19:40:00	4541.80	4548.32	4541.66	4548.18	1490	0	29
2026.03.30	19:45:00	4548.22	4548.83	4540.66	4541.76	1657	0	29
2026.03.30	19:50:00	4541.70	4543.88	4540.10	4542.37	1528	0	29
2026.03.30	19:55:00	4542.37	4542.98	4536.65	4539.87	1719	0	29
2026.03.30	20:00:00	4539.77	4542.16	4532.57	4532.68	1689	0	29
2026.03.30	20:05:00	4532.65	4535.42	4531.93	4534.85	1771	0	29
2026.03.30	20:10:00	4534.87	4535.64	4519.42	4522.52	1735	0	29
2026.03.30	20:15:00	4522.50	4525.97	4520.33	4523.73	1777	0	29
2026.03.30	20:20:00	4523.73	4529.23	4522.36	4529.20	1764	0	29
2026.03.30	20:25:00	4529.21	4530.51	4526.93	4527.66	1661	0	29
2026.03.30	20:30:00	4526.31	4527.05	4515.50	4516.69	1892	0	29
2026.03.30	20:35:00	4516.70	4519.63	4514.92	4517.19	1798	0	29
2026.03.30	20:40:00	4517.14	4525.51	4516.02	4524.29	1702	0	29
2026.03.30	20:45:00	4524.29	4528.54	4517.10	4517.45	1762	0	29
2026.03.30	20:50:00	4517.20	4520.49	4514.39	4516.96	1652	0	29
2026.03.30	20:55:00	4517.05	4517.95	4511.40	4514.96	1714	0	29
2026.03.30	21:00:00	4514.96	4523.08	4514.48	4517.75	1700	0	29
2026.03.30	21:05:00	4517.83	4519.92	4513.16	4517.89	1787	0	29
2026.03.30	21:10:00	4517.89	4521.16	4515.96	4518.54	1645	0	29
2026.03.30	21:15:00	4518.83	4519.66	4515.62	4519.37	1579	0	29
2026.03.30	21:20:00	4519.52	4521.36	4514.59	4515.51	1670	0	29
2026.03.30	21:25:00	4515.55	4516.15	4511.53	4513.77	1578	0	29
2026.03.30	21:30:00	4513.77	4517.80	4512.50	4513.45	1474	0	29
2026.03.30	21:35:00	4513.44	4519.44	4513.43	4513.43	1526	0	29
2026.03.30	21:40:00	4513.42	4517.07	4513.09	4515.45	1435	0	29
2026.03.30	21:45:00	4515.45	4518.73	4515.40	4517.70	1344	0	29
2026.03.30	21:50:00	4517.68	4518.35	4506.94	4506.94	1654	0	29
2026.03.30	21:55:00	4506.84	4508.07	4498.39	4498.95	1775	0	29
2026.03.30	22:00:00	4498.97	4502.86	4495.35	4500.11	1815	0	29
2026.03.30	22:05:00	4500.08	4505.01	4497.75	4499.74	1819	0	29
2026.03.30	22:10:00	4499.78	4500.06	4493.51	4497.72	1907	0	29
2026.03.30	22:15:00	4497.72	4501.91	4495.56	4495.91	1802	0	29
2026.03.30	22:20:00	4495.92	4501.20	4493.03	4498.23	1785	0	29
2026.03.30	22:25:00	4498.17	4504.29	4497.05	4501.65	1745	0	29
2026.03.30	22:30:00	4501.65	4510.46	4498.16	4508.96	1771	0	29
2026.03.30	22:35:00	4508.95	4512.92	4504.15	4505.29	1824	0	29
2026.03.30	22:40:00	4505.31	4506.34	4501.46	4504.90	1818	0	29
2026.03.30	22:45:00	4504.90	4510.46	4503.97	4507.10	1693	0	29
2026.03.30	22:50:00	4507.32	4509.37	4504.54	4505.76	1783	0	29
2026.03.30	22:55:00	4505.99	4518.41	4505.98	4513.56	1764	0	29
2026.03.30	23:00:00	4513.49	4516.43	4509.16	4509.46	1243	0	29
2026.03.30	23:05:00	4509.45	4511.78	4509.00	4509.15	1087	0	29
2026.03.30	23:10:00	4509.20	4509.29	4505.39	4508.20	1212	0	29
2026.03.30	23:15:00	4508.22	4509.99	4507.57	4508.14	1033	0	29
2026.03.30	23:20:00	4508.14	4508.43	4502.62	4503.07	970	0	29
2026.03.30	23:25:00	4503.07	4506.47	4502.14	4506.07	935	0	29
2026.03.30	23:30:00	4506.08	4507.06	4503.11	4504.19	879	0	29
2026.03.30	23:35:00	4504.20	4504.50	4501.02	4502.43	875	0	29
2026.03.30	23:40:00	4502.45	4505.27	4502.32	4503.55	792	0	29
2026.03.30	23:45:00	4503.36	4506.39	4502.58	4504.66	831	0	29
2026.03.30	23:50:00	4504.64	4508.40	4504.21	4508.10	756	0	29
2026.03.30	23:55:00	4508.10	4511.12	4508.09	4511.04	403	0	29
2026.03.31	01:00:00	4514.24	4523.70	4513.14	4517.49	1309	0	29
2026.03.31	01:05:00	4517.48	4517.86	4510.02	4511.71	863	0	32
2026.03.31	01:10:00	4511.71	4515.78	4507.68	4508.65	1149	0	29
2026.03.31	01:15:00	4508.64	4512.07	4505.03	4506.34	1060	0	32
2026.03.31	01:20:00	4506.34	4507.08	4505.65	4506.45	760	0	29
2026.03.31	01:25:00	4506.65	4514.78	4502.27	4514.57	1079	0	29
2026.03.31	01:30:00	4514.80	4518.94	4511.77	4512.83	1062	0	29
2026.03.31	01:35:00	4512.82	4513.89	4511.24	4511.59	661	0	29
2026.03.31	01:40:00	4511.60	4512.13	4508.22	4508.67	607	0	29
2026.03.31	01:45:00	4508.72	4512.56	4508.41	4511.96	818	0	29
2026.03.31	01:50:00	4511.98	4513.76	4511.68	4512.96	782	0	32
2026.03.31	01:55:00	4512.94	4515.17	4510.79	4510.79	921	0	29
2026.03.31	02:00:00	4510.65	4510.65	4498.75	4502.53	1361	0	29
2026.03.31	02:05:00	4502.53	4506.81	4494.71	4495.03	1507	0	29
2026.03.31	02:10:00	4495.05	4500.00	4492.64	4498.76	1283	0	29
2026.03.31	02:15:00	4498.78	4507.37	4497.87	4506.63	1283	0	29
2026.03.31	02:20:00	4506.64	4510.15	4505.51	4507.19	1095	0	29
2026.03.31	02:25:00	4507.16	4507.20	4504.18	4505.38	1056	0	29
2026.03.31	02:30:00	4505.37	4508.84	4503.87	4507.04	941	0	29
2026.03.31	02:35:00	4507.03	4515.21	4504.17	4511.08	1174	0	29
2026.03.31	02:40:00	4511.13	4519.59	4509.66	4518.53	1125	0	29
2026.03.31	02:45:00	4518.53	4519.51	4515.01	4518.49	1061	0	29
2026.03.31	02:50:00	4518.50	4520.98	4513.49	4513.57	1208	0	29
2026.03.31	02:55:00	4513.56	4513.68	4507.62	4513.62	1181	0	29
2026.03.31	03:00:00	4513.62	4528.37	4510.67	4528.22	1751	0	29
2026.03.31	03:05:00	4528.24	4528.26	4519.47	4519.49	1596	0	29
2026.03.31	03:10:00	4519.49	4523.28	4514.35	4516.05	1501	0	29
2026.03.31	03:15:00	4516.06	4518.33	4495.49	4496.31	1788	0	29
2026.03.31	03:20:00	4496.21	4498.03	4482.66	4493.90	1813	0	29
2026.03.31	03:25:00	4493.64	4513.43	4490.36	4512.18	1739	0	29
2026.03.31	03:30:00	4512.29	4515.74	4506.64	4511.17	1445	0	29
2026.03.31	03:35:00	4511.21	4531.36	4511.20	4530.10	1852	0	29
2026.03.31	03:40:00	4530.07	4537.12	4524.77	4536.25	1886	0	29
2026.03.31	03:45:00	4536.31	4546.66	4535.53	4538.26	2058	0	29
2026.03.31	03:50:00	4538.22	4542.48	4535.21	4542.24	1834	0	29
2026.03.31	03:55:00	4542.25	4548.02	4539.64	4547.51	1838	0	29
2026.03.31	04:00:00	4547.62	4550.63	4540.34	4541.13	2048	0	29
2026.03.31	04:05:00	4540.99	4541.54	4532.13	4539.17	1854	0	29
2026.03.31	04:10:00	4539.16	4545.40	4533.58	4543.85	1858	0	29
2026.03.31	04:15:00	4543.85	4570.43	4543.47	4569.02	1941	0	29
2026.03.31	04:20:00	4568.90	4585.34	4565.17	4585.00	1965	0	29
2026.03.31	04:25:00	4585.04	4585.63	4575.80	4581.34	1995	0	29
2026.03.31	04:30:00	4581.37	4591.58	4580.29	4581.69	1974	0	29
2026.03.31	04:35:00	4581.71	4588.89	4577.48	4588.60	2061	0	29
2026.03.31	04:40:00	4588.50	4618.96	4588.50	4617.50	2105	0	29
2026.03.31	04:45:00	4617.52	4619.33	4599.47	4602.91	2044	0	29
2026.03.31	04:50:00	4603.13	4614.86	4596.05	4610.35	2012	0	29
2026.03.31	04:55:00	4610.39	4614.43	4600.44	4605.20	1918	0	29
2026.03.31	05:00:00	4605.23	4607.40	4588.59	4593.78	1943	0	29
2026.03.31	05:05:00	4593.78	4600.12	4590.32	4597.18	1894	0	29
2026.03.31	05:10:00	4597.02	4599.69	4588.72	4589.83	1783	0	29
2026.03.31	05:15:00	4589.87	4592.56	4583.81	4587.65	1718	0	29
2026.03.31	05:20:00	4587.65	4588.89	4582.16	4584.93	1660	0	29
2026.03.31	05:25:00	4584.98	4585.32	4578.69	4582.56	1524	0	29
2026.03.31	05:30:00	4582.34	4586.73	4579.48	4580.92	1791	0	29
2026.03.31	05:35:00	4580.92	4588.46	4579.13	4586.18	1705	0	29
2026.03.31	05:40:00	4586.18	4587.26	4579.21	4587.15	1713	0	29
2026.03.31	05:45:00	4587.18	4588.14	4568.95	4571.03	1809	0	29
2026.03.31	05:50:00	4570.84	4579.59	4568.85	4570.58	1888	0	29
2026.03.31	05:55:00	4570.58	4574.32	4565.70	4568.10	1753	0	29
2026.03.31	06:00:00	4567.99	4573.05	4566.09	4570.15	1673	0	29
2026.03.31	06:05:00	4570.15	4577.01	4566.95	4569.97	1771	0	29
2026.03.31	06:10:00	4569.97	4574.06	4567.84	4570.05	1614	0	29
2026.03.31	06:15:00	4570.06	4571.27	4563.81	4563.89	1585	0	29
2026.03.31	06:20:00	4563.85	4567.21	4555.73	4557.37	1540	0	29
2026.03.31	06:25:00	4557.40	4563.74	4556.89	4561.56	1608	0	29
2026.03.31	06:30:00	4561.64	4565.89	4560.78	4565.15	1324	0	29
2026.03.31	06:35:00	4565.14	4565.68	4556.76	4557.41	1360	0	29
2026.03.31	06:40:00	4557.38	4559.21	4550.76	4552.17	1285	0	29
2026.03.31	06:45:00	4551.53	4553.64	4550.26	4552.78	1245	0	29
2026.03.31	06:50:00	4552.78	4557.58	4551.91	4555.21	1214	0	29
2026.03.31	06:55:00	4555.24	4557.31	4553.74	4557.24	1048	0	29
2026.03.31	07:00:00	4557.24	4560.70	4557.17	4559.99	1056	0	29
2026.03.31	07:05:00	4559.98	4566.06	4557.35	4559.83	1337	0	29
2026.03.31	07:10:00	4559.88	4563.30	4557.34	4557.50	1116	0	29
2026.03.31	07:15:00	4557.50	4565.50	4557.12	4563.30	1091	0	29
2026.03.31	07:20:00	4563.30	4569.38	4558.95	4559.39	1176	0	29
2026.03.31	07:25:00	4559.39	4562.22	4558.59	4561.35	1159	0	29
2026.03.31	07:30:00	4561.35	4565.20	4560.96	4564.00	1262	0	29
2026.03.31	07:35:00	4563.98	4563.98	4560.02	4561.88	980	0	29
2026.03.31	07:40:00	4561.88	4564.25	4560.17	4564.02	1067	0	29
2026.03.31	07:45:00	4564.02	4565.42	4561.21	4561.45	1234	0	29
2026.03.31	07:50:00	4561.43	4566.51	4561.08	4565.80	1224	0	29
2026.03.31	07:55:00	4565.73	4568.98	4564.65	4564.69	1129	0	29
2026.03.31	08:00:00	4564.69	4569.23	4564.00	4569.05	1383	0	29
2026.03.31	08:05:00	4569.14	4570.67	4561.62	4561.77	1325	0	29
2026.03.31	08:10:00	4561.76	4562.32	4547.72	4550.35	1613	0	29
2026.03.31	08:15:00	4550.40	4559.00	4549.99	4557.88	1362	0	29
2026.03.31	08:20:00	4557.87	4563.49	4556.33	4563.29	1289	0	29
2026.03.31	08:25:00	4563.27	4567.86	4560.35	4561.42	1151	0	29
2026.03.31	08:30:00	4561.39	4576.02	4558.64	4575.29	1852	0	29
2026.03.31	08:35:00	4575.34	4579.89	4573.99	4577.46	1656	0	29
2026.03.31	08:40:00	4577.47	4579.04	4572.78	4576.82	1603	0	29
2026.03.31	08:45:00	4576.80	4581.59	4576.33	4579.54	1606	0	29
2026.03.31	08:50:00	4579.72	4580.62	4572.95	4573.79	1573	0	29
2026.03.31	08:55:00	4573.78	4574.61	4567.05	4568.71	1642	0	29
2026.03.31	09:00:00	4568.72	4568.93	4558.88	4564.23	1749	0	29
2026.03.31	09:05:00	4564.22	4565.02	4558.65	4558.74	1601	0	29
2026.03.31	09:10:00	4558.82	4561.86	4556.44	4559.58	1649	0	29
2026.03.31	09:15:00	4559.64	4561.09	4554.16	4554.99	1674	0	29
2026.03.31	09:20:00	4554.91	4562.60	4553.27	4560.26	1620	0	29
2026.03.31	09:25:00	4560.24	4564.51	4559.18	4560.67	1597	0	29
2026.03.31	09:30:00	4560.73	4565.63	4559.40	4564.51	1608	0	29
2026.03.31	09:35:00	4564.53	4564.94	4559.69	4561.03	1434	0	29
2026.03.31	09:40:00	4561.07	4561.57	4556.13	4558.89	1472	0	29
2026.03.31	09:45:00	4559.02	4561.29	4554.28	4556.10	1361	0	29
2026.03.31	09:50:00	4556.08	4559.45	4555.91	4558.33	1313	0	29
2026.03.31	09:55:00	4558.32	4561.66	4556.86	4557.20	1461	0	29
2026.03.31	10:00:00	4557.35	4563.99	4554.90	4559.45	1671	0	29
2026.03.31	10:05:00	4559.80	4561.80	4556.36	4556.63	1491	0	29
2026.03.31	10:10:00	4556.60	4557.37	4550.26	4552.50	1482	0	29
2026.03.31	10:15:00	4552.52	4554.41	4543.58	4546.86	1526	0	29
2026.03.31	10:20:00	4546.87	4554.02	4546.79	4550.91	1541	0	29
2026.03.31	10:25:00	4550.91	4556.75	4549.59	4552.13	1618	0	29
2026.03.31	10:30:00	4552.07	4557.38	4551.89	4557.01	1416	0	29
2026.03.31	10:35:00	4557.05	4561.22	4554.40	4554.41	1445	0	29
2026.03.31	10:40:00	4554.41	4560.78	4554.11	4559.77	1392	0	29
2026.03.31	10:45:00	4559.79	4562.79	4557.66	4558.47	1381	0	29
2026.03.31	10:50:00	4558.47	4562.32	4556.94	4559.47	1331	0	29
2026.03.31	10:55:00	4559.46	4565.76	4558.08	4564.43	1389	0	29
2026.03.31	11:00:00	4564.41	4568.33	4560.50	4568.32	1708	0	29
2026.03.31	11:05:00	4568.32	4573.39	4566.49	4567.50	1740	0	29
2026.03.31	11:10:00	4567.52	4569.01	4563.89	4565.98	1520	0	29
2026.03.31	11:15:00	4565.99	4569.22	4564.68	4568.66	1396	0	29
2026.03.31	11:20:00	4568.68	4570.88	4565.32	4568.84	1502	0	29
2026.03.31	11:25:00	4568.84	4572.38	4566.91	4572.29	1481	0	29
2026.03.31	11:30:00	4572.28	4572.81	4567.59	4569.09	1364	0	29
2026.03.31	11:35:00	4569.10	4575.10	4568.97	4570.37	1443	0	29
2026.03.31	11:40:00	4570.30	4573.49	4569.03	4571.34	1353	0	29
2026.03.31	11:45:00	4571.35	4574.14	4569.59	4571.96	1287	0	29
2026.03.31	11:50:00	4571.99	4573.13	4567.65	4571.25	1440	0	29
2026.03.31	11:55:00	4571.25	4571.65	4567.19	4568.62	1316	0	29
2026.03.31	12:00:00	4568.61	4572.43	4563.23	4571.33	1368	0	29
2026.03.31	12:05:00	4571.35	4572.19	4566.54	4569.04	1298	0	29
2026.03.31	12:10:00	4569.06	4570.81	4567.01	4567.63	1331	0	29
2026.03.31	12:15:00	4567.65	4570.73	4564.29	4567.46	1347	0	29
2026.03.31	12:20:00	4567.46	4569.23	4565.26	4567.45	1456	0	29
2026.03.31	12:25:00	4567.47	4567.75	4561.33	4562.23	1473	0	29
2026.03.31	12:30:00	4562.31	4562.52	4553.62	4556.99	1575	0	29
2026.03.31	12:35:00	4556.97	4558.79	4551.01	4551.01	1654	0	29
2026.03.31	12:40:00	4551.04	4555.86	4550.29	4555.75	1462	0	29
2026.03.31	12:45:00	4555.76	4559.31	4555.49	4558.58	1399	0	29
2026.03.31	12:50:00	4558.58	4562.45	4556.49	4556.58	1342	0	29
2026.03.31	12:55:00	4556.60	4556.73	4551.61	4555.54	1453	0	29
2026.03.31	13:00:00	4555.52	4560.34	4555.15	4560.12	1417	0	29
2026.03.31	13:05:00	4560.11	4561.29	4558.71	4560.53	1309	0	29
2026.03.31	13:10:00	4560.53	4561.91	4556.61	4556.81	1265	0	29
2026.03.31	13:15:00	4556.83	4559.43	4555.67	4558.46	1151	0	29
2026.03.31	13:20:00	4558.46	4560.27	4556.08	4558.57	1122	0	29
2026.03.31	13:25:00	4558.57	4561.13	4557.55	4560.34	1082	0	29
2026.03.31	13:30:00	4560.39	4560.79	4554.54	4555.03	1332	0	29
2026.03.31	13:35:00	4555.05	4556.31	4532.86	4534.16	1643	0	29
2026.03.31	13:40:00	4534.14	4544.92	4529.59	4541.20	1722	0	29
2026.03.31	13:45:00	4541.19	4543.47	4540.22	4541.85	1584	0	29
2026.03.31	13:50:00	4541.84	4548.73	4541.67	4548.65	1444	0	29
2026.03.31	13:55:00	4548.65	4552.85	4544.38	4547.04	1461	0	29
2026.03.31	14:00:00	4547.32	4550.23	4544.17	4547.39	1636	0	29
2026.03.31	14:05:00	4547.41	4548.74	4543.17	4545.32	1390	0	29
2026.03.31	14:10:00	4545.32	4563.65	4541.17	4551.59	2019	0	29
2026.03.31	14:15:00	4551.46	4568.86	4549.76	4566.62	1971	0	29
2026.03.31	14:20:00	4566.61	4576.74	4564.76	4575.71	1943	0	29
2026.03.31	14:25:00	4575.66	4583.30	4574.87	4575.11	1942	0	29
2026.03.31	14:30:00	4574.99	4578.88	4568.62	4577.73	1936	0	29
2026.03.31	14:35:00	4577.67	4593.09	4574.14	4589.50	1841	0	29
2026.03.31	14:40:00	4589.51	4592.58	4583.33	4591.95	1766	0	29
2026.03.31	14:45:00	4591.97	4593.02	4582.45	4584.84	1889	0	29
2026.03.31	14:50:00	4584.83	4586.63	4578.71	4581.13	1867	0	29
2026.03.31	14:55:00	4581.16	4582.60	4576.70	4582.30	1706	0	29
2026.03.31	15:00:00	4582.30	4588.13	4581.08	4585.15	1772	0	29
2026.03.31	15:05:00	4585.14	4597.50	4584.61	4591.61	1777	0	29
2026.03.31	15:10:00	4591.60	4591.98	4574.24	4575.72	2086	0	29
2026.03.31	15:15:00	4575.35	4581.17	4571.39	4580.88	1970	0	29
2026.03.31	15:20:00	4580.76	4582.43	4574.87	4577.81	1890	0	29
2026.03.31	15:25:00	4577.81	4582.33	4572.44	4579.40	1806	0	29
2026.03.31	15:30:00	4579.44	4583.17	4577.54	4582.91	1779	0	29
2026.03.31	15:35:00	4583.00	4589.72	4582.39	4584.47	1782	0	29
2026.03.31	15:40:00	4584.43	4586.06	4577.52	4578.98	1662	0	29
2026.03.31	15:45:00	4578.96	4581.27	4569.22	4573.40	1682	0	29
2026.03.31	15:50:00	4573.40	4575.47	4569.44	4574.36	1677	0	29
2026.03.31	15:55:00	4574.26	4577.78	4571.29	4574.84	1581	0	29
2026.03.31	16:00:00	4574.96	4579.46	4567.95	4570.15	1957	0	29
2026.03.31	16:05:00	4570.14	4581.27	4567.88	4581.25	1843	0	29
2026.03.31	16:10:00	4581.26	4583.54	4577.05	4581.37	1785	0	29
2026.03.31	16:15:00	4581.39	4586.63	4580.68	4583.47	1613	0	29
2026.03.31	16:20:00	4583.40	4587.88	4582.41	4583.68	1511	0	29
2026.03.31	16:25:00	4583.47	4583.64	4573.01	4573.04	1752	0	29
2026.03.31	16:30:00	4572.98	4580.09	4568.37	4578.29	2117	0	29
2026.03.31	16:35:00	4578.30	4585.62	4572.63	4583.60	2096	0	29
2026.03.31	16:40:00	4583.72	4589.33	4583.24	4587.89	1791	0	29
2026.03.31	16:45:00	4588.20	4589.81	4585.19	4589.62	1913	0	29
2026.03.31	16:50:00	4589.65	4609.69	4585.38	4606.64	2025	0	29
2026.03.31	16:55:00	4606.57	4609.35	4592.83	4607.81	2011	0	29
2026.03.31	17:00:00	4607.91	4625.13	4605.27	4613.96	2062	0	29
2026.03.31	17:05:00	4613.96	4615.84	4604.78	4605.23	2098	0	29
2026.03.31	17:10:00	4605.34	4615.58	4603.67	4615.04	2128	0	29
2026.03.31	17:15:00	4615.04	4615.04	4607.43	4611.56	2100	0	29
2026.03.31	17:20:00	4611.35	4615.37	4602.88	4612.71	2089	0	29
2026.03.31	17:25:00	4612.78	4619.35	4606.03	4618.93	2043	0	29
2026.03.31	17:30:00	4619.20	4629.98	4615.04	4620.59	2088	0	29
2026.03.31	17:35:00	4620.65	4622.36	4608.11	4608.79	2094	0	29
2026.03.31	17:40:00	4608.79	4611.82	4604.06	4607.95	2041	0	29
2026.03.31	17:45:00	4607.82	4610.99	4600.56	4601.62	2033	0	29
2026.03.31	17:50:00	4601.64	4607.36	4601.16	4605.77	2036	0	29
2026.03.31	17:55:00	4605.63	4605.63	4594.93	4599.07	2096	0	29
2026.03.31	18:00:00	4599.09	4614.80	4599.09	4613.24	2079	0	29
2026.03.31	18:05:00	4613.25	4618.71	4611.98	4614.25	2029	0	29
2026.03.31	18:10:00	4614.26	4623.92	4613.64	4622.82	1971	0	29
2026.03.31	18:15:00	4622.80	4625.28	4615.65	4619.57	1999	0	29
2026.03.31	18:20:00	4619.54	4619.61	4613.38	4619.23	1922	0	29
2026.03.31	18:25:00	4619.28	4619.37	4607.87	4610.24	1926	0	29
2026.03.31	18:30:00	4610.28	4614.29	4607.24	4614.29	1902	0	29
2026.03.31	18:35:00	4614.23	4619.72	4614.02	4619.48	1928	0	29
2026.03.31	18:40:00	4619.49	4621.23	4616.53	4620.66	1893	0	29
2026.03.31	18:45:00	4620.68	4622.22	4615.75	4615.75	1855	0	29
2026.03.31	18:50:00	4615.66	4623.59	4614.93	4618.07	1889	0	29
2026.03.31	18:55:00	4618.12	4619.05	4608.13	4609.49	1906	0	29
2026.03.31	19:00:00	4609.47	4618.65	4608.06	4614.01	1932	0	29
2026.03.31	19:05:00	4614.12	4619.63	4613.17	4619.44	1776	0	29
2026.03.31	19:10:00	4619.49	4619.95	4607.01	4612.07	1856	0	29
2026.03.31	19:15:00	4612.00	4618.79	4611.99	4614.80	1610	0	29
2026.03.31	19:20:00	4614.68	4618.19	4609.36	4617.90	1552	0	29
2026.03.31	19:25:00	4618.20	4618.50	4614.89	4617.75	1700	0	29
2026.03.31	19:30:00	4617.77	4619.09	4615.78	4616.96	1672	0	29
2026.03.31	19:35:00	4616.90	4633.37	4615.03	4632.73	1819	0	29
2026.03.31	19:40:00	4632.39	4651.45	4632.25	4641.46	2265	0	29
2026.03.31	19:45:00	4641.49	4646.07	4631.15	4641.32	2169	0	29
2026.03.31	19:50:00	4641.34	4649.95	4635.02	4637.37	2198	0	29
2026.03.31	19:55:00	4637.19	4643.54	4635.64	4638.26	2153	0	29
2026.03.31	20:00:00	4638.22	4655.73	4638.22	4648.04	2111	0	29
2026.03.31	20:05:00	4648.22	4649.49	4637.32	4639.26	2090	0	29
2026.03.31	20:10:00	4639.72	4645.45	4636.35	4642.80	2089	0	29
2026.03.31	20:15:00	4642.73	4648.95	4640.80	4648.00	1980	0	29
2026.03.31	20:20:00	4648.02	4657.97	4644.18	4650.41	2055	0	29
2026.03.31	20:25:00	4650.32	4651.78	4642.68	4648.78	2077	0	29
2026.03.31	20:30:00	4648.71	4658.84	4648.38	4658.83	2042	0	29
2026.03.31	20:35:00	4658.76	4660.93	4645.46	4651.25	2064	0	29
2026.03.31	20:40:00	4651.14	4663.70	4650.88	4660.28	2042	0	29
2026.03.31	20:45:00	4660.25	4666.13	4658.37	4662.53	1958	0	29
2026.03.31	20:50:00	4662.52	4667.30	4659.90	4661.96	1896	0	29
2026.03.31	20:55:00	4661.94	4662.03	4653.42	4654.60	1945	0	29
2026.03.31	21:00:00	4654.46	4660.98	4653.67	4654.73	1964	0	29
2026.03.31	21:05:00	4654.74	4668.27	4653.62	4665.10	1898	0	29
2026.03.31	21:10:00	4665.15	4668.89	4660.41	4665.75	1797	0	29
2026.03.31	21:15:00	4665.76	4668.78	4663.91	4666.43	1779	0	29
2026.03.31	21:20:00	4666.49	4668.51	4662.99	4663.97	1727	0	29
2026.03.31	21:25:00	4663.99	4666.83	4659.90	4664.40	1947	0	29
2026.03.31	21:30:00	4664.32	4666.62	4661.44	4661.53	1872	0	29
2026.03.31	21:35:00	4661.60	4671.08	4660.23	4670.15	1795	0	29
2026.03.31	21:40:00	4670.30	4670.30	4664.21	4667.55	1653	0	29
2026.03.31	21:45:00	4667.56	4670.33	4663.64	4665.40	1581	0	29
2026.03.31	21:50:00	4665.39	4669.48	4665.39	4668.85	1546	0	29
2026.03.31	21:55:00	4668.47	4670.54	4666.69	4667.36	1590	0	29
2026.03.31	22:00:00	4667.44	4676.21	4667.33	4670.48	1807	0	29
2026.03.31	22:05:00	4670.53	4672.61	4661.76	4662.45	1765	0	29
2026.03.31	22:10:00	4661.96	4671.98	4661.95	4671.17	1664	0	29
2026.03.31	22:15:00	4671.17	4675.30	4668.70	4672.91	1674	0	29
2026.03.31	22:20:00	4672.92	4681.08	4672.86	4675.22	1705	0	29
2026.03.31	22:25:00	4675.23	4676.90	4671.12	4672.80	1645	0	29
2026.03.31	22:30:00	4672.80	4679.23	4672.32	4677.04	1729	0	29
2026.03.31	22:35:00	4677.03	4682.80	4676.88	4682.51	1659	0	29
2026.03.31	22:40:00	4682.52	4683.45	4676.43	4680.94	1619	0	29
2026.03.31	22:45:00	4680.94	4683.97	4680.03	4683.20	1574	0	29
2026.03.31	22:50:00	4683.28	4685.53	4679.60	4684.42	1875	0	29
2026.03.31	22:55:00	4684.38	4685.50	4680.77	4682.63	1816	0	29
2026.03.31	23:00:00	4682.76	4687.18	4679.32	4681.30	1679	0	29
2026.03.31	23:05:00	4681.31	4683.49	4677.04	4677.43	1355	0	29
2026.03.31	23:10:00	4677.42	4680.39	4676.29	4679.31	1201	0	29
2026.03.31	23:15:00	4679.35	4682.03	4676.53	4677.30	877	0	29
2026.03.31	23:20:00	4677.20	4678.27	4672.35	4672.76	951	0	29
2026.03.31	23:25:00	4672.77	4673.84	4669.06	4669.51	1067	0	29
2026.03.31	23:30:00	4669.51	4675.43	4669.11	4675.37	825	0	29
2026.03.31	23:35:00	4675.37	4675.37	4666.97	4670.66	996	0	29
2026.03.31	23:40:00	4670.65	4673.22	4667.62	4668.08	958	0	29
2026.03.31	23:45:00	4668.08	4670.22	4666.50	4668.14	862	0	29
2026.03.31	23:50:00	4668.14	4668.98	4665.26	4665.36	1011	0	29
2026.03.31	23:55:00	4665.41	4668.53	4664.80	4668.14	562	0	29
2026.04.01	01:00:00	4671.86	4682.10	4670.94	4674.53	1119	0	29
2026.04.01	01:05:00	4674.55	4677.76	4664.54	4669.53	991	0	29
2026.04.01	01:10:00	4669.60	4673.91	4662.99	4669.16	1190	0	29
2026.04.01	01:15:00	4669.32	4673.48	4666.07	4666.78	1130	0	29
2026.04.01	01:20:00	4666.80	4681.70	4663.07	4681.31	1216	0	29
2026.04.01	01:25:00	4681.12	4686.53	4670.75	4674.56	1201	0	29
2026.04.01	01:30:00	4674.56	4676.36	4671.01	4672.81	930	0	29
2026.04.01	01:35:00	4672.89	4695.12	4671.96	4694.60	1405	0	29
2026.04.01	01:40:00	4694.60	4695.75	4683.54	4684.54	1472	0	29
2026.04.01	01:45:00	4684.57	4686.76	4661.70	4670.99	1589	0	29
2026.04.01	01:50:00	4671.02	4678.91	4668.15	4671.46	1270	0	29
2026.04.01	01:55:00	4671.37	4683.89	4664.90	4680.70	1384	0	29
2026.04.01	02:00:00	4681.06	4682.50	4675.83	4676.98	1253	0	29
2026.04.01	02:05:00	4676.84	4677.72	4674.03	4674.65	949	0	29
2026.04.01	02:10:00	4674.66	4680.44	4672.78	4676.11	1041	0	29
2026.04.01	02:15:00	4676.11	4679.56	4673.80	4673.81	992	0	29
2026.04.01	02:20:00	4673.82	4677.39	4672.07	4677.23	1111	0	29
2026.04.01	02:25:00	4677.22	4684.43	4677.11	4682.43	1244	0	29
2026.04.01	02:30:00	4682.43	4688.34	4681.85	4687.19	1218	0	29
2026.04.01	02:35:00	4687.19	4692.35	4686.82	4692.08	1176	0	29
2026.04.01	02:40:00	4692.09	4695.06	4689.18	4690.94	1272	0	29
2026.04.01	02:45:00	4690.94	4693.24	4688.46	4689.14	1267	0	29
2026.04.01	02:50:00	4689.12	4692.70	4689.10	4691.52	1169	0	29
2026.04.01	02:55:00	4691.54	4699.76	4691.51	4696.33	1432	0	29
2026.04.01	03:00:00	4696.34	4700.07	4693.46	4698.85	1694	0	29
2026.04.01	03:05:00	4698.88	4704.77	4697.53	4700.79	1604	0	29
2026.04.01	03:10:00	4700.79	4704.83	4694.24	4703.25	1560	0	29
2026.04.01	03:15:00	4703.10	4712.53	4702.47	4707.30	1726	0	29
2026.04.01	03:20:00	4707.27	4714.55	4705.85	4714.53	1576	0	29
2026.04.01	03:25:00	4714.46	4721.87	4713.68	4721.77	1743	0	29
2026.04.01	03:30:00	4721.77	4722.45	4704.28	4705.49	1602	0	29
2026.04.01	03:35:00	4705.45	4706.78	4700.06	4704.21	1488	0	29
2026.04.01	03:40:00	4704.19	4706.92	4703.62	4706.41	1305	0	29
2026.04.01	03:45:00	4706.42	4710.58	4704.69	4706.89	1395	0	29
2026.04.01	03:50:00	4706.92	4719.01	4706.90	4711.35	1507	0	29
2026.04.01	03:55:00	4711.30	4714.46	4704.50	4710.88	1483	0	29
2026.04.01	04:00:00	4710.89	4724.07	4701.48	4703.80	2088	0	29
2026.04.01	04:05:00	4703.80	4707.25	4689.54	4705.85	1984	0	29
2026.04.01	04:10:00	4706.04	4709.98	4701.73	4708.12	1860	0	29
2026.04.01	04:15:00	4707.96	4708.34	4696.37	4697.97	1916	0	29
2026.04.01	04:20:00	4697.99	4701.24	4692.52	4695.17	1825	0	29
2026.04.01	04:25:00	4695.17	4708.21	4693.49	4708.16	1673	0	29
2026.04.01	04:30:00	4708.16	4708.33	4690.76	4693.04	1777	0	29
2026.04.01	04:35:00	4693.02	4698.54	4685.74	4686.29	1794	0	29
2026.04.01	04:40:00	4686.17	4688.05	4681.42	4687.72	1735	0	29
2026.04.01	04:45:00	4687.77	4693.97	4686.84	4691.40	1661	0	29
2026.04.01	04:50:00	4691.38	4696.97	4686.30	4695.19	1732	0	29
2026.04.01	04:55:00	4695.19	4696.98	4687.13	4692.64	1678	0	29
2026.04.01	05:00:00	4692.66	4695.91	4686.87	4695.22	1688	0	29
2026.04.01	05:05:00	4695.22	4700.51	4690.35	4695.66	1652	0	29
2026.04.01	05:10:00	4695.66	4696.93	4690.19	4693.84	1596	0	29
2026.04.01	05:15:00	4693.93	4697.62	4692.78	4695.84	1153	0	29
2026.04.01	05:20:00	4695.85	4696.81	4683.90	4686.86	1257	0	29
2026.04.01	05:25:00	4686.88	4688.00	4683.43	4687.22	1209	0	29
2026.04.01	05:30:00	4687.10	4690.38	4682.75	4685.33	1629	0	29
2026.04.01	05:35:00	4685.32	4685.56	4678.65	4680.38	1550	0	29
2026.04.01	05:40:00	4680.35	4682.72	4678.09	4681.62	1357	0	29
2026.04.01	05:45:00	4681.62	4683.55	4678.41	4679.69	1379	0	29
2026.04.01	05:50:00	4679.66	4687.47	4679.63	4687.06	1444	0	29
2026.04.01	05:55:00	4687.05	4689.67	4683.59	4684.54	1476	0	29
2026.04.01	06:00:00	4684.44	4690.01	4682.69	4684.81	1397	0	29
2026.04.01	06:05:00	4684.80	4688.49	4684.21	4687.08	1319	0	29
2026.04.01	06:10:00	4687.09	4692.67	4685.87	4689.40	1280	0	29
2026.04.01	06:15:00	4689.40	4694.19	4687.04	4690.18	1343	0	29
2026.04.01	06:20:00	4690.19	4691.31	4688.45	4689.73	1045	0	29
2026.04.01	06:25:00	4689.75	4691.50	4684.36	4687.15	1270	0	29
2026.04.01	06:30:00	4687.23	4688.28	4684.55	4687.46	1077	0	29
2026.04.01	06:35:00	4687.45	4688.73	4685.56	4687.73	996	0	29
2026.04.01	06:40:00	4687.66	4687.66	4683.25	4686.91	958	0	29
2026.04.01	06:45:00	4686.83	4688.64	4684.09	4684.09	1052	0	29
2026.04.01	06:50:00	4684.11	4684.95	4681.38	4683.06	1016	0	29
2026.04.01	06:55:00	4683.08	4686.42	4679.63	4681.88	1005	0	29
2026.04.01	07:00:00	4681.88	4682.01	4675.46	4676.62	950	0	29
2026.04.01	07:05:00	4676.64	4680.24	4674.60	4674.89	876	0	29
2026.04.01	07:10:00	4674.89	4675.67	4673.04	4673.82	892	0	29
2026.04.01	07:15:00	4673.81	4673.96	4667.02	4668.82	1210	0	29
2026.04.01	07:20:00	4668.83	4672.94	4668.57	4672.46	1262	0	29
2026.04.01	07:25:00	4672.46	4673.40	4671.25	4672.36	895	0	29
2026.04.01	07:30:00	4672.34	4674.65	4671.42	4671.87	1057	0	29
2026.04.01	07:35:00	4671.88	4675.64	4669.06	4675.39	1041	0	29
2026.04.01	07:40:00	4675.37	4676.95	4674.77	4676.80	903	0	29
2026.04.01	07:45:00	4676.93	4678.66	4676.05	4677.83	795	0	29
2026.04.01	07:50:00	4677.83	4681.55	4676.78	4676.78	886	0	29
2026.04.01	07:55:00	4676.91	4677.12	4672.81	4676.44	981	0	29
2026.04.01	08:00:00	4676.37	4678.49	4674.84	4676.00	923	0	29
2026.04.01	08:05:00	4676.02	4680.89	4675.63	4680.89	1011	0	29
2026.04.01	08:10:00	4680.82	4684.76	4679.99	4682.78	1027	0	29
2026.04.01	08:15:00	4682.78	4688.00	4682.20	4685.63	1181	0	29
2026.04.01	08:20:00	4685.57	4686.48	4680.45	4684.27	1204	0	29
2026.04.01	08:25:00	4684.24	4689.91	4682.22	4686.14	1308	0	29
2026.04.01	08:30:00	4686.14	4695.31	4686.14	4693.13	1647	0	29
2026.04.01	08:35:00	4693.22	4700.36	4691.79	4700.32	1574	0	29
2026.04.01	08:40:00	4700.50	4703.42	4699.06	4702.08	1425	0	29
2026.04.01	08:45:00	4702.18	4703.25	4695.71	4699.48	1330	0	29
2026.04.01	08:50:00	4699.39	4699.44	4694.55	4695.47	1282	0	29
2026.04.01	08:55:00	4695.44	4695.56	4683.87	4684.21	1622	0	29
2026.04.01	09:00:00	4684.22	4689.36	4682.71	4685.03	1584	0	29
2026.04.01	09:05:00	4685.04	4687.75	4683.91	4686.54	1515	0	29
2026.04.01	09:10:00	4686.54	4697.59	4686.51	4697.59	1523	0	29
2026.04.01	09:15:00	4697.41	4699.26	4692.73	4696.00	1548	0	29
2026.04.01	09:20:00	4696.01	4709.33	4695.73	4709.09	1532	0	29
2026.04.01	09:25:00	4709.12	4711.41	4705.17	4709.28	1567	0	29
2026.04.01	09:30:00	4709.24	4712.70	4707.75	4709.11	1723	0	29
2026.04.01	09:35:00	4708.83	4708.96	4702.23	4702.50	1585	0	29
2026.04.01	09:40:00	4702.52	4708.78	4702.25	4708.52	1514	0	29
2026.04.01	09:45:00	4708.65	4727.68	4708.62	4724.08	1833	0	29
2026.04.01	09:50:00	4724.14	4727.99	4720.36	4726.96	1692	0	29
2026.04.01	09:55:00	4726.96	4733.11	4726.43	4730.52	1762	0	29
2026.04.01	10:00:00	4730.52	4732.54	4720.41	4722.60	1839	0	29
2026.04.01	10:05:00	4722.60	4723.31	4714.34	4721.00	1714	0	29
2026.04.01	10:10:00	4721.00	4721.59	4714.45	4715.28	1523	0	29
2026.04.01	10:15:00	4715.25	4717.00	4713.05	4716.36	1473	0	29
2026.04.01	10:20:00	4716.38	4725.75	4715.43	4719.65	1523	0	29
2026.04.01	10:25:00	4719.65	4723.92	4718.22	4723.05	1377	0	29
2026.04.01	10:30:00	4723.05	4736.06	4722.15	4731.32	1590	0	29
2026.04.01	10:35:00	4731.53	4747.64	4730.88	4741.90	1804	0	29
2026.04.01	10:40:00	4741.83	4741.83	4730.47	4730.53	1694	0	29
2026.04.01	10:45:00	4730.59	4732.79	4719.93	4722.48	1768	0	29
2026.04.01	10:50:00	4722.50	4724.74	4710.60	4713.60	1870	0	29
2026.04.01	10:55:00	4713.61	4716.46	4709.64	4712.99	1819	0	29
2026.04.01	11:00:00	4712.99	4726.32	4710.51	4721.62	1798	0	29
2026.04.01	11:05:00	4721.57	4725.48	4717.13	4719.92	1629	0	29
2026.04.01	11:10:00	4719.93	4720.81	4715.66	4719.11	1595	0	29
2026.04.01	11:15:00	4719.11	4727.90	4717.07	4726.91	1486	0	29
2026.04.01	11:20:00	4726.75	4731.07	4725.34	4728.65	1537	0	29
2026.04.01	11:25:00	4728.67	4735.70	4727.92	4730.67	1493	0	29
2026.04.01	11:30:00	4730.68	4734.57	4726.24	4732.61	1495	0	29
2026.04.01	11:35:00	4732.61	4740.28	4730.82	4737.92	1567	0	29
2026.04.01	11:40:00	4737.88	4738.25	4730.90	4731.96	1480	0	29
2026.04.01	11:45:00	4731.76	4732.13	4728.96	4731.21	1365	0	29
2026.04.01	11:50:00	4731.22	4732.46	4727.94	4730.12	1276	0	29
2026.04.01	11:55:00	4730.10	4730.68	4726.43	4728.58	1402	0	29
2026.04.01	12:00:00	4728.50	4730.15	4724.99	4726.07	1292	0	29
2026.04.01	12:05:00	4726.13	4727.35	4720.23	4720.47	1426	0	29
2026.04.01	12:10:00	4720.48	4721.88	4717.88	4718.15	1431	0	29
2026.04.01	12:15:00	4718.17	4719.36	4715.16	4717.12	1384	0	29
2026.04.01	12:20:00	4717.13	4721.12	4713.93	4721.00	1398	0	29
2026.04.01	12:25:00	4721.00	4723.89	4718.37	4719.45	1339	0	29
2026.04.01	12:30:00	4719.44	4722.20	4713.08	4714.16	1454	0	29
2026.04.01	12:35:00	4714.16	4722.85	4713.98	4718.65	1313	0	29
2026.04.01	12:40:00	4718.63	4722.60	4718.04	4719.17	1260	0	29
2026.04.01	12:45:00	4719.18	4727.33	4719.17	4726.52	1266	0	29
2026.04.01	12:50:00	4726.68	4727.75	4722.39	4723.21	1335	0	29
2026.04.01	12:55:00	4723.23	4725.05	4719.22	4723.13	1490	0	29
2026.04.01	13:00:00	4723.15	4724.39	4718.54	4718.97	1307	0	29
2026.04.01	13:05:00	4718.93	4721.52	4717.66	4718.22	1243	0	29
2026.04.01	13:10:00	4718.20	4719.46	4715.53	4715.72	1241	0	29
2026.04.01	13:15:00	4715.65	4721.17	4715.32	4719.99	1189	0	29
2026.04.01	13:20:00	4719.93	4729.24	4719.60	4725.19	1336	0	29
2026.04.01	13:25:00	4725.23	4728.78	4722.36	4728.40	1181	0	29
2026.04.01	13:30:00	4728.40	4731.99	4726.11	4727.00	1249	0	29
2026.04.01	13:35:00	4727.01	4731.81	4726.36	4730.20	1120	0	29
2026.04.01	13:40:00	4730.18	4736.10	4730.11	4734.81	1203	0	29
2026.04.01	13:45:00	4734.99	4738.72	4734.73	4736.92	1303	0	29
2026.04.01	13:50:00	4737.02	4737.05	4728.57	4731.93	1342	0	29
2026.04.01	13:55:00	4731.95	4732.21	4728.04	4731.31	1234	0	29
2026.04.01	14:00:00	4731.30	4738.02	4728.16	4737.39	1324	0	29
2026.04.01	14:05:00	4737.42	4740.12	4736.24	4739.72	1231	0	29
2026.04.01	14:10:00	4739.66	4740.34	4734.33	4736.82	1291	0	29
2026.04.01	14:15:00	4736.82	4744.07	4736.40	4743.55	1337	0	29
2026.04.01	14:20:00	4743.56	4744.30	4736.54	4740.01	1210	0	29
2026.04.01	14:25:00	4740.01	4746.23	4740.01	4745.10	1352	0	29
2026.04.01	14:30:00	4745.05	4750.52	4744.79	4746.02	1582	0	29
2026.04.01	14:35:00	4746.04	4758.69	4745.81	4756.79	1520	0	29
2026.04.01	14:40:00	4756.80	4762.85	4755.24	4760.40	1478	0	29
2026.04.01	14:45:00	4760.40	4760.62	4753.00	4758.69	1536	0	29
2026.04.01	14:50:00	4758.69	4761.41	4756.57	4759.76	1442	0	29
2026.04.01	14:55:00	4759.80	4760.09	4752.45	4752.45	1401	0	29
2026.04.01	15:00:00	4752.05	4753.62	4747.22	4747.98	1440	0	29
2026.04.01	15:05:00	4747.96	4749.17	4739.38	4743.02	1601	0	29
2026.04.01	15:10:00	4743.04	4745.40	4741.68	4743.57	1324	0	29
2026.04.01	15:15:00	4743.57	4745.45	4736.05	4739.26	1570	0	29
2026.04.01	15:20:00	4739.49	4741.90	4730.78	4732.60	1686	0	29
2026.04.01	15:25:00	4732.60	4736.43	4724.51	4736.24	1734	0	29
2026.04.01	15:30:00	4735.57	4745.31	4732.88	4744.56	1730	0	29
2026.04.01	15:35:00	4744.61	4749.04	4733.86	4735.70	1706	0	29
2026.04.01	15:40:00	4735.95	4752.84	4733.33	4747.95	1454	0	29
2026.04.01	15:45:00	4747.98	4753.52	4731.49	4733.96	2132	0	29
2026.04.01	15:50:00	4733.73	4737.01	4726.49	4731.30	2001	0	29
2026.04.01	15:55:00	4731.40	4733.29	4724.37	4724.74	1913	0	29
2026.04.01	16:00:00	4724.78	4726.26	4716.29	4720.54	2032	0	29
2026.04.01	16:05:00	4720.54	4729.41	4718.05	4729.10	1880	0	29
2026.04.01	16:10:00	4729.00	4733.55	4728.45	4731.64	1915	0	29
2026.04.01	16:15:00	4731.64	4740.37	4730.75	4739.24	1795	0	29
2026.04.01	16:20:00	4739.23	4739.51	4730.81	4738.13	1749	0	29
2026.04.01	16:25:00	4738.18	4742.17	4735.57	4736.10	1757	0	29
2026.04.01	16:30:00	4736.30	4741.52	4730.76	4738.86	2119	0	29
2026.04.01	16:35:00	4738.72	4749.48	4737.51	4745.94	2021	0	29
2026.04.01	16:40:00	4745.92	4749.13	4735.39	4743.41	2038	0	29
2026.04.01	16:45:00	4743.42	4747.22	4738.06	4743.32	2047	0	29
2026.04.01	16:50:00	4743.38	4748.53	4733.84	4741.31	2078	0	29
2026.04.01	16:55:00	4741.39	4741.40	4734.21	4738.22	1843	0	29
2026.04.01	17:00:00	4738.23	4744.24	4724.09	4744.23	2053	0	29
2026.04.01	17:05:00	4744.10	4746.82	4736.64	4742.75	2074	0	29
2026.04.01	17:10:00	4742.67	4746.88	4737.20	4744.40	2060	0	29
2026.04.01	17:15:00	4744.36	4748.35	4740.77	4746.92	1952	0	29
2026.04.01	17:20:00	4746.93	4754.82	4736.55	4739.51	2054	0	29
2026.04.01	17:25:00	4739.63	4742.46	4730.53	4742.12	1945	0	29
2026.04.01	17:30:00	4742.08	4745.23	4739.43	4743.54	1844	0	29
2026.04.01	17:35:00	4743.54	4752.39	4734.91	4750.09	2023	0	29
2026.04.01	17:40:00	4749.96	4756.40	4743.65	4753.92	2053	0	29
2026.04.01	17:45:00	4753.98	4759.78	4752.61	4758.77	1951	0	29
2026.04.01	17:50:00	4758.77	4768.29	4756.17	4767.76	1919	0	29
2026.04.01	17:55:00	4767.81	4768.67	4759.40	4760.67	1883	0	29
2026.04.01	18:00:00	4760.95	4770.67	4758.47	4766.88	1850	0	29
2026.04.01	18:05:00	4766.83	4773.74	4765.83	4773.12	1775	0	29
2026.04.01	18:10:00	4773.11	4774.81	4762.50	4764.72	1886	0	29
2026.04.01	18:15:00	4764.70	4770.52	4762.43	4770.44	1698	0	29
2026.04.01	18:20:00	4770.48	4776.35	4768.14	4769.96	1723	0	29
2026.04.01	18:25:00	4770.21	4773.78	4768.25	4772.93	1797	0	29
2026.04.01	18:30:00	4772.92	4779.96	4769.86	4779.75	1905	0	29
2026.04.01	18:35:00	4779.67	4783.64	4779.04	4781.76	1784	0	29
2026.04.01	18:40:00	4781.76	4786.65	4779.61	4785.48	1697	0	29
2026.04.01	18:45:00	4785.53	4787.04	4783.16	4784.71	1598	0	29
2026.04.01	18:50:00	4784.62	4788.09	4784.03	4785.46	1634	0	29
2026.04.01	18:55:00	4785.53	4787.47	4782.39	4786.45	1691	0	29
2026.04.01	19:00:00	4786.49	4790.57	4782.93	4785.76	1741	0	29
2026.04.01	19:05:00	4785.75	4787.89	4781.86	4785.31	1688	0	29
2026.04.01	19:10:00	4785.25	4785.33	4774.26	4774.85	1779	0	29
2026.04.01	19:15:00	4774.94	4781.99	4774.54	4781.99	1789	0	29
2026.04.01	19:20:00	4782.30	4783.34	4779.56	4779.79	1587	0	29
2026.04.01	19:25:00	4779.80	4779.81	4774.75	4776.44	1518	0	29
2026.04.01	19:30:00	4776.47	4783.24	4775.16	4782.34	1635	0	29
2026.04.01	19:35:00	4782.35	4784.78	4780.48	4780.75	1491	0	29
2026.04.01	19:40:00	4780.78	4784.27	4780.46	4784.16	1418	0	29
2026.04.01	19:45:00	4784.15	4784.88	4783.11	4783.88	1257	0	29
2026.04.01	19:50:00	4783.87	4784.75	4781.77	4783.55	1180	0	29
2026.04.01	19:55:00	4783.56	4788.55	4782.84	4787.26	1318	0	29
2026.04.01	20:00:00	4787.24	4791.84	4786.58	4789.07	1519	0	29
2026.04.01	20:05:00	4789.01	4792.88	4788.60	4790.89	1581	0	29
2026.04.01	20:10:00	4790.86	4791.36	4788.10	4788.46	1405	0	29
2026.04.01	20:15:00	4788.49	4789.18	4782.40	4785.67	1480	0	29
2026.04.01	20:20:00	4785.66	4788.25	4784.16	4787.40	1560	0	29
2026.04.01	20:25:00	4787.39	4789.68	4784.34	4785.09	1583	0	29
2026.04.01	20:30:00	4785.05	4786.04	4779.28	4779.66	1431	0	29
2026.04.01	20:35:00	4779.71	4782.79	4775.77	4782.48	1619	0	29
2026.04.01	20:40:00	4782.50	4784.67	4781.53	4781.96	1385	0	29
2026.04.01	20:45:00	4781.96	4783.22	4779.24	4780.19	1229	0	29
2026.04.01	20:50:00	4780.12	4781.39	4778.11	4779.45	1464	0	29
2026.04.01	20:55:00	4779.53	4780.05	4773.82	4774.35	1448	0	29
2026.04.01	21:00:00	4774.35	4775.21	4759.49	4764.31	1908	0	29
2026.04.01	21:05:00	4764.33	4773.11	4763.60	4767.06	1833	0	29
2026.04.01	21:10:00	4767.09	4772.77	4767.02	4771.10	1666	0	29
2026.04.01	21:15:00	4771.10	4771.59	4759.39	4762.27	1758	0	29
2026.04.01	21:20:00	4762.26	4764.40	4753.25	4755.53	1928	0	29
2026.04.01	21:25:00	4755.52	4759.83	4753.70	4753.95	1983	0	29
2026.04.01	21:30:00	4753.90	4761.22	4753.90	4755.74	1883	0	29
2026.04.01	21:35:00	4755.91	4756.22	4742.17	4749.16	2033	0	29
2026.04.01	21:40:00	4748.61	4765.93	4748.33	4756.73	1898	0	29
2026.04.01	21:45:00	4756.88	4758.46	4752.14	4756.10	1787	0	29
2026.04.01	21:50:00	4756.04	4757.39	4751.54	4755.13	1789	0	29
2026.04.01	21:55:00	4755.15	4756.10	4751.89	4753.08	1842	0	29
2026.04.01	22:00:00	4753.12	4758.24	4751.15	4757.85	1857	0	29
2026.04.01	22:05:00	4757.87	4765.24	4757.78	4758.05	1696	0	29
2026.04.01	22:10:00	4758.04	4760.50	4756.00	4759.67	1616	0	29
2026.04.01	22:15:00	4759.65	4762.09	4758.66	4760.98	1487	0	29
2026.04.01	22:20:00	4760.99	4762.88	4758.62	4760.99	1466	0	29
2026.04.01	22:25:00	4760.97	4769.16	4760.50	4765.51	1608	0	29
2026.04.01	22:30:00	4765.51	4767.40	4763.09	4767.24	1525	0	29
2026.04.01	22:35:00	4767.22	4775.35	4766.93	4774.90	1519	0	29
2026.04.01	22:40:00	4774.88	4778.13	4768.81	4769.45	1501	0	29
2026.04.01	22:45:00	4769.38	4770.10	4765.80	4767.84	1592	0	29
2026.04.01	22:50:00	4767.84	4768.58	4758.16	4765.31	1805	0	29
2026.04.01	22:55:00	4765.28	4771.09	4764.49	4766.06	1889	0	29
2026.04.01	23:00:00	4765.90	4769.68	4762.66	4765.30	1353	0	29
2026.04.01	23:05:00	4765.27	4768.03	4763.92	4767.74	896	0	29
2026.04.01	23:10:00	4767.81	4769.51	4767.33	4768.74	800	0	29
2026.04.01	23:15:00	4768.76	4771.16	4768.70	4770.86	822	0	29
2026.04.01	23:20:00	4770.86	4771.07	4762.83	4762.83	827	0	29
2026.04.01	23:25:00	4762.81	4765.14	4760.97	4762.11	1001	0	29
2026.04.01	23:30:00	4762.08	4763.63	4757.98	4760.06	1016	0	29
2026.04.01	23:35:00	4760.04	4762.56	4757.67	4758.29	1013	0	29
2026.04.01	23:40:00	4758.24	4760.80	4754.33	4759.95	935	0	29
2026.04.01	23:45:00	4759.94	4763.51	4758.94	4762.78	629	0	29
2026.04.01	23:50:00	4762.76	4763.00	4757.10	4757.50	850	0	29
2026.04.01	23:55:00	4757.51	4758.84	4756.60	4756.72	493	0	29
2026.04.02	01:00:00	4757.25	4760.72	4756.82	4759.32	424	0	29
2026.04.02	01:05:00	4759.32	4761.10	4752.18	4757.54	834	0	29
2026.04.02	01:10:00	4757.49	4759.82	4756.74	4759.05	486	0	29
2026.04.02	01:15:00	4759.02	4763.05	4758.82	4762.31	555	0	29
2026.04.02	01:20:00	4762.33	4768.43	4759.73	4765.57	1065	0	29
2026.04.02	01:25:00	4765.57	4774.95	4765.56	4772.80	1096	0	29
2026.04.02	01:30:00	4772.80	4777.88	4771.45	4776.89	1132	0	29
2026.04.02	01:35:00	4776.95	4781.57	4773.94	4774.28	1146	0	29
2026.04.02	01:40:00	4774.32	4779.51	4770.76	4776.30	1034	0	29
2026.04.02	01:45:00	4776.26	4780.73	4775.85	4780.27	1077	0	29
2026.04.02	01:50:00	4780.27	4782.45	4775.07	4779.15	1013	0	29
2026.04.02	01:55:00	4779.15	4779.56	4775.19	4776.40	728	0	29
2026.04.02	02:00:00	4776.40	4778.67	4773.61	4778.49	984	0	29
2026.04.02	02:05:00	4778.48	4789.05	4778.44	4787.48	1265	0	29
2026.04.02	02:10:00	4787.45	4791.48	4787.40	4791.17	1099	0	29
2026.04.02	02:15:00	4791.18	4798.86	4788.59	4795.99	1406	0	29
2026.04.02	02:20:00	4795.91	4798.09	4791.86	4792.94	1219	0	29
2026.04.02	02:25:00	4792.94	4796.46	4792.40	4794.90	968	0	29
2026.04.02	02:30:00	4794.89	4800.29	4791.61	4793.26	1221	0	29
2026.04.02	02:35:00	4793.19	4793.54	4788.37	4791.97	1101	0	29
2026.04.02	02:40:00	4791.96	4793.69	4789.56	4789.68	937	0	29
2026.04.02	02:45:00	4789.68	4789.87	4780.49	4784.08	1294	0	29
2026.04.02	02:50:00	4784.08	4785.80	4778.16	4785.49	1238	0	29
2026.04.02	02:55:00	4785.48	4786.09	4782.39	4784.04	1074	0	29
2026.04.02	03:00:00	4784.05	4784.05	4775.12	4781.68	1655	0	29
2026.04.02	03:05:00	4781.69	4791.21	4780.83	4790.19	1621	0	29
2026.04.02	03:10:00	4790.19	4793.41	4789.16	4792.51	1458	0	29
2026.04.02	03:15:00	4792.53	4798.62	4790.93	4795.66	1507	0	29
2026.04.02	03:20:00	4795.66	4797.51	4791.24	4794.12	1407	0	29
2026.04.02	03:25:00	4794.08	4794.30	4788.41	4789.71	1281	0	29
2026.04.02	03:30:00	4789.68	4791.17	4785.42	4790.34	1335	0	29
2026.04.02	03:35:00	4790.35	4791.39	4784.52	4791.38	1417	0	29
2026.04.02	03:40:00	4791.39	4796.03	4786.50	4787.51	1534	0	29
2026.04.02	03:45:00	4787.50	4791.79	4784.03	4787.79	1558	0	29
2026.04.02	03:50:00	4787.80	4789.56	4785.51	4787.85	1431	0	29
2026.04.02	03:55:00	4787.74	4788.82	4783.66	4784.53	1486	0	29
2026.04.02	04:00:00	4784.34	4786.46	4734.74	4744.18	2075	0	29
2026.04.02	04:05:00	4743.47	4748.69	4724.50	4746.83	2173	0	29
2026.04.02	04:10:00	4747.05	4764.69	4745.38	4750.79	2173	0	29
2026.04.02	04:15:00	4750.83	4752.73	4723.93	4727.54	2205	0	29
2026.04.02	04:20:00	4727.26	4734.57	4710.97	4714.07	2213	0	29
2026.04.02	04:25:00	4713.84	4715.78	4687.17	4696.98	2186	0	29
2026.04.02	04:30:00	4695.93	4699.30	4650.61	4681.81	2214	0	29
2026.04.02	04:35:00	4680.57	4697.76	4674.57	4697.42	2137	0	29
2026.04.02	04:40:00	4697.52	4708.31	4689.36	4689.94	2111	0	29
2026.04.02	04:45:00	4689.94	4699.76	4685.16	4696.94	2087	0	29
2026.04.02	04:50:00	4696.25	4711.79	4693.12	4700.70	2057	0	29
2026.04.02	04:55:00	4700.67	4704.98	4690.23	4696.62	2008	0	29
2026.04.02	05:00:00	4695.90	4698.75	4688.88	4697.90	2056	0	29
2026.04.02	05:05:00	4697.96	4704.13	4689.09	4690.81	2058	0	29
2026.04.02	05:10:00	4690.74	4695.97	4678.71	4688.98	2032	0	29
2026.04.02	05:15:00	4688.93	4703.01	4688.32	4690.74	1776	0	29
2026.04.02	05:20:00	4690.75	4700.03	4688.72	4697.94	1714	0	29
2026.04.02	05:25:00	4697.93	4699.27	4688.33	4689.85	1551	0	29
2026.04.02	05:30:00	4689.85	4691.08	4666.59	4670.13	2102	0	29
2026.04.02	05:35:00	4670.13	4670.48	4655.41	4659.58	2079	0	29
2026.04.02	05:40:00	4659.56	4682.00	4659.52	4675.96	1919	0	29
2026.04.02	05:45:00	4675.97	4685.47	4675.16	4676.45	1815	0	29
2026.04.02	05:50:00	4676.32	4680.78	4673.09	4680.10	1826	0	29
2026.04.02	05:55:00	4680.04	4689.36	4677.44	4686.86	1774	0	29
2026.04.02	06:00:00	4686.81	4686.85	4678.88	4679.70	1718	0	29
2026.04.02	06:05:00	4679.64	4685.19	4677.80	4682.00	1656	0	29
2026.04.02	06:10:00	4682.00	4691.52	4680.24	4689.98	1636	0	29
2026.04.02	06:15:00	4689.96	4694.60	4688.01	4690.91	1498	0	29
2026.04.02	06:20:00	4690.92	4698.23	4688.17	4697.60	1620	0	29
2026.04.02	06:25:00	4697.58	4699.25	4691.48	4691.49	1630	0	29
2026.04.02	06:30:00	4691.46	4692.60	4686.68	4691.63	1571	0	29
2026.04.02	06:35:00	4691.63	4692.47	4685.01	4686.79	1266	0	29
2026.04.02	06:40:00	4686.75	4689.93	4683.42	4685.69	1319	0	29
2026.04.02	06:45:00	4685.69	4687.46	4677.96	4677.99	1280	0	29
2026.04.02	06:50:00	4677.98	4681.02	4675.84	4677.57	1212	0	29
2026.04.02	06:55:00	4677.56	4680.08	4675.74	4676.17	995	0	29
2026.04.02	07:00:00	4676.13	4681.46	4675.40	4676.99	1363	0	29
2026.04.02	07:05:00	4676.98	4676.98	4664.54	4670.68	1557	0	29
2026.04.02	07:10:00	4670.68	4672.03	4666.06	4668.26	1464	0	29
2026.04.02	07:15:00	4668.31	4672.34	4667.51	4668.01	1261	0	29
2026.04.02	07:20:00	4668.01	4668.03	4662.27	4666.08	1309	0	29
2026.04.02	07:25:00	4666.10	4672.02	4664.41	4666.19	1282	0	29
2026.04.02	07:30:00	4666.21	4669.67	4663.87	4666.76	1194	0	29
2026.04.02	07:35:00	4666.76	4669.27	4664.10	4664.92	1157	0	29
2026.04.02	07:40:00	4664.92	4665.04	4658.33	4661.81	1486	0	29
2026.04.02	07:45:00	4661.83	4665.47	4657.23	4665.27	1371	0	29
2026.04.02	07:50:00	4665.26	4669.97	4665.26	4666.50	1156	0	29
2026.04.02	07:55:00	4666.50	4673.24	4665.01	4672.55	1081	0	29
2026.04.02	08:00:00	4672.55	4675.12	4671.54	4672.59	1209	0	29
2026.04.02	08:05:00	4672.59	4673.08	4666.34	4668.65	1174	0	29
2026.04.02	08:10:00	4668.67	4673.58	4668.09	4670.18	1279	0	29
2026.04.02	08:15:00	4670.18	4673.65	4669.63	4672.36	1250	0	29
2026.04.02	08:20:00	4672.24	4675.09	4669.28	4674.02	1286	0	29
2026.04.02	08:25:00	4674.03	4680.50	4673.38	4677.20	1385	0	29
2026.04.02	08:30:00	4676.84	4679.08	4640.34	4651.67	2013	0	29
2026.04.02	08:35:00	4651.66	4652.89	4642.78	4646.46	1936	0	29
2026.04.02	08:40:00	4646.26	4647.72	4629.08	4634.08	2027	0	29
2026.04.02	08:45:00	4634.18	4635.35	4591.48	4591.48	2146	0	29
2026.04.02	08:50:00	4591.61	4608.66	4586.10	4604.09	2106	0	29
2026.04.02	08:55:00	4604.12	4607.95	4591.05	4594.03	1988	0	29
2026.04.02	09:00:00	4594.10	4596.61	4577.16	4585.10	2105	0	29
2026.04.02	09:05:00	4585.04	4589.36	4561.50	4567.92	2106	0	29
2026.04.02	09:10:00	4567.98	4580.84	4554.11	4580.82	2063	0	29
2026.04.02	09:15:00	4580.72	4591.57	4574.21	4590.43	1928	0	29
2026.04.02	09:20:00	4590.44	4598.70	4585.03	4587.31	1939	0	29
2026.04.02	09:25:00	4587.34	4591.85	4580.93	4591.23	1838	0	29
2026.04.02	09:30:00	4591.25	4598.46	4586.13	4591.71	1849	0	29
2026.04.02	09:35:00	4591.77	4597.12	4583.45	4594.45	1875	0	29
2026.04.02	09:40:00	4594.82	4595.75	4581.69	4588.33	1758	0	29
2026.04.02	09:45:00	4588.03	4600.06	4584.13	4599.27	1789	0	29
2026.04.02	09:50:00	4599.21	4608.55	4598.27	4598.41	1828	0	29
2026.04.02	09:55:00	4598.43	4600.10	4592.00	4599.13	1814	0	29
2026.04.02	10:00:00	4598.68	4606.35	4597.19	4602.86	1695	0	29
2026.04.02	10:05:00	4602.90	4611.97	4598.22	4607.98	1694	0	29
2026.04.02	10:10:00	4607.97	4622.14	4607.97	4621.11	1738	0	29
2026.04.02	10:15:00	4621.00	4625.48	4617.66	4623.75	1835	0	29
2026.04.02	10:20:00	4623.76	4627.19	4618.37	4619.35	1595	0	29
2026.04.02	10:25:00	4619.34	4623.85	4617.84	4620.64	1363	0	29
2026.04.02	10:30:00	4620.80	4633.84	4619.29	4631.82	1647	0	29
2026.04.02	10:35:00	4631.84	4637.05	4626.99	4634.59	1504	0	29
2026.04.02	10:40:00	4634.60	4641.37	4633.10	4637.38	1597	0	29
2026.04.02	10:45:00	4637.25	4651.00	4636.07	4648.45	1527	0	29
2026.04.02	10:50:00	4648.23	4648.54	4642.54	4644.74	1555	0	29
2026.04.02	10:55:00	4644.70	4645.31	4640.86	4642.63	1289	0	29
2026.04.02	11:00:00	4642.64	4648.69	4637.60	4641.69	1517	0	29
2026.04.02	11:05:00	4641.69	4641.69	4630.52	4632.85	1770	0	29
2026.04.02	11:10:00	4632.86	4641.73	4628.87	4641.09	1700	0	29
2026.04.02	11:15:00	4641.09	4644.79	4637.48	4641.82	1669	0	29
2026.04.02	11:20:00	4641.88	4642.34	4631.61	4636.23	1571	0	29
2026.04.02	11:25:00	4636.25	4637.00	4631.46	4634.31	1304	0	29
2026.04.02	11:30:00	4634.31	4638.66	4631.71	4638.08	1375	0	29
2026.04.02	11:35:00	4638.07	4643.68	4636.28	4639.42	1675	0	29
2026.04.02	11:40:00	4639.39	4641.46	4630.52	4630.56	1297	0	29
2026.04.02	11:45:00	4630.59	4634.37	4625.47	4627.56	1534	0	29
2026.04.02	11:50:00	4627.54	4629.39	4624.78	4627.09	1386	0	29
2026.04.02	11:55:00	4627.20	4628.68	4617.19	4620.83	1564	0	29
2026.04.02	12:00:00	4620.75	4624.58	4613.49	4618.61	1514	0	29
2026.04.02	12:05:00	4618.51	4621.18	4613.26	4616.68	1287	0	29
2026.04.02	12:10:00	4617.28	4625.31	4614.91	4623.82	1317	0	29
2026.04.02	12:15:00	4623.79	4631.85	4622.15	4625.52	1498	0	29
2026.04.02	12:20:00	4625.52	4631.64	4624.96	4626.60	1363	0	29
2026.04.02	12:25:00	4626.58	4629.60	4617.21	4620.91	1408	0	29
2026.04.02	12:30:00	4620.82	4625.36	4615.53	4622.13	1444	0	29
2026.04.02	12:35:00	4621.78	4624.68	4615.72	4622.44	1320	0	29
2026.04.02	12:40:00	4622.44	4624.68	4619.87	4621.44	1135	0	29
2026.04.02	12:45:00	4621.44	4622.93	4617.72	4620.16	1377	0	29
2026.04.02	12:50:00	4620.22	4626.91	4618.73	4625.62	1351	0	29
2026.04.02	12:55:00	4625.57	4628.29	4620.71	4621.71	1307	0	29
2026.04.02	13:00:00	4621.68	4627.97	4618.37	4626.52	1319	0	29
2026.04.02	13:05:00	4626.50	4635.03	4626.50	4630.78	1478	0	29
2026.04.02	13:10:00	4630.78	4632.45	4624.47	4625.07	1399	0	29
2026.04.02	13:15:00	4625.07	4626.82	4612.84	4614.83	1549	0	29
2026.04.02	13:20:00	4614.83	4617.34	4604.25	4615.86	1619	0	29
2026.04.02	13:25:00	4615.86	4620.77	4615.70	4618.44	1324	0	29
2026.04.02	13:30:00	4618.51	4619.90	4613.48	4614.33	1317	0	29
2026.04.02	13:35:00	4614.38	4618.64	4613.83	4614.27	1330	0	29
2026.04.02	13:40:00	4614.19	4631.52	4614.19	4624.25	1566	0	29
2026.04.02	13:45:00	4624.31	4629.49	4622.04	4628.45	1456	0	29
2026.04.02	13:50:00	4628.36	4628.59	4619.65	4620.69	1410	0	29
2026.04.02	13:55:00	4620.66	4625.78	4619.98	4620.44	1364	0	29
2026.04.02	14:00:00	4620.46	4626.91	4616.73	4626.45	1546	0	29
2026.04.02	14:05:00	4626.45	4627.68	4622.85	4625.69	1366	0	29
2026.04.02	14:10:00	4625.72	4629.95	4624.55	4627.51	1365	0	29
2026.04.02	14:15:00	4627.50	4628.62	4623.33	4624.57	1285	0	29
2026.04.02	14:20:00	4624.56	4628.71	4623.56	4625.45	1233	0	29
2026.04.02	14:25:00	4625.44	4630.66	4614.11	4614.81	1508	0	29
2026.04.02	14:30:00	4614.80	4617.18	4608.44	4613.48	1695	0	29
2026.04.02	14:35:00	4613.47	4617.65	4608.66	4608.70	1404	0	29
2026.04.02	14:40:00	4608.71	4608.71	4592.69	4599.98	1750	0	29
2026.04.02	14:45:00	4599.98	4604.84	4596.35	4604.17	1508	0	29
2026.04.02	14:50:00	4604.15	4611.96	4600.31	4601.35	1614	0	29
2026.04.02	14:55:00	4601.31	4603.59	4598.87	4600.07	1569	0	29
2026.04.02	15:00:00	4600.15	4607.39	4594.58	4607.04	1864	0	29
2026.04.02	15:05:00	4607.34	4610.56	4602.16	4603.37	1657	0	29
2026.04.02	15:10:00	4603.36	4612.71	4598.67	4612.38	1758	0	29
2026.04.02	15:15:00	4612.66	4616.43	4609.57	4613.73	1649	0	29
2026.04.02	15:20:00	4613.47	4628.97	4611.97	4628.24	1779	0	29
2026.04.02	15:25:00	4628.18	4630.14	4623.65	4626.15	1425	0	29
2026.04.02	15:30:00	4626.22	4626.86	4619.21	4621.97	1591	0	29
2026.04.02	15:35:00	4621.98	4624.57	4619.97	4621.35	1547	0	29
2026.04.02	15:40:00	4621.34	4622.09	4615.68	4618.15	1543	0	29
2026.04.02	15:45:00	4618.15	4624.43	4613.81	4619.40	1558	0	29
2026.04.02	15:50:00	4619.39	4626.45	4618.41	4620.12	1509	0	29
2026.04.02	15:55:00	4620.03	4621.52	4600.40	4601.66	1834	0	29
2026.04.02	16:00:00	4601.82	4602.61	4580.72	4594.91	2164	0	29
2026.04.02	16:05:00	4594.81	4613.97	4592.89	4600.06	2016	0	29
2026.04.02	16:10:00	4600.04	4601.24	4585.70	4587.47	2032	0	29
2026.04.02	16:15:00	4587.47	4594.75	4584.80	4591.08	1994	0	29
2026.04.02	16:20:00	4591.07	4597.56	4580.89	4583.05	1933	0	29
2026.04.02	16:25:00	4583.06	4600.25	4583.02	4597.59	1974	0	29
2026.04.02	16:30:00	4597.63	4607.51	4593.96	4599.98	2190	0	29
2026.04.02	16:35:00	4599.66	4601.32	4589.82	4589.99	2179	0	29
2026.04.02	16:40:00	4590.00	4602.38	4586.08	4601.99	2151	0	29
2026.04.02	16:45:00	4602.07	4636.57	4600.56	4634.38	2164	0	29
2026.04.02	16:50:00	4634.53	4643.57	4629.36	4635.59	2136	0	29
2026.04.02	16:55:00	4635.45	4651.36	4632.34	4646.16	2122	0	29
2026.04.02	17:00:00	4646.29	4650.11	4631.70	4642.13	2070	0	29
2026.04.02	17:05:00	4642.07	4651.05	4637.40	4647.97	2126	0	29
2026.04.02	17:10:00	4647.85	4659.47	4646.40	4647.72	2109	0	29
2026.04.02	17:15:00	4647.73	4663.65	4645.78	4660.61	2167	0	29
2026.04.02	17:20:00	4660.33	4675.92	4659.05	4675.00	2099	0	29
2026.04.02	17:25:00	4675.02	4675.60	4660.43	4665.19	2103	0	29
2026.04.02	17:30:00	4665.02	4673.29	4658.85	4669.98	2149	0	29
2026.04.02	17:35:00	4669.91	4695.66	4668.59	4687.70	2229	0	29
2026.04.02	17:40:00	4687.12	4699.70	4679.86	4693.52	2226	0	29
2026.04.02	17:45:00	4692.98	4693.41	4679.67	4680.97	2214	0	29
2026.04.02	17:50:00	4681.00	4684.87	4672.40	4683.96	2156	0	29
2026.04.02	17:55:00	4684.09	4689.92	4680.46	4681.47	2087	0	29
2026.04.02	18:00:00	4681.82	4683.95	4669.81	4680.80	2143	0	29
2026.04.02	18:05:00	4681.16	4682.22	4667.53	4670.77	2103	0	29
2026.04.02	18:10:00	4670.87	4680.40	4669.08	4672.25	2099	0	29
2026.04.02	18:15:00	4672.26	4681.86	4671.68	4672.50	2039	0	29
2026.04.02	18:20:00	4672.54	4672.54	4659.72	4662.09	2097	0	29
2026.04.02	18:25:00	4662.22	4676.42	4658.30	4672.45	2037	0	29
2026.04.02	18:30:00	4672.68	4675.24	4668.26	4675.17	2049	0	29
2026.04.02	18:35:00	4675.09	4675.93	4667.88	4670.28	2039	0	29
2026.04.02	18:40:00	4670.06	4670.32	4662.23	4666.04	2009	0	29
2026.04.02	18:45:00	4666.02	4666.64	4658.69	4659.06	1956	0	29
2026.04.02	18:50:00	4659.14	4662.60	4652.67	4662.03	2005	0	29
2026.04.02	18:55:00	4661.67	4664.26	4653.24	4660.98	1936	0	29
2026.04.02	19:00:00	4661.00	4668.39	4659.66	4661.65	1938	0	29
2026.04.02	19:05:00	4661.54	4665.28	4648.09	4658.09	1937	0	29
2026.04.02	19:10:00	4658.15	4658.84	4651.11	4654.87	1849	0	29
2026.04.02	19:15:00	4654.79	4656.92	4646.10	4646.37	1917	0	29
2026.04.02	19:20:00	4646.37	4655.94	4642.96	4651.30	1897	0	29
2026.04.02	19:25:00	4651.28	4656.05	4650.39	4650.62	1916	0	29
2026.04.02	19:30:00	4650.48	4663.59	4650.48	4658.13	1912	0	29
2026.04.02	19:35:00	4658.13	4668.13	4658.13	4663.87	1914	0	29
2026.04.02	19:40:00	4663.85	4670.03	4658.53	4658.83	1917	0	29
2026.04.02	19:45:00	4658.77	4662.25	4656.79	4660.46	1865	0	29
2026.04.02	19:50:00	4660.43	4670.53	4659.27	4664.22	1802	0	29
2026.04.02	19:55:00	4664.25	4664.50	4659.08	4659.08	1661	0	29
2026.04.02	20:00:00	4659.00	4664.85	4656.26	4663.50	1813	0	29
2026.04.02	20:05:00	4663.49	4668.30	4660.40	4662.81	1753	0	29
2026.04.02	20:10:00	4662.91	4664.15	4657.88	4663.97	1709	0	29
2026.04.02	20:15:00	4663.95	4665.70	4659.83	4662.14	1705	0	29
2026.04.02	20:20:00	4662.21	4665.70	4659.32	4663.79	1737	0	29
2026.04.02	20:25:00	4663.92	4664.20	4651.10	4651.95	1776	0	29
2026.04.02	20:30:00	4651.25	4654.04	4646.49	4651.63	1802	0	29
2026.04.02	20:35:00	4651.64	4653.57	4648.20	4653.46	1666	0	29
2026.04.02	20:40:00	4653.50	4658.03	4652.54	4657.64	1578	0	29
2026.04.02	20:45:00	4657.68	4658.63	4646.43	4646.83	1810	0	29
2026.04.02	20:50:00	4647.59	4651.93	4645.74	4650.19	1702	0	29
2026.04.02	20:55:00	4650.24	4652.20	4647.02	4648.66	1597	0	29
2026.04.02	21:00:00	4648.79	4653.34	4647.42	4653.34	1667	0	29
2026.04.02	21:05:00	4653.51	4658.44	4652.88	4656.01	1482	0	29
2026.04.02	21:10:00	4656.03	4658.79	4653.06	4653.57	1443	0	29
2026.04.02	21:15:00	4653.57	4656.18	4652.09	4653.80	1447	0	29
2026.04.02	21:20:00	4653.87	4656.64	4651.47	4651.47	1343	0	29
2026.04.02	21:25:00	4651.44	4653.21	4649.93	4651.53	1691	0	29
2026.04.02	21:30:00	4651.80	4659.24	4651.80	4658.80	1449	0	29
2026.04.02	21:35:00	4658.80	4659.93	4654.45	4655.72	1400	0	29
2026.04.02	21:40:00	4655.26	4663.48	4655.13	4662.64	1515	0	29
2026.04.02	21:45:00	4662.52	4669.17	4661.97	4669.08	1514	0	29
2026.04.02	21:50:00	4668.89	4670.39	4663.33	4668.19	1602	0	29
2026.04.02	21:55:00	4668.20	4672.03	4666.84	4668.51	1446	0	29
2026.04.02	22:00:00	4668.53	4675.73	4668.53	4672.29	1616	0	29
2026.04.02	22:05:00	4672.31	4679.81	4672.16	4679.61	1477	0	29
2026.04.02	22:10:00	4679.61	4681.74	4673.73	4674.48	1502	0	29
2026.04.02	22:15:00	4674.44	4674.78	4669.00	4670.00	1550	0	29
2026.04.02	22:20:00	4670.02	4677.98	4666.80	4672.92	1694	0	29
2026.04.02	22:25:00	4672.91	4673.82	4664.28	4665.14	1858	0	29
2026.04.02	22:30:00	4665.07	4667.14	4661.96	4663.71	1566	0	29
2026.04.02	22:35:00	4663.69	4666.29	4661.48	4664.33	1533	0	29
2026.04.02	22:40:00	4664.33	4668.22	4663.89	4665.89	1512	0	29
2026.04.02	22:45:00	4665.93	4670.04	4665.73	4668.77	1542	0	29
2026.04.02	22:50:00	4669.26	4675.51	4668.95	4675.25	1672	0	29
2026.04.02	22:55:00	4675.07	4676.46	4671.73	4672.07	1610	0	29
2026.04.02	23:00:00	4672.25	4676.41	4671.90	4675.07	1089	0	29
2026.04.02	23:05:00	4675.07	4675.94	4673.49	4674.06	754	0	29
2026.04.02	23:10:00	4674.05	4676.74	4672.23	4673.87	732	0	29
2026.04.02	23:15:00	4673.87	4674.39	4667.37	4667.94	878	0	29
2026.04.02	23:20:00	4667.83	4667.88	4664.37	4666.49	886	0	29
2026.04.02	23:25:00	4666.49	4670.40	4666.34	4667.77	892	0	29
2026.04.02	23:30:00	4667.75	4672.31	4667.75	4672.28	922	0	29
2026.04.02	23:35:00	4672.28	4673.28	4670.91	4671.42	740	0	29
2026.04.02	23:40:00	4671.42	4671.59	4667.99	4668.90	669	0	29
2026.04.02	23:45:00	4668.90	4673.37	4667.69	4670.83	902	0	32
2026.04.02	23:50:00	4670.83	4672.84	4666.53	4672.09	970	0	30
2026.04.02	23:55:00	4672.11	4676.60	4671.52	4675.63	732	0	29
2026.04.06	01:00:00	4653.75	4666.11	4631.23	4637.67	1819	0	29
2026.04.06	01:05:00	4637.83	4639.16	4630.12	4634.04	1504	0	32
2026.04.06	01:10:00	4633.93	4635.20	4613.95	4630.31	1789	0	32
2026.04.06	01:15:00	4630.37	4640.60	4629.67	4635.92	1612	0	32
2026.04.06	01:20:00	4635.51	4642.13	4632.94	4641.44	1351	0	32
2026.04.06	01:25:00	4641.54	4642.23	4634.20	4636.27	1201	0	32
2026.04.06	01:30:00	4636.26	4641.62	4632.10	4635.32	1325	0	29
2026.04.06	01:35:00	4635.17	4641.97	4634.15	4641.93	1267	0	29
2026.04.06	01:40:00	4641.93	4645.98	4637.92	4642.61	1154	0	29
2026.04.06	01:45:00	4642.47	4650.61	4608.22	4642.56	1695	0	29
2026.04.06	01:50:00	4642.55	4648.78	4618.03	4629.03	1699	0	29
2026.04.06	01:55:00	4630.40	4654.33	4630.40	4645.90	1716	0	29
2026.04.06	02:00:00	4645.94	4651.16	4634.54	4636.48	1617	0	29
2026.04.06	02:05:00	4636.56	4640.72	4629.71	4630.58	1444	0	29
2026.04.06	02:10:00	4630.62	4634.19	4627.00	4632.44	1392	0	29
2026.04.06	02:15:00	4632.47	4634.04	4624.71	4624.71	1229	0	29
2026.04.06	02:20:00	4624.76	4625.83	4618.89	4619.61	1155	0	29
2026.04.06	02:25:00	4619.61	4620.32	4609.50	4609.77	1547	0	29
2026.04.06	02:30:00	4609.75	4616.23	4605.30	4615.33	1408	0	29
2026.04.06	02:35:00	4615.30	4617.26	4611.90	4614.11	1340	0	29
2026.04.06	02:40:00	4614.10	4614.14	4605.31	4607.01	1435	0	29
2026.04.06	02:45:00	4607.01	4615.44	4607.00	4613.36	1514	0	29
2026.04.06	02:50:00	4613.25	4619.36	4612.73	4616.94	1258	0	29
2026.04.06	02:55:00	4617.03	4617.03	4610.08	4610.43	1415	0	29
2026.04.06	03:00:00	4610.54	4623.36	4607.33	4623.13	1860	0	29
2026.04.06	03:05:00	4623.10	4626.35	4617.62	4623.08	1805	0	29
2026.04.06	03:10:00	4623.09	4626.67	4620.41	4626.09	1550	0	29
2026.04.06	03:15:00	4626.07	4629.28	4614.19	4614.80	1542	0	29
2026.04.06	03:20:00	4614.81	4621.40	4613.29	4616.81	1681	0	29
2026.04.06	03:25:00	4616.81	4617.69	4600.78	4603.30	1784	0	29
2026.04.06	03:30:00	4603.30	4610.56	4602.93	4609.19	1542	0	29
2026.04.06	03:35:00	4609.22	4612.76	4605.57	4610.17	1417	0	29
2026.04.06	03:40:00	4610.17	4621.45	4610.04	4619.06	1541	0	30
2026.04.06	03:45:00	4619.05	4621.65	4616.85	4617.61	1255	0	29
2026.04.06	03:50:00	4617.60	4621.28	4615.75	4621.28	1192	0	29
2026.04.06	03:55:00	4621.22	4626.18	4619.36	4622.17	1354	0	29
2026.04.06	04:00:00	4622.20	4632.17	4622.20	4631.03	1508	0	29
2026.04.06	04:05:00	4631.04	4640.63	4627.43	4637.62	1640	0	29
2026.04.06	04:10:00	4638.12	4642.75	4638.05	4641.77	1306	0	29
2026.04.06	04:15:00	4641.78	4643.12	4624.86	4624.93	1431	0	29
2026.04.06	04:20:00	4624.90	4635.01	4620.44	4632.86	1375	0	29
2026.04.06	04:25:00	4632.86	4641.32	4632.86	4641.17	1243	0	29
2026.04.06	04:30:00	4641.17	4641.35	4627.03	4628.82	1425	0	29
2026.04.06	04:35:00	4628.77	4635.52	4626.20	4635.16	1347	0	29
2026.04.06	04:40:00	4635.19	4635.19	4623.48	4627.73	1365	0	29
2026.04.06	04:45:00	4627.71	4628.63	4623.01	4623.37	1248	0	29
2026.04.06	04:50:00	4623.32	4626.52	4621.48	4626.48	1420	0	29
2026.04.06	04:55:00	4625.97	4627.58	4622.37	4625.86	1255	0	29
2026.04.06	05:00:00	4625.89	4631.29	4623.63	4629.30	1606	0	29
2026.04.06	05:05:00	4629.34	4633.13	4626.62	4632.24	1328	0	29
2026.04.06	05:10:00	4632.15	4640.13	4630.88	4636.17	1511	0	29
2026.04.06	05:15:00	4636.17	4665.17	4636.17	4663.23	1562	0	29
2026.04.06	05:20:00	4663.31	4671.73	4662.74	4665.18	1846	0	29
2026.04.06	05:25:00	4665.20	4667.74	4659.27	4661.04	1536	0	29
2026.04.06	05:30:00	4661.04	4666.41	4653.93	4654.44	1647	0	29
2026.04.06	05:35:00	4654.37	4654.65	4644.23	4651.24	1417	0	29
2026.04.06	05:40:00	4651.24	4654.60	4648.83	4651.07	1417	0	29
2026.04.06	05:45:00	4651.06	4654.72	4650.74	4652.21	1291	0	29
2026.04.06	05:50:00	4652.37	4656.13	4647.63	4650.50	1275	0	29
2026.04.06	05:55:00	4650.46	4651.96	4647.20	4647.91	1314	0	29
2026.04.06	06:00:00	4647.91	4647.93	4631.05	4634.45	1590	0	29
2026.04.06	06:05:00	4634.44	4635.44	4629.49	4630.83	1479	0	29
2026.04.06	06:10:00	4630.84	4637.00	4628.82	4633.03	1358	0	29
2026.04.06	06:15:00	4633.24	4636.35	4626.94	4626.94	1335	0	29
2026.04.06	06:20:00	4626.84	4631.94	4625.37	4631.08	1587	0	29
2026.04.06	06:25:00	4631.12	4633.84	4629.84	4630.32	1167	0	29
2026.04.06	06:30:00	4630.25	4632.29	4625.79	4631.40	1395	0	29
2026.04.06	06:35:00	4631.37	4633.41	4629.02	4629.02	1190	0	29
2026.04.06	06:40:00	4629.02	4632.87	4625.55	4632.58	1248	0	29
2026.04.06	06:45:00	4632.54	4634.72	4630.48	4634.62	1132	0	29
2026.04.06	06:50:00	4634.61	4638.24	4633.55	4635.38	1138	0	29
2026.04.06	06:55:00	4635.37	4642.04	4635.26	4640.44	1019	0	29
2026.04.06	07:00:00	4640.44	4648.07	4639.91	4647.97	1245	0	29
2026.04.06	07:05:00	4647.96	4648.21	4642.87	4646.57	1128	0	29
2026.04.06	07:10:00	4646.56	4648.50	4642.88	4643.41	1041	0	29
2026.04.06	07:15:00	4643.43	4645.26	4642.87	4643.49	1028	0	29
2026.04.06	07:20:00	4643.51	4644.45	4641.24	4641.97	879	0	29
2026.04.06	07:25:00	4641.98	4646.68	4641.70	4646.61	796	0	29
2026.04.06	07:30:00	4646.61	4648.42	4642.93	4648.33	997	0	29
2026.04.06	07:35:00	4648.33	4651.09	4648.26	4648.29	930	0	29
2026.04.06	07:40:00	4648.29	4650.27	4647.35	4648.89	868	0	29
2026.04.06	07:45:00	4648.88	4651.87	4646.92	4651.86	844	0	29
2026.04.06	07:50:00	4651.86	4656.20	4651.86	4656.09	906	0	29
2026.04.06	07:55:00	4656.08	4659.83	4654.71	4659.02	887	0	29
2026.04.06	08:00:00	4659.02	4663.75	4657.89	4662.97	1114	0	29
2026.04.06	08:05:00	4662.93	4670.94	4662.23	4670.77	1058	0	29
2026.04.06	08:10:00	4670.78	4676.65	4669.80	4673.59	1288	0	29
2026.04.06	08:15:00	4673.59	4677.98	4673.35	4677.26	960	0	29
2026.04.06	08:20:00	4677.24	4678.68	4668.34	4673.51	1128	0	29
2026.04.06	08:25:00	4673.49	4673.73	4666.90	4667.30	1078	0	29
2026.04.06	08:30:00	4667.33	4668.84	4664.59	4667.35	1097	0	29
2026.04.06	08:35:00	4667.34	4668.05	4665.47	4665.78	616	0	29
2026.04.06	08:40:00	4665.77	4666.95	4661.34	4661.52	987	0	29
2026.04.06	08:45:00	4661.48	4663.08	4659.44	4660.04	1019	0	29
2026.04.06	08:50:00	4660.05	4667.01	4658.76	4666.98	1021	0	29
2026.04.06	08:55:00	4666.98	4667.45	4651.43	4652.58	1256	0	29
2026.04.06	09:00:00	4652.58	4653.18	4643.57	4652.69	1388	0	29
2026.04.06	09:05:00	4652.70	4659.40	4652.70	4658.01	1265	0	29
2026.04.06	09:10:00	4658.01	4661.85	4656.77	4660.91	1164	0	29
2026.04.06	09:15:00	4660.92	4662.18	4658.08	4658.79	1049	0	29
2026.04.06	09:20:00	4658.79	4660.38	4653.44	4655.11	1124	0	29
2026.04.06	09:25:00	4655.12	4657.92	4652.60	4657.28	1124	0	29
2026.04.06	09:30:00	4657.27	4660.01	4655.55	4658.16	1019	0	29
2026.04.06	09:35:00	4658.15	4658.89	4651.78	4654.79	1066	0	29
2026.04.06	09:40:00	4654.75	4658.30	4653.25	4655.50	945	0	29
2026.04.06	09:45:00	4655.57	4656.99	4653.67	4656.43	1030	0	29
2026.04.06	09:50:00	4656.50	4667.61	4655.58	4662.24	1662	0	29
2026.04.06	09:55:00	4662.24	4666.07	4658.63	4665.92	1375	0	29
2026.04.06	10:00:00	4665.84	4666.67	4658.30	4658.80	1381	0	29
2026.04.06	10:05:00	4658.79	4659.99	4655.52	4656.67	1304	0	29
2026.04.06	10:10:00	4656.80	4656.83	4648.00	4651.88	1377	0	29
2026.04.06	10:15:00	4652.07	4655.56	4646.40	4649.46	1466	0	29
2026.04.06	10:20:00	4649.47	4650.09	4645.01	4645.30	1182	0	29
2026.04.06	10:25:00	4645.23	4650.74	4644.94	4650.64	1287	0	29
2026.04.06	10:30:00	4650.65	4653.71	4650.21	4653.26	1218	0	29
2026.04.06	10:35:00	4653.28	4657.65	4653.14	4656.84	1276	0	29
2026.04.06	10:40:00	4656.83	4665.58	4656.52	4664.31	1262	0	29
2026.04.06	10:45:00	4664.32	4672.01	4662.56	4672.01	1429	0	29
2026.04.06	10:50:00	4672.03	4685.84	4672.01	4680.89	1730	0	29
2026.04.06	10:55:00	4680.85	4688.24	4680.59	4684.73	1548	0	29
2026.04.06	11:00:00	4684.70	4694.43	4681.15	4693.40	1616	0	29
2026.04.06	11:05:00	4693.36	4693.45	4682.46	4684.57	1503	0	29
2026.04.06	11:10:00	4684.57	4692.01	4683.72	4689.65	1338	0	29
2026.04.06	11:15:00	4689.63	4692.48	4685.37	4686.56	1415	0	29
2026.04.06	11:20:00	4686.62	4693.26	4684.44	4692.86	1276	0	29
2026.04.06	11:25:00	4692.83	4695.73	4689.95	4691.32	1236	0	29
2026.04.06	11:30:00	4691.05	4694.66	4690.09	4694.53	1093	0	29
2026.04.06	11:35:00	4694.53	4695.61	4690.10	4690.29	1247	0	29
2026.04.06	11:40:00	4690.25	4693.61	4689.87	4693.05	1180	0	29
2026.04.06	11:45:00	4693.01	4697.00	4692.66	4696.69	1273	0	29
2026.04.06	11:50:00	4696.62	4697.20	4691.56	4694.16	1175	0	29
2026.04.06	11:55:00	4694.16	4698.10	4693.39	4695.79	1135	0	29
2026.04.06	12:00:00	4695.81	4702.40	4695.81	4698.96	1478	0	29
2026.04.06	12:05:00	4698.97	4703.27	4698.27	4699.14	1240	0	29
2026.04.06	12:10:00	4699.13	4701.38	4697.40	4701.16	1123	0	29
2026.04.06	12:15:00	4701.16	4703.68	4698.44	4700.21	1205	0	29
2026.04.06	12:20:00	4700.22	4702.73	4697.25	4701.34	1172	0	29
2026.04.06	12:25:00	4701.37	4702.99	4699.76	4702.32	1119	0	29
2026.04.06	12:30:00	4702.36	4704.68	4700.85	4703.68	1198	0	29
2026.04.06	12:35:00	4703.68	4704.25	4701.93	4702.66	958	0	29
2026.04.06	12:40:00	4702.59	4706.54	4702.08	4703.36	950	0	29
2026.04.06	12:45:00	4703.38	4705.09	4700.28	4700.51	1151	0	29
2026.04.06	12:50:00	4700.49	4700.72	4691.48	4693.75	1476	0	29
2026.04.06	12:55:00	4693.81	4695.29	4690.87	4693.55	1512	0	29
2026.04.06	13:00:00	4693.60	4697.46	4692.95	4697.42	1368	0	29
2026.04.06	13:05:00	4697.43	4697.56	4691.54	4693.43	1347	0	29
2026.04.06	13:10:00	4693.43	4696.68	4686.01	4686.69	1277	0	29
2026.04.06	13:15:00	4686.69	4690.79	4686.18	4690.41	1075	0	29
2026.04.06	13:20:00	4690.44	4693.05	4689.26	4689.33	981	0	29
2026.04.06	13:25:00	4689.30	4689.75	4686.46	4689.75	1097	0	29
2026.04.06	13:30:00	4689.75	4693.82	4689.04	4689.86	1058	0	29
2026.04.06	13:35:00	4689.84	4692.02	4687.67	4691.88	1016	0	29
2026.04.06	13:40:00	4691.95	4696.73	4691.89	4695.36	991	0	29
2026.04.06	13:45:00	4695.37	4695.76	4684.80	4692.61	1500	0	29
2026.04.06	13:50:00	4692.62	4694.53	4690.95	4691.03	1312	0	29
2026.04.06	13:55:00	4691.09	4692.64	4688.78	4689.72	1155	0	29
2026.04.06	14:00:00	4689.86	4695.92	4689.08	4692.96	1332	0	29
2026.04.06	14:05:00	4692.94	4696.73	4691.85	4692.57	1176	0	29
2026.04.06	14:10:00	4692.51	4693.52	4688.79	4689.47	1133	0	29
2026.04.06	14:15:00	4689.81	4691.84	4688.05	4691.64	987	0	29
2026.04.06	14:20:00	4691.57	4692.31	4685.30	4688.00	1163	0	29
2026.04.06	14:25:00	4688.00	4690.51	4686.23	4688.48	1027	0	29
2026.04.06	14:30:00	4688.51	4691.05	4687.20	4689.31	950	0	29
2026.04.06	14:35:00	4689.32	4692.72	4685.35	4689.55	1073	0	29
2026.04.06	14:40:00	4689.53	4694.47	4685.25	4685.25	1149	0	29
2026.04.06	14:45:00	4685.29	4685.74	4681.21	4682.70	1278	0	29
2026.04.06	14:50:00	4682.72	4683.59	4678.72	4683.32	1083	0	29
2026.04.06	14:55:00	4683.38	4684.53	4677.01	4677.93	1105	0	29
2026.04.06	15:00:00	4677.91	4683.60	4677.91	4681.93	1181	0	29
2026.04.06	15:05:00	4681.93	4686.72	4678.17	4679.34	1282	0	29
2026.04.06	15:10:00	4679.34	4679.73	4671.40	4672.48	1310	0	29
2026.04.06	15:15:00	4672.51	4674.04	4669.29	4673.03	1255	0	29
2026.04.06	15:20:00	4673.01	4673.11	4661.55	4663.98	1618	0	29
2026.04.06	15:25:00	4663.98	4667.80	4659.66	4665.97	1491	0	29
2026.04.06	15:30:00	4666.00	4675.66	4665.58	4673.52	1458	0	29
2026.04.06	15:35:00	4673.52	4677.53	4670.19	4676.39	1426	0	29
2026.04.06	15:40:00	4676.40	4678.69	4673.49	4676.90	1217	0	29
2026.04.06	15:45:00	4676.85	4681.12	4676.10	4678.63	1274	0	29
2026.04.06	15:50:00	4678.61	4678.82	4674.17	4677.04	1260	0	29
2026.04.06	15:55:00	4677.01	4678.42	4674.23	4675.85	1242	0	29
2026.04.06	16:00:00	4675.84	4677.41	4671.10	4671.79	1586	0	29
2026.04.06	16:05:00	4671.78	4672.38	4662.11	4670.27	1655	0	29
2026.04.06	16:10:00	4670.06	4671.15	4667.22	4668.57	1442	0	29
2026.04.06	16:15:00	4668.55	4669.67	4663.85	4663.96	1335	0	29
2026.04.06	16:20:00	4663.89	4672.87	4660.24	4672.63	1491	0	29
2026.04.06	16:25:00	4672.64	4673.32	4667.41	4668.59	1367	0	29
2026.04.06	16:30:00	4668.65	4676.26	4661.05	4671.34	2047	0	29
2026.04.06	16:35:00	4671.35	4675.10	4663.50	4673.80	2055	0	29
2026.04.06	16:40:00	4673.78	4679.03	4665.02	4665.58	2024	0	29
2026.04.06	16:45:00	4665.59	4676.68	4661.63	4664.04	2035	0	29
2026.04.06	16:50:00	4664.17	4680.10	4663.40	4678.90	1990	0	29
2026.04.06	16:55:00	4679.09	4681.71	4675.09	4679.93	1774	0	29
2026.04.06	17:00:00	4680.07	4690.83	4668.91	4669.60	2017	0	29
2026.04.06	17:05:00	4669.64	4673.85	4666.04	4671.06	2032	0	29
2026.04.06	17:10:00	4671.02	4672.70	4660.27	4672.70	2010	0	29
2026.04.06	17:15:00	4672.81	4683.14	4670.70	4683.14	1966	0	29
2026.04.06	17:20:00	4683.20	4686.17	4678.06	4685.75	1902	0	29
2026.04.06	17:25:00	4685.69	4688.01	4683.79	4686.09	1850	0	29
2026.04.06	17:30:00	4686.18	4691.69	4682.99	4691.65	1832	0	29
2026.04.06	17:35:00	4691.64	4697.57	4678.50	4684.15	2060	0	29
2026.04.06	17:40:00	4683.70	4691.87	4682.39	4684.57	2058	0	29
2026.04.06	17:45:00	4684.52	4684.52	4677.46	4678.56	1930	0	29
2026.04.06	17:50:00	4678.62	4686.31	4675.02	4684.71	1826	0	29
2026.04.06	17:55:00	4684.75	4688.19	4679.96	4682.83	1892	0	29
2026.04.06	18:00:00	4682.83	4683.90	4669.11	4672.08	1807	0	29
2026.04.06	18:05:00	4672.05	4672.50	4663.81	4667.43	1826	0	29
2026.04.06	18:10:00	4667.43	4668.99	4661.19	4662.25	1866	0	29
2026.04.06	18:15:00	4661.67	4666.77	4655.38	4666.52	1791	0	29
2026.04.06	18:20:00	4666.53	4669.88	4664.48	4665.88	1642	0	29
2026.04.06	18:25:00	4665.81	4668.61	4661.75	4667.32	1706	0	29
2026.04.06	18:30:00	4667.25	4670.90	4666.77	4667.48	1543	0	29
2026.04.06	18:35:00	4667.47	4667.80	4652.03	4655.11	1677	0	29
2026.04.06	18:40:00	4655.10	4661.24	4653.56	4660.76	1630	0	29
2026.04.06	18:45:00	4660.73	4666.20	4659.64	4664.07	1523	0	29
2026.04.06	18:50:00	4664.02	4667.93	4662.63	4665.67	1464	0	29
2026.04.06	18:55:00	4665.60	4669.16	4662.96	4668.07	1366	0	29
2026.04.06	19:00:00	4668.18	4670.45	4664.91	4666.64	1588	0	29
2026.04.06	19:05:00	4666.69	4667.18	4662.90	4663.17	1415	0	29
2026.04.06	19:10:00	4663.17	4671.23	4662.39	4670.37	1352	0	29
2026.04.06	19:15:00	4670.36	4672.57	4665.42	4668.56	1327	0	29
2026.04.06	19:20:00	4668.57	4670.74	4666.03	4668.68	1284	0	29
2026.04.06	19:25:00	4668.67	4670.18	4665.56	4665.63	1292	0	29
2026.04.06	19:30:00	4665.62	4667.45	4664.91	4666.78	1182	0	29
2026.04.06	19:35:00	4666.78	4671.16	4664.44	4664.44	1233	0	29
2026.04.06	19:40:00	4664.44	4666.17	4663.05	4663.22	1320	0	29
2026.04.06	19:45:00	4663.25	4665.11	4661.35	4664.67	1303	0	29
2026.04.06	19:50:00	4664.67	4666.65	4662.03	4662.81	1406	0	29
2026.04.06	19:55:00	4662.81	4663.17	4657.98	4660.36	1622	0	29
2026.04.06	20:00:00	4660.32	4661.00	4655.00	4659.04	1661	0	29
2026.04.06	20:05:00	4659.08	4659.83	4655.89	4658.24	1443	0	29
2026.04.06	20:10:00	4658.27	4659.60	4645.74	4653.97	1895	0	29
2026.04.06	20:15:00	4653.93	4659.71	4650.32	4659.59	1799	0	29
2026.04.06	20:20:00	4659.58	4660.04	4657.94	4659.66	1577	0	29
2026.04.06	20:25:00	4659.64	4660.28	4655.00	4656.11	1384	0	29
2026.04.06	20:30:00	4656.16	4660.33	4652.47	4658.99	1520	0	29
2026.04.06	20:35:00	4659.00	4659.83	4658.15	4659.53	1299	0	29
2026.04.06	20:40:00	4659.58	4659.76	4654.87	4656.20	1392	0	29
2026.04.06	20:45:00	4656.29	4657.20	4651.72	4652.39	1361	0	29
2026.04.06	20:50:00	4652.39	4656.41	4651.85	4655.71	1450	0	29
2026.04.06	20:55:00	4655.70	4656.13	4653.34	4653.58	1309	0	29
2026.04.06	21:00:00	4653.62	4655.17	4650.97	4652.82	1510	0	29
2026.04.06	21:05:00	4652.45	4658.87	4651.99	4658.21	1465	0	29
2026.04.06	21:10:00	4658.22	4666.53	4657.25	4659.22	1721	0	29
2026.04.06	21:15:00	4659.43	4663.72	4659.17	4662.81	1607	0	29
2026.04.06	21:20:00	4662.85	4663.61	4660.69	4662.12	1487	0	29
2026.04.06	21:25:00	4662.20	4664.29	4659.92	4660.08	1537	0	29
2026.04.06	21:30:00	4660.12	4663.30	4657.19	4659.06	1514	0	29
2026.04.06	21:35:00	4659.06	4660.41	4649.44	4649.68	1484	0	29
2026.04.06	21:40:00	4649.60	4652.31	4649.07	4650.31	1507	0	29
2026.04.06	21:45:00	4650.29	4651.95	4649.21	4650.73	1334	0	29
2026.04.06	21:50:00	4650.73	4652.37	4648.98	4651.32	1164	0	29
2026.04.06	21:55:00	4651.20	4659.01	4648.81	4658.23	1359	0	29
2026.04.06	22:00:00	4658.23	4659.29	4655.87	4658.34	1214	0	29
2026.04.06	22:05:00	4658.33	4659.28	4650.14	4651.33	1218	0	29
2026.04.06	22:10:00	4651.18	4653.53	4650.25	4650.71	1236	0	29
2026.04.06	22:15:00	4650.71	4651.31	4645.49	4647.87	1296	0	29
2026.04.06	22:20:00	4647.86	4649.13	4646.49	4647.30	1121	0	29
2026.04.06	22:25:00	4647.30	4650.39	4646.22	4650.13	1009	0	29
2026.04.06	22:30:00	4650.14	4653.84	4649.92	4651.40	1010	0	29
2026.04.06	22:35:00	4651.39	4653.13	4650.63	4650.95	928	0	29
2026.04.06	22:40:00	4650.92	4652.27	4648.52	4651.72	1060	0	29
2026.04.06	22:45:00	4651.71	4655.51	4651.55	4655.45	1152	0	29
2026.04.06	22:50:00	4655.47	4656.31	4653.74	4654.18	1196	0	29
2026.04.06	22:55:00	4654.17	4658.02	4653.80	4655.40	1235	0	29
2026.04.06	23:00:00	4655.41	4657.16	4652.80	4655.34	809	0	29
2026.04.06	23:05:00	4655.33	4655.35	4652.22	4653.12	508	0	29
2026.04.06	23:10:00	4653.13	4657.24	4653.13	4657.02	595	0	29
2026.04.06	23:15:00	4657.01	4657.60	4656.10	4656.60	586	0	29
2026.04.06	23:20:00	4656.60	4658.04	4655.40	4656.28	521	0	29
2026.04.06	23:25:00	4656.25	4657.43	4655.57	4655.84	560	0	29
2026.04.06	23:30:00	4655.84	4658.27	4655.84	4656.79	536	0	29
2026.04.06	23:35:00	4656.79	4656.93	4652.05	4652.35	698	0	29
2026.04.06	23:40:00	4652.35	4653.75	4651.07	4653.17	799	0	29
2026.04.06	23:45:00	4653.17	4654.49	4650.10	4650.33	638	0	29
2026.04.06	23:50:00	4650.33	4652.19	4649.53	4652.09	556	0	29
2026.04.06	23:55:00	4652.10	4652.12	4649.22	4649.76	302	0	29
2026.04.07	01:00:00	4651.39	4666.20	4649.96	4661.63	1389	0	29
2026.04.07	01:05:00	4661.57	4667.85	4661.42	4667.32	943	0	29
2026.04.07	01:10:00	4667.29	4667.69	4663.76	4663.85	903	0	29
2026.04.07	01:15:00	4663.86	4666.39	4662.01	4664.62	878	0	32
2026.04.07	01:20:00	4664.64	4665.52	4659.17	4660.92	910	0	32
2026.04.07	01:25:00	4661.09	4662.91	4660.59	4662.14	665	0	29
2026.04.07	01:30:00	4662.19	4663.03	4659.05	4660.07	717	0	29
2026.04.07	01:35:00	4660.07	4661.69	4658.98	4660.50	577	0	29
2026.04.07	01:40:00	4660.49	4661.59	4659.22	4659.24	533	0	29
2026.04.07	01:45:00	4659.24	4662.17	4658.29	4661.19	579	0	29
2026.04.07	01:50:00	4661.25	4661.81	4657.34	4657.69	701	0	29
2026.04.07	01:55:00	4657.68	4658.37	4656.73	4658.36	602	0	29
2026.04.07	02:00:00	4658.37	4659.41	4657.05	4659.41	653	0	29
2026.04.07	02:05:00	4659.44	4661.11	4658.35	4660.18	777	0	29
2026.04.07	02:10:00	4660.18	4660.71	4659.20	4660.08	566	0	29
2026.04.07	02:15:00	4660.08	4660.63	4657.87	4658.27	616	0	29
2026.04.07	02:20:00	4658.26	4658.55	4653.26	4653.67	713	0	29
2026.04.07	02:25:00	4653.60	4655.53	4653.37	4654.46	597	0	32
2026.04.07	02:30:00	4654.48	4655.13	4653.72	4653.74	511	0	29
2026.04.07	02:35:00	4653.73	4655.32	4651.44	4654.98	678	0	29
2026.04.07	02:40:00	4654.98	4656.15	4652.41	4655.06	654	0	29
2026.04.07	02:45:00	4655.06	4657.18	4654.21	4656.23	831	0	29
2026.04.07	02:50:00	4656.23	4659.79	4655.03	4659.69	871	0	29
2026.04.07	02:55:00	4659.70	4660.12	4657.60	4658.80	802	0	29
2026.04.07	03:00:00	4658.79	4658.83	4649.02	4654.98	1571	0	29
2026.04.07	03:05:00	4654.99	4655.66	4650.59	4653.74	1309	0	29
2026.04.07	03:10:00	4653.71	4660.50	4652.72	4657.46	1417	0	29
2026.04.07	03:15:00	4657.47	4660.84	4657.37	4658.46	1408	0	29
2026.04.07	03:20:00	4658.43	4659.63	4656.33	4659.00	1200	0	29
2026.04.07	03:25:00	4659.01	4660.44	4657.63	4659.08	993	0	29
2026.04.07	03:30:00	4659.09	4660.79	4657.47	4660.55	1060	0	29
2026.04.07	03:35:00	4660.55	4661.00	4659.60	4660.11	906	0	29
2026.04.07	03:40:00	4660.11	4660.88	4658.85	4660.62	886	0	29
2026.04.07	03:45:00	4660.63	4661.26	4658.01	4658.57	1011	0	29
2026.04.07	03:50:00	4658.58	4659.20	4655.40	4657.30	1140	0	29
2026.04.07	03:55:00	4657.29	4657.69	4654.37	4654.85	1184	0	29
2026.04.07	04:00:00	4654.83	4661.83	4627.78	4661.42	2071	0	29
2026.04.07	04:05:00	4661.57	4664.37	4638.06	4644.34	1946	0	29
2026.04.07	04:10:00	4643.82	4645.60	4628.96	4640.66	2055	0	29
2026.04.07	04:15:00	4640.65	4651.26	4637.63	4651.12	1889	0	29
2026.04.07	04:20:00	4651.12	4657.46	4649.05	4649.99	1893	0	29
2026.04.07	04:25:00	4650.07	4655.04	4645.89	4654.80	1698	0	29
2026.04.07	04:30:00	4654.72	4662.43	4650.63	4657.57	1738	0	29
2026.04.07	04:35:00	4657.59	4659.45	4628.86	4639.21	1999	0	29
2026.04.07	04:40:00	4639.46	4647.37	4635.15	4641.48	1902	0	29
2026.04.07	04:45:00	4641.48	4647.23	4634.06	4634.24	1856	0	29
2026.04.07	04:50:00	4634.27	4636.47	4620.09	4627.21	2045	0	29
2026.04.07	04:55:00	4627.20	4627.47	4616.34	4626.98	1932	0	29
2026.04.07	05:00:00	4626.78	4632.22	4623.66	4628.06	1738	0	29
2026.04.07	05:05:00	4628.28	4631.87	4619.80	4631.22	1780	0	29
2026.04.07	05:10:00	4631.18	4634.17	4623.75	4626.47	1689	0	29
2026.04.07	05:15:00	4626.51	4631.66	4622.76	4630.73	1291	0	29
2026.04.07	05:20:00	4630.74	4631.77	4626.60	4630.22	1177	0	29
2026.04.07	05:25:00	4630.23	4635.10	4629.01	4634.46	1088	0	29
2026.04.07	05:30:00	4634.48	4640.25	4633.72	4637.78	1555	0	29
2026.04.07	05:35:00	4637.86	4642.91	4635.39	4642.19	1406	0	29
2026.04.07	05:40:00	4642.20	4646.82	4641.07	4646.24	1445	0	29
2026.04.07	05:45:00	4646.23	4653.84	4645.27	4651.31	1568	0	29
2026.04.07	05:50:00	4651.29	4653.51	4649.69	4650.62	1561	0	29
2026.04.07	05:55:00	4650.62	4650.80	4647.38	4650.41	1480	0	29
2026.04.07	06:00:00	4650.48	4654.02	4647.82	4648.32	1614	0	29
2026.04.07	06:05:00	4648.33	4648.33	4641.50	4646.10	1465	0	29
2026.04.07	06:10:00	4646.10	4647.83	4642.87	4645.03	1451	0	29
2026.04.07	06:15:00	4645.03	4647.70	4641.11	4641.57	1545	0	29
2026.04.07	06:20:00	4641.38	4644.52	4639.52	4642.13	1459	0	29
2026.04.07	06:25:00	4642.13	4644.39	4639.62	4642.54	1428	0	29
2026.04.07	06:30:00	4642.52	4648.06	4641.98	4645.87	1050	0	29
2026.04.07	06:35:00	4645.86	4646.31	4643.05	4645.42	833	0	29
2026.04.07	06:40:00	4645.43	4648.17	4643.93	4648.01	782	0	29
2026.04.07	06:45:00	4648.03	4649.50	4647.37	4647.71	806	0	29
2026.04.07	06:50:00	4647.71	4649.57	4647.24	4648.13	714	0	29
2026.04.07	06:55:00	4647.95	4651.08	4647.67	4649.64	872	0	29
2026.04.07	07:00:00	4649.56	4651.19	4648.44	4649.44	1051	0	29
2026.04.07	07:05:00	4649.43	4649.52	4647.66	4648.61	963	0	29
2026.04.07	07:10:00	4648.61	4649.48	4645.56	4646.05	900	0	29
2026.04.07	07:15:00	4646.05	4649.41	4645.68	4649.21	986	0	29
2026.04.07	07:20:00	4649.21	4649.62	4647.77	4649.62	793	0	29
2026.04.07	07:25:00	4649.62	4651.23	4649.10	4650.14	869	0	29
2026.04.07	07:30:00	4650.13	4658.70	4649.64	4658.70	1249	0	29
2026.04.07	07:35:00	4658.67	4660.73	4657.33	4658.48	1061	0	29
2026.04.07	07:40:00	4658.50	4663.76	4658.40	4662.24	1142	0	29
2026.04.07	07:45:00	4662.24	4663.45	4660.26	4661.30	1031	0	29
2026.04.07	07:50:00	4661.30	4663.73	4661.02	4662.12	944	0	29
2026.04.07	07:55:00	4662.12	4663.09	4659.16	4659.59	966	0	29
2026.04.07	08:00:00	4660.28	4661.43	4655.78	4656.90	1045	0	29
2026.04.07	08:05:00	4656.91	4658.24	4654.68	4655.56	824	0	29
2026.04.07	08:10:00	4655.57	4656.50	4654.19	4655.71	850	0	29
2026.04.07	08:15:00	4655.71	4657.88	4653.85	4654.56	895	0	29
2026.04.07	08:20:00	4654.59	4654.61	4647.26	4647.26	1042	0	29
2026.04.07	08:25:00	4647.26	4647.61	4630.51	4632.33	1733	0	29
2026.04.07	08:30:00	4632.36	4638.70	4623.21	4631.76	2035	0	29
2026.04.07	08:35:00	4631.74	4641.50	4629.90	4639.37	1687	0	29
2026.04.07	08:40:00	4639.39	4640.93	4630.30	4631.28	1738	0	29
2026.04.07	08:45:00	4631.28	4638.17	4629.28	4635.52	1626	0	29
2026.04.07	08:50:00	4635.52	4640.84	4635.52	4638.98	1525	0	29
2026.04.07	08:55:00	4638.98	4646.39	4638.33	4642.86	1546	0	29
2026.04.07	09:00:00	4643.04	4646.04	4638.00	4645.54	1701	0	29
2026.04.07	09:05:00	4645.47	4646.39	4642.24	4644.02	1546	0	29
2026.04.07	09:10:00	4644.00	4647.94	4642.16	4647.08	1557	0	29
2026.04.07	09:15:00	4647.08	4649.05	4641.78	4642.99	1527	0	29
2026.04.07	09:20:00	4643.00	4643.72	4637.86	4642.40	1620	0	29
2026.04.07	09:25:00	4642.42	4644.75	4639.38	4640.92	1606	0	29
2026.04.07	09:30:00	4640.99	4646.17	4640.99	4643.78	1670	0	29
2026.04.07	09:35:00	4643.77	4647.40	4642.61	4645.90	1502	0	29
2026.04.07	09:40:00	4645.90	4653.74	4643.41	4652.44	1509	0	29
2026.04.07	09:45:00	4652.43	4652.72	4648.52	4650.87	1513	0	29
2026.04.07	09:50:00	4650.87	4655.51	4650.36	4653.61	1387	0	29
2026.04.07	09:55:00	4653.60	4656.45	4652.81	4653.42	1450	0	29
2026.04.07	10:00:00	4653.39	4655.21	4650.14	4652.01	1586	0	29
2026.04.07	10:05:00	4652.03	4655.95	4649.36	4654.13	1437	0	29
2026.04.07	10:10:00	4654.13	4656.91	4649.07	4651.57	1399	0	29
2026.04.07	10:15:00	4651.56	4653.84	4648.78	4651.79	1412	0	29
2026.04.07	10:20:00	4651.77	4653.75	4645.71	4648.35	1448	0	29
2026.04.07	10:25:00	4648.37	4649.02	4638.85	4639.56	1529	0	29
2026.04.07	10:30:00	4639.48	4643.98	4636.55	4642.85	1429	0	29
2026.04.07	10:35:00	4642.85	4646.48	4642.78	4646.07	1118	0	29
2026.04.07	10:40:00	4646.07	4646.07	4640.27	4643.65	1166	0	29
2026.04.07	10:45:00	4643.66	4643.95	4641.56	4643.18	1112	0	29
2026.04.07	10:50:00	4643.18	4644.82	4638.98	4639.46	1217	0	29
2026.04.07	10:55:00	4639.43	4647.11	4638.81	4646.04	1126	0	29
2026.04.07	11:00:00	4646.02	4659.76	4644.21	4650.30	1879	0	29
2026.04.07	11:05:00	4650.29	4653.53	4648.47	4651.41	1709	0	29
2026.04.07	11:10:00	4651.41	4665.27	4650.67	4663.44	1819	0	29
2026.04.07	11:15:00	4663.48	4664.38	4657.04	4661.56	1872	0	29
2026.04.07	11:20:00	4661.57	4690.80	4660.07	4684.28	2029	0	29
2026.04.07	11:25:00	4684.26	4687.42	4677.56	4678.23	1838	0	29
2026.04.07	11:30:00	4678.44	4686.73	4676.82	4684.93	1798	0	29
2026.04.07	11:35:00	4684.90	4687.43	4681.10	4681.76	1632	0	29
2026.04.07	11:40:00	4681.75	4683.87	4679.21	4683.03	1511	0	29
2026.04.07	11:45:00	4683.03	4687.42	4679.18	4682.02	1545	0	29
2026.04.07	11:50:00	4682.07	4685.26	4680.24	4684.54	1455	0	29
2026.04.07	11:55:00	4684.53	4686.77	4680.81	4682.92	1493	0	29
2026.04.07	12:00:00	4682.81	4688.10	4682.28	4682.98	1405	0	29
2026.04.07	12:05:00	4682.89	4686.47	4680.91	4686.05	1379	0	29
2026.04.07	12:10:00	4686.01	4693.53	4684.81	4685.36	1479	0	29
2026.04.07	12:15:00	4685.83	4693.84	4682.72	4690.23	1513	0	29
2026.04.07	12:20:00	4690.23	4694.27	4689.72	4693.86	1450	0	29
2026.04.07	12:25:00	4693.83	4694.40	4685.46	4686.66	1571	0	29
2026.04.07	12:30:00	4686.66	4686.77	4680.03	4682.97	1608	0	29
2026.04.07	12:35:00	4683.00	4684.16	4674.75	4676.75	1575	0	29
2026.04.07	12:40:00	4676.78	4676.78	4665.51	4667.06	1641	0	29
2026.04.07	12:45:00	4667.19	4667.47	4658.83	4666.70	1756	0	29
2026.04.07	12:50:00	4666.79	4671.42	4662.98	4670.23	1385	0	29
2026.04.07	12:55:00	4670.23	4675.82	4670.23	4670.89	1166	0	29
2026.04.07	13:00:00	4670.88	4675.74	4666.99	4674.82	1250	0	29
2026.04.07	13:05:00	4674.84	4679.93	4663.01	4674.81	1329	0	29
2026.04.07	13:10:00	4674.83	4679.05	4672.05	4676.86	1880	0	29
2026.04.07	13:15:00	4676.87	4680.52	4674.15	4677.22	1528	0	29
2026.04.07	13:20:00	4677.33	4678.54	4669.82	4672.20	1544	0	29
2026.04.07	13:25:00	4672.21	4674.43	4657.99	4668.14	1907	0	29
2026.04.07	13:30:00	4668.15	4671.87	4666.30	4667.21	1554	0	29
2026.04.07	13:35:00	4667.23	4670.30	4662.10	4663.41	1548	0	29
2026.04.07	13:40:00	4663.41	4666.54	4655.48	4662.29	1668	0	29
2026.04.07	13:45:00	4662.28	4662.45	4649.59	4650.40	1833	0	29
2026.04.07	13:50:00	4650.33	4658.65	4650.26	4655.91	1775	0	29
2026.04.07	13:55:00	4655.91	4657.71	4649.27	4652.01	1662	0	29
2026.04.07	14:00:00	4652.02	4655.38	4646.18	4654.36	1670	0	29
2026.04.07	14:05:00	4654.36	4656.22	4646.75	4651.26	1634	0	29
2026.04.07	14:10:00	4651.26	4651.26	4628.90	4635.66	1770	0	29
2026.04.07	14:15:00	4635.67	4642.17	4633.14	4639.80	1653	0	29
2026.04.07	14:20:00	4640.17	4646.80	4638.03	4644.93	1531	0	29
2026.04.07	14:25:00	4644.91	4652.04	4644.62	4647.91	1479	0	29
2026.04.07	14:30:00	4647.93	4652.28	4647.17	4649.59	1450	0	29
2026.04.07	14:35:00	4649.48	4657.81	4647.27	4654.64	1564	0	29
2026.04.07	14:40:00	4654.57	4663.12	4652.75	4663.03	1619	0	29
2026.04.07	14:45:00	4663.04	4664.09	4656.17	4660.46	1405	0	29
2026.04.07	14:50:00	4660.43	4661.38	4657.73	4658.50	1312	0	29
2026.04.07	14:55:00	4658.51	4661.77	4657.99	4659.66	1131	0	29
2026.04.07	15:00:00	4659.68	4661.66	4655.46	4657.83	1340	0	29
2026.04.07	15:05:00	4657.90	4664.53	4651.47	4656.10	1803	0	29
2026.04.07	15:10:00	4656.01	4656.89	4652.02	4654.79	1686	0	29
2026.04.07	15:15:00	4654.78	4663.12	4651.26	4658.20	1789	0	29
2026.04.07	15:20:00	4657.81	4670.76	4657.16	4666.76	1711	0	29
2026.04.07	15:25:00	4666.84	4668.43	4664.44	4665.82	1332	0	29
2026.04.07	15:30:00	4666.02	4667.58	4660.20	4661.05	1392	0	29
2026.04.07	15:35:00	4661.04	4664.60	4658.26	4663.22	1483	0	29
2026.04.07	15:40:00	4663.22	4664.98	4656.12	4656.65	1544	0	29
2026.04.07	15:45:00	4656.62	4656.90	4647.51	4648.78	1513	0	29
2026.04.07	15:50:00	4648.92	4656.10	4646.97	4654.39	1676	0	29
2026.04.07	15:55:00	4654.42	4662.33	4651.14	4651.53	1770	0	29
2026.04.07	16:00:00	4651.56	4657.67	4648.23	4655.59	1904	0	29
2026.04.07	16:05:00	4655.59	4659.85	4652.71	4655.67	1753	0	29
2026.04.07	16:10:00	4655.64	4657.01	4651.04	4656.69	1837	0	29
2026.04.07	16:15:00	4656.74	4657.37	4650.35	4650.87	1781	0	29
2026.04.07	16:20:00	4650.87	4659.58	4650.60	4659.28	1678	0	29
2026.04.07	16:25:00	4659.27	4662.91	4656.97	4658.08	1699	0	29
2026.04.07	16:30:00	4658.09	4663.09	4647.18	4647.93	2057	0	29
2026.04.07	16:35:00	4647.94	4651.75	4644.55	4647.46	2073	0	29
2026.04.07	16:40:00	4647.23	4651.67	4635.60	4639.64	2101	0	29
2026.04.07	16:45:00	4639.62	4647.81	4637.21	4647.19	1985	0	29
2026.04.07	16:50:00	4647.23	4652.71	4644.03	4652.30	2019	0	29
2026.04.07	16:55:00	4652.27	4653.89	4643.04	4644.03	1994	0	29
2026.04.07	17:00:00	4643.88	4645.39	4622.63	4624.41	2104	0	29
2026.04.07	17:05:00	4624.44	4627.39	4607.53	4612.25	2182	0	29
2026.04.07	17:10:00	4612.39	4625.67	4612.05	4622.02	2064	0	29
2026.04.07	17:15:00	4622.02	4624.25	4609.82	4615.72	2113	0	29
2026.04.07	17:20:00	4615.70	4645.27	4615.69	4641.99	2108	0	29
2026.04.07	17:25:00	4642.03	4649.46	4640.28	4645.30	2059	0	29
2026.04.07	17:30:00	4645.37	4655.36	4642.59	4653.21	1985	0	29
2026.04.07	17:35:00	4653.12	4661.33	4651.86	4654.79	2007	0	29
2026.04.07	17:40:00	4654.89	4655.89	4646.78	4647.00	1944	0	29
2026.04.07	17:45:00	4646.99	4656.82	4646.56	4648.96	1993	0	29
2026.04.07	17:50:00	4648.92	4649.36	4639.71	4639.77	1889	0	29
2026.04.07	17:55:00	4639.83	4641.19	4629.96	4633.19	1958	0	29
2026.04.07	18:00:00	4633.16	4636.48	4627.82	4628.03	1993	0	29
2026.04.07	18:05:00	4627.75	4632.03	4624.89	4628.19	1940	0	29
2026.04.07	18:10:00	4634.13	4643.16	4631.60	4643.15	1956	0	29
2026.04.07	18:15:00	4643.04	4652.28	4640.69	4650.17	2060	0	29
2026.04.07	18:20:00	4650.17	4652.80	4645.31	4645.76	1854	0	29
2026.04.07	18:25:00	4645.77	4653.27	4645.64	4653.00	1929	0	29
2026.04.07	18:30:00	4653.02	4656.65	4643.48	4646.48	1855	0	29
2026.04.07	18:35:00	4646.43	4650.72	4643.24	4644.19	1795	0	29
2026.04.07	18:40:00	4644.19	4648.61	4640.65	4645.87	1783	0	29
2026.04.07	18:45:00	4645.74	4652.31	4645.25	4651.41	1741	0	29
2026.04.07	18:50:00	4651.41	4654.03	4648.53	4653.70	1747	0	29
2026.04.07	18:55:00	4653.62	4659.40	4650.90	4655.46	1823	0	29
2026.04.07	19:00:00	4655.47	4668.57	4652.91	4662.52	2005	0	29
2026.04.07	19:05:00	4662.39	4662.69	4653.33	4653.85	1915	0	29
2026.04.07	19:10:00	4653.80	4660.36	4652.57	4658.74	1817	0	29
2026.04.07	19:15:00	4658.75	4659.96	4655.78	4657.61	1760	0	29
2026.04.07	19:20:00	4657.64	4667.58	4654.37	4657.77	1851	0	29
2026.04.07	19:25:00	4657.86	4663.46	4656.47	4662.82	1896	0	29
2026.04.07	19:30:00	4662.74	4664.05	4656.06	4659.63	1794	0	29
2026.04.07	19:35:00	4659.63	4661.22	4656.58	4657.78	1661	0	29
2026.04.07	19:40:00	4657.78	4661.02	4656.00	4660.94	1624	0	29
2026.04.07	19:45:00	4660.95	4662.89	4658.27	4658.30	1648	0	29
2026.04.07	19:50:00	4658.32	4662.30	4657.27	4660.15	1604	0	29
2026.04.07	19:55:00	4660.15	4660.15	4656.42	4657.02	1407	0	29
2026.04.07	20:00:00	4657.02	4666.13	4656.50	4665.76	1663	0	29
2026.04.07	20:05:00	4665.64	4673.06	4664.35	4667.35	1779	0	29
2026.04.07	20:10:00	4667.38	4668.36	4665.20	4668.03	1567	0	29
2026.04.07	20:15:00	4668.01	4668.01	4655.28	4656.47	1686	0	29
2026.04.07	20:20:00	4656.47	4659.00	4653.90	4658.46	1635	0	29
2026.04.07	20:25:00	4658.45	4660.80	4655.82	4660.22	1502	0	29
2026.04.07	20:30:00	4660.41	4672.56	4660.41	4672.12	1696	0	29
2026.04.07	20:35:00	4672.14	4686.53	4671.90	4679.17	2001	0	29
2026.04.07	20:40:00	4679.01	4681.46	4671.51	4672.29	1738	0	29
2026.04.07	20:45:00	4672.27	4678.28	4671.19	4678.01	1560	0	29
2026.04.07	20:50:00	4678.03	4680.10	4676.38	4676.65	1493	0	29
2026.04.07	20:55:00	4676.60	4678.76	4674.98	4675.80	1520	0	29
2026.04.07	21:00:00	4675.79	4680.83	4675.65	4678.06	1524	0	29
2026.04.07	21:05:00	4678.18	4679.73	4676.08	4678.58	1493	0	29
2026.04.07	21:10:00	4678.57	4684.59	4677.37	4683.99	1442	0	29
2026.04.07	21:15:00	4683.99	4685.95	4680.44	4684.72	1593	0	29
2026.04.07	21:20:00	4684.74	4685.94	4677.00	4678.05	1606	0	29
2026.04.07	21:25:00	4678.09	4681.46	4677.14	4680.39	1475	0	29
2026.04.07	21:30:00	4680.59	4686.19	4680.50	4683.17	1453	0	29
2026.04.07	21:35:00	4683.16	4683.97	4679.30	4679.84	1361	0	29
2026.04.07	21:40:00	4679.84	4680.97	4677.47	4679.76	1457	0	29
2026.04.07	21:45:00	4679.75	4680.12	4672.10	4674.33	1480	0	29
2026.04.07	21:50:00	4674.33	4674.35	4664.56	4664.95	1590	0	29
2026.04.07	21:55:00	4664.94	4664.97	4657.47	4662.12	1762	0	29
2026.04.07	22:00:00	4662.17	4666.74	4660.84	4665.26	1822	0	29
2026.04.07	22:05:00	4665.31	4668.19	4660.62	4662.12	1815	0	29
2026.04.07	22:10:00	4662.13	4668.62	4662.05	4667.75	1779	0	29
2026.04.07	22:15:00	4667.73	4691.72	4666.84	4689.97	1985	0	29
2026.04.07	22:20:00	4689.56	4702.60	4685.46	4689.43	2112	0	29
2026.04.07	22:25:00	4689.44	4691.61	4686.19	4687.62	1910	0	29
2026.04.07	22:30:00	4687.64	4688.54	4682.74	4686.22	1853	0	29
2026.04.07	22:35:00	4686.11	4691.29	4682.59	4685.84	1783	0	29
2026.04.07	22:40:00	4685.80	4690.72	4681.85	4687.16	1784	0	29
2026.04.07	22:45:00	4687.01	4718.44	4685.86	4705.90	2168	0	29
2026.04.07	22:50:00	4706.44	4712.05	4695.14	4699.86	2120	0	29
2026.04.07	22:55:00	4699.74	4702.08	4696.71	4700.73	1869	0	29
2026.04.07	23:00:00	4700.77	4710.85	4697.25	4705.55	1755	0	29
2026.04.07	23:05:00	4705.81	4708.70	4697.35	4707.34	1579	0	29
2026.04.07	23:10:00	4707.35	4710.15	4705.13	4708.36	1290	0	29
2026.04.07	23:15:00	4708.47	4712.78	4705.70	4708.17	1446	0	29
2026.04.07	23:20:00	4707.87	4708.70	4703.95	4707.55	1077	0	29
2026.04.07	23:25:00	4707.55	4712.66	4704.15	4710.17	1291	0	29
2026.04.07	23:30:00	4711.11	4715.41	4709.15	4710.42	1257	0	29
2026.04.07	23:35:00	4710.42	4715.22	4703.42	4708.08	1427	0	29
2026.04.07	23:40:00	4708.04	4716.89	4707.15	4707.99	1531	0	29
2026.04.07	23:45:00	4708.07	4712.90	4707.55	4712.27	1165	0	29
2026.04.07	23:50:00	4712.27	4712.28	4707.88	4708.64	1197	0	29
2026.04.07	23:55:00	4708.66	4713.69	4706.25	4706.53	704	0	29
2026.04.08	01:00:00	4721.21	4747.50	4720.43	4744.36	1815	0	29
2026.04.08	01:05:00	4744.54	4751.93	4741.82	4744.35	1706	0	29
2026.04.08	01:10:00	4744.35	4744.87	4731.15	4731.89	1520	0	32
2026.04.08	01:15:00	4731.98	4734.00	4725.69	4730.38	1462	0	29
2026.04.08	01:20:00	4730.44	4731.40	4726.27	4728.08	1205	0	29
2026.04.08	01:25:00	4728.13	4736.21	4727.10	4735.45	1141	0	29
2026.04.08	01:30:00	4735.43	4763.79	4713.05	4760.91	1860	0	29
2026.04.08	01:35:00	4760.94	4779.59	4752.17	4775.23	2151	0	29
2026.04.08	01:40:00	4775.23	4779.70	4769.99	4770.03	2019	0	29
2026.04.08	01:45:00	4770.04	4773.83	4761.75	4772.22	1922	0	29
2026.04.08	01:50:00	4772.22	4801.28	4770.55	4793.94	1979	0	29
2026.04.08	01:55:00	4793.60	4819.53	4793.45	4818.18	2130	0	29
2026.04.08	02:00:00	4818.24	4824.73	4801.73	4811.18	2131	0	29
2026.04.08	02:05:00	4811.21	4817.91	4805.98	4814.78	1992	0	29
2026.04.08	02:10:00	4814.69	4821.97	4806.61	4818.28	1960	0	29
2026.04.08	02:15:00	4818.29	4824.56	4810.23	4824.30	1778	0	29
2026.04.08	02:20:00	4824.30	4828.83	4817.89	4818.40	1878	0	29
2026.04.08	02:25:00	4818.43	4819.46	4807.51	4814.70	1855	0	29
2026.04.08	02:30:00	4814.58	4817.38	4807.87	4808.58	1790	0	29
2026.04.08	02:35:00	4808.64	4815.06	4804.09	4810.57	1840	0	29
2026.04.08	02:40:00	4810.62	4813.10	4808.07	4812.96	1593	0	29
2026.04.08	02:45:00	4812.97	4816.71	4810.71	4812.08	1593	0	29
2026.04.08	02:50:00	4812.07	4824.22	4810.14	4818.69	1660	0	29
2026.04.08	02:55:00	4818.68	4836.17	4814.89	4833.45	1690	0	29
2026.04.08	03:00:00	4833.43	4852.22	4830.58	4845.96	2110	0	29
2026.04.08	03:05:00	4845.93	4857.59	4837.01	4839.32	2121	0	29
2026.04.08	03:10:00	4839.32	4843.57	4830.93	4834.90	1962	0	29
2026.04.08	03:15:00	4834.89	4838.80	4829.61	4833.03	1901	0	29
2026.04.08	03:20:00	4833.02	4834.19	4826.99	4827.89	1824	0	29
2026.04.08	03:25:00	4827.92	4828.73	4818.92	4822.70	1835	0	29
2026.04.08	03:30:00	4822.70	4824.63	4814.45	4815.86	1772	0	29
2026.04.08	03:35:00	4815.66	4822.76	4812.11	4820.89	1753	0	29
2026.04.08	03:40:00	4820.89	4822.59	4811.87	4813.67	1573	0	29
2026.04.08	03:45:00	4813.67	4816.25	4808.66	4815.27	1622	0	29
2026.04.08	03:50:00	4815.28	4826.25	4815.28	4821.88	1600	0	29
2026.04.08	03:55:00	4821.83	4823.60	4810.28	4817.77	1734	0	29
2026.04.08	04:00:00	4817.64	4825.20	4806.23	4806.84	2135	0	29
2026.04.08	04:05:00	4806.94	4819.59	4806.94	4818.69	1925	0	29
2026.04.08	04:10:00	4818.48	4822.64	4815.48	4820.02	1811	0	29
2026.04.08	04:15:00	4820.02	4822.11	4800.65	4802.91	1876	0	29
2026.04.08	04:20:00	4802.49	4807.92	4793.83	4801.42	2061	0	29
2026.04.08	04:25:00	4801.42	4804.73	4792.09	4793.97	1865	0	29
2026.04.08	04:30:00	4793.50	4799.51	4788.16	4799.24	1975	0	29
2026.04.08	04:35:00	4799.23	4804.32	4798.07	4798.57	1799	0	29
2026.04.08	04:40:00	4798.21	4803.07	4796.60	4800.10	1780	0	29
2026.04.08	04:45:00	4800.08	4807.95	4798.44	4807.95	1684	0	29
2026.04.08	04:50:00	4807.95	4814.20	4807.55	4809.52	1658	0	29
2026.04.08	04:55:00	4809.52	4812.03	4807.20	4810.15	1446	0	29
2026.04.08	05:00:00	4810.14	4825.14	4810.13	4817.22	1771	0	29
2026.04.08	05:05:00	4817.24	4818.93	4815.50	4816.44	1418	0	29
2026.04.08	05:10:00	4816.44	4819.38	4813.64	4814.01	1461	0	29
2026.04.08	05:15:00	4814.00	4814.00	4811.40	4812.41	1067	0	29
2026.04.08	05:20:00	4812.41	4813.71	4809.87	4809.95	1067	0	29
2026.04.08	05:25:00	4809.95	4813.33	4807.86	4811.55	1149	0	29
2026.04.08	05:30:00	4811.56	4815.96	4809.84	4814.87	1535	0	29
2026.04.08	05:35:00	4814.87	4820.49	4812.39	4813.80	1420	0	29
2026.04.08	05:40:00	4813.80	4814.42	4806.09	4806.76	1339	0	29
2026.04.08	05:45:00	4806.53	4808.73	4804.55	4806.13	1246	0	29
2026.04.08	05:50:00	4806.10	4809.19	4802.82	4803.83	1461	0	29
2026.04.08	05:55:00	4803.95	4804.20	4798.62	4803.94	1509	0	29
2026.04.08	06:00:00	4804.00	4805.86	4803.09	4803.56	1495	0	29
2026.04.08	06:05:00	4803.52	4803.77	4800.42	4802.34	1394	0	29
2026.04.08	06:10:00	4802.40	4802.95	4797.85	4798.83	1418	0	29
2026.04.08	06:15:00	4798.77	4799.68	4796.44	4797.81	1257	0	29
2026.04.08	06:20:00	4797.81	4801.71	4796.84	4800.16	1361	0	29
2026.04.08	06:25:00	4800.15	4805.26	4799.12	4803.08	1499	0	29
2026.04.08	06:30:00	4802.94	4803.72	4795.13	4800.34	1193	0	29
2026.04.08	06:35:00	4800.29	4801.63	4796.89	4797.51	974	0	29
2026.04.08	06:40:00	4797.49	4804.92	4797.45	4800.42	1108	0	29
2026.04.08	06:45:00	4800.42	4801.22	4798.43	4798.74	1017	0	29
2026.04.08	06:50:00	4798.77	4804.32	4798.35	4800.24	1022	0	29
2026.04.08	06:55:00	4800.23	4801.77	4796.42	4797.45	1077	0	29
2026.04.08	07:00:00	4797.44	4801.35	4796.89	4797.58	1139	0	29
2026.04.08	07:05:00	4797.54	4798.87	4793.57	4794.39	1018	0	29
2026.04.08	07:10:00	4794.40	4797.96	4794.18	4797.30	1100	0	29
2026.04.08	07:15:00	4797.29	4797.95	4791.79	4794.59	1225	0	29
2026.04.08	07:20:00	4794.59	4794.75	4790.17	4791.08	1168	0	29
2026.04.08	07:25:00	4791.08	4803.90	4790.65	4802.26	1216	0	29
2026.04.08	07:30:00	4802.25	4804.60	4800.71	4801.07	1126	0	29
2026.04.08	07:35:00	4801.07	4805.27	4800.69	4804.25	972	0	29
2026.04.08	07:40:00	4804.26	4806.48	4802.29	4802.64	965	0	29
2026.04.08	07:45:00	4802.65	4803.81	4797.77	4798.57	923	0	29
2026.04.08	07:50:00	4798.62	4802.16	4797.86	4800.29	921	0	29
2026.04.08	07:55:00	4800.30	4803.83	4799.07	4803.59	1012	0	29
2026.04.08	08:00:00	4803.56	4806.69	4800.36	4805.88	1224	0	29
2026.04.08	08:05:00	4805.92	4810.12	4805.55	4808.21	1144	0	29
2026.04.08	08:10:00	4808.23	4810.43	4805.54	4809.30	1171	0	29
2026.04.08	08:15:00	4809.30	4810.25	4806.56	4809.55	1013	0	29
2026.04.08	08:20:00	4809.62	4812.15	4808.30	4811.10	1096	0	29
2026.04.08	08:25:00	4811.10	4816.45	4810.37	4815.73	1387	0	29
2026.04.08	08:30:00	4815.73	4823.18	4813.69	4821.80	1696	0	29
2026.04.08	08:35:00	4821.75	4822.53	4817.15	4820.18	1489	0	29
2026.04.08	08:40:00	4820.15	4825.10	4820.10	4822.39	1412	0	29
2026.04.08	08:45:00	4822.39	4831.61	4820.85	4831.49	1484	0	29
2026.04.08	08:50:00	4831.51	4843.59	4830.93	4836.58	1750	0	29
2026.04.08	08:55:00	4836.58	4836.68	4825.10	4827.49	1631	0	29
2026.04.08	09:00:00	4827.46	4834.81	4827.13	4830.47	1692	0	29
2026.04.08	09:05:00	4830.42	4831.63	4821.29	4824.38	1614	0	29
2026.04.08	09:10:00	4824.34	4827.68	4824.16	4826.37	1507	0	29
2026.04.08	09:15:00	4826.36	4830.61	4824.59	4830.12	1591	0	29
2026.04.08	09:20:00	4830.15	4835.49	4829.02	4833.72	1640	0	29
2026.04.08	09:25:00	4833.69	4836.58	4831.12	4836.39	1557	0	29
2026.04.08	09:30:00	4836.29	4836.69	4829.08	4832.72	1654	0	29
2026.04.08	09:35:00	4832.72	4839.62	4830.24	4831.37	1537	0	29
2026.04.08	09:40:00	4831.40	4837.16	4830.94	4835.69	1409	0	29
2026.04.08	09:45:00	4835.69	4839.45	4832.30	4832.31	1412	0	29
2026.04.08	09:50:00	4832.26	4832.96	4821.16	4823.26	1691	0	29
2026.04.08	09:55:00	4823.28	4823.61	4819.93	4820.10	1667	0	29
2026.04.08	10:00:00	4819.96	4820.79	4810.04	4812.85	1761	0	29
2026.04.08	10:05:00	4812.85	4817.41	4812.19	4815.26	1401	0	29
2026.04.08	10:10:00	4815.17	4815.54	4809.50	4812.39	1394	0	29
2026.04.08	10:15:00	4812.15	4815.15	4810.74	4812.45	1313	0	29
2026.04.08	10:20:00	4812.44	4816.26	4809.22	4815.95	1296	0	29
2026.04.08	10:25:00	4815.95	4821.10	4815.31	4818.40	1384	0	29
2026.04.08	10:30:00	4818.36	4818.50	4807.96	4809.87	1345	0	29
2026.04.08	10:35:00	4809.85	4814.02	4806.77	4810.43	1438	0	29
2026.04.08	10:40:00	4810.41	4811.11	4805.20	4808.96	1197	0	29
2026.04.08	10:45:00	4808.97	4814.67	4808.54	4814.53	1324	0	29
2026.04.08	10:50:00	4814.53	4819.95	4813.67	4818.97	1324	0	29
2026.04.08	10:55:00	4818.91	4820.40	4813.17	4813.35	1267	0	29
2026.04.08	11:00:00	4813.36	4816.60	4808.07	4816.60	1401	0	29
2026.04.08	11:05:00	4816.61	4819.39	4815.03	4816.15	1362	0	29
2026.04.08	11:10:00	4816.14	4816.74	4811.56	4815.11	1248	0	29
2026.04.08	11:15:00	4815.41	4819.80	4814.88	4818.96	1269	0	29
2026.04.08	11:20:00	4818.97	4819.23	4807.23	4808.12	1216	0	29
2026.04.08	11:25:00	4808.02	4809.57	4798.61	4808.57	1536	0	29
2026.04.08	11:30:00	4808.53	4808.53	4802.71	4802.86	1277	0	29
2026.04.08	11:35:00	4802.86	4807.38	4801.67	4802.55	1385	0	29
2026.04.08	11:40:00	4802.75	4804.75	4790.43	4793.47	1663	0	29
2026.04.08	11:45:00	4793.46	4798.87	4790.74	4794.99	1563	0	29
2026.04.08	11:50:00	4795.30	4803.37	4793.50	4796.43	1497	0	29
2026.04.08	11:55:00	4796.44	4798.39	4793.69	4793.76	1167	0	29
2026.04.08	12:00:00	4793.69	4798.49	4793.17	4796.43	1231	0	29
2026.04.08	12:05:00	4796.41	4799.20	4795.29	4797.15	1106	0	29
2026.04.08	12:10:00	4797.09	4801.18	4795.23	4800.56	1068	0	29
2026.04.08	12:15:00	4800.46	4800.48	4795.40	4797.26	1067	0	29
2026.04.08	12:20:00	4797.23	4803.39	4795.04	4802.08	1317	0	29
2026.04.08	12:25:00	4802.09	4806.69	4796.47	4798.37	1381	0	29
2026.04.08	12:30:00	4798.37	4803.58	4796.05	4797.37	1283	0	29
2026.04.08	12:35:00	4797.41	4801.39	4793.50	4794.65	1248	0	29
2026.04.08	12:40:00	4794.59	4795.38	4776.83	4782.32	1524	0	29
2026.04.08	12:45:00	4782.37	4786.45	4776.39	4785.33	1607	0	29
2026.04.08	12:50:00	4785.42	4788.36	4783.65	4784.54	1356	0	29
2026.04.08	12:55:00	4784.59	4785.54	4778.93	4783.20	1386	0	29
2026.04.08	13:00:00	4783.19	4790.26	4781.76	4788.67	1182	0	29
2026.04.08	13:05:00	4788.67	4789.38	4785.82	4787.93	1304	0	29
2026.04.08	13:10:00	4787.92	4788.41	4782.70	4782.79	1299	0	29
2026.04.08	13:15:00	4782.81	4783.12	4771.08	4776.21	1404	0	29
2026.04.08	13:20:00	4776.17	4781.07	4771.88	4778.83	1315	0	29
2026.04.08	13:25:00	4778.82	4783.30	4778.66	4782.59	1172	0	29
2026.04.08	13:30:00	4782.54	4785.23	4780.20	4783.16	1222	0	29
2026.04.08	13:35:00	4783.15	4789.49	4781.90	4787.63	1063	0	29
2026.04.08	13:40:00	4787.64	4792.10	4785.17	4791.62	1099	0	29
2026.04.08	13:45:00	4791.62	4795.12	4791.36	4793.14	1247	0	29
2026.04.08	13:50:00	4793.14	4796.02	4790.66	4790.71	1264	0	29
2026.04.08	13:55:00	4790.73	4791.28	4782.45	4782.52	1354	0	29
2026.04.08	14:00:00	4782.53	4786.05	4779.84	4782.29	1262	0	29
2026.04.08	14:05:00	4782.29	4790.86	4779.87	4790.57	1029	0	29
2026.04.08	14:10:00	4790.56	4790.56	4786.52	4787.21	1038	0	29
2026.04.08	14:15:00	4787.21	4787.71	4782.89	4784.61	1013	0	29
2026.04.08	14:20:00	4784.62	4787.28	4782.86	4785.79	1362	0	29
2026.04.08	14:25:00	4785.79	4796.90	4784.84	4789.81	1715	0	29
2026.04.08	14:30:00	4789.79	4792.39	4785.15	4787.96	1610	0	29
2026.04.08	14:35:00	4788.08	4788.21	4778.08	4783.12	1459	0	29
2026.04.08	14:40:00	4783.11	4791.21	4780.66	4790.23	1411	0	29
2026.04.08	14:45:00	4790.25	4796.39	4789.37	4795.80	1504	0	29
2026.04.08	14:50:00	4796.22	4800.78	4794.52	4796.61	1382	0	29
2026.04.08	14:55:00	4796.64	4802.74	4796.43	4798.46	1483	0	29
2026.04.08	15:00:00	4798.41	4804.13	4798.16	4803.71	1489	0	29
2026.04.08	15:05:00	4803.72	4805.72	4800.10	4800.54	1538	0	29
2026.04.08	15:10:00	4800.52	4807.22	4798.00	4805.23	1623	0	29
2026.04.08	15:15:00	4805.27	4805.37	4792.35	4792.96	1505	0	29
2026.04.08	15:20:00	4792.88	4794.49	4768.47	4769.26	2145	0	29
2026.04.08	15:25:00	4769.72	4784.52	4769.72	4784.09	1973	0	29
2026.04.08	15:30:00	4784.13	4793.73	4783.49	4793.29	1772	0	29
2026.04.08	15:35:00	4793.26	4798.03	4791.53	4796.60	1698	0	29
2026.04.08	15:40:00	4796.61	4797.76	4794.00	4794.86	1537	0	29
2026.04.08	15:45:00	4794.86	4801.47	4794.82	4797.34	1636	0	29
2026.04.08	15:50:00	4797.37	4801.93	4794.48	4801.33	1541	0	29
2026.04.08	15:55:00	4801.33	4802.48	4798.54	4799.55	1509	0	29
2026.04.08	16:00:00	4799.55	4806.59	4799.05	4802.20	1866	0	29
2026.04.08	16:05:00	4802.13	4802.46	4795.89	4797.69	1760	0	29
2026.04.08	16:10:00	4797.70	4798.08	4790.81	4793.13	1664	0	29
2026.04.08	16:15:00	4793.09	4797.22	4791.25	4792.99	1678	0	29
2026.04.08	16:20:00	4793.00	4798.08	4789.60	4797.69	1629	0	29
2026.04.08	16:25:00	4797.64	4799.22	4789.21	4790.38	1557	0	29
2026.04.08	16:30:00	4790.35	4794.77	4774.35	4782.71	2150	0	29
2026.04.08	16:35:00	4782.74	4787.81	4774.07	4777.24	2129	0	29
2026.04.08	16:40:00	4777.36	4780.54	4773.74	4774.33	2082	0	29
2026.04.08	16:45:00	4774.29	4788.26	4773.87	4788.13	2067	0	29
2026.04.08	16:50:00	4788.07	4788.73	4771.41	4771.88	2065	0	29
2026.04.08	16:55:00	4772.08	4780.53	4768.27	4777.62	2042	0	29
2026.04.08	17:00:00	4777.27	4791.54	4776.53	4785.82	2042	0	29
2026.04.08	17:05:00	4785.82	4792.01	4776.57	4786.38	2051	0	29
2026.04.08	17:10:00	4786.43	4786.84	4778.86	4780.16	1995	0	29
2026.04.08	17:15:00	4780.16	4785.35	4772.64	4773.16	1967	0	29
2026.04.08	17:20:00	4773.45	4780.30	4771.98	4774.34	2014	0	29
2026.04.08	17:25:00	4774.47	4774.64	4761.55	4767.65	2043	0	29
2026.04.08	17:30:00	4767.78	4768.32	4751.01	4754.11	2095	0	29
2026.04.08	17:35:00	4754.13	4766.53	4751.37	4760.93	2094	0	29
2026.04.08	17:40:00	4760.88	4770.09	4758.19	4760.30	1959	0	29
2026.04.08	17:45:00	4760.18	4765.08	4749.71	4755.67	2022	0	29
2026.04.08	17:50:00	4756.00	4756.59	4745.23	4752.94	2039	0	29
2026.04.08	17:55:00	4752.93	4753.20	4732.18	4736.03	2108	0	29
2026.04.08	18:00:00	4736.34	4748.34	4735.77	4746.95	2031	0	29
2026.04.08	18:05:00	4746.94	4749.50	4741.62	4742.51	1911	0	29
2026.04.08	18:10:00	4742.59	4747.66	4734.21	4743.58	2035	0	29
2026.04.08	18:15:00	4743.32	4754.43	4742.85	4754.19	1900	0	29
2026.04.08	18:20:00	4754.15	4757.55	4753.00	4754.85	1828	0	29
2026.04.08	18:25:00	4754.82	4757.34	4749.89	4750.79	1857	0	29
2026.04.08	18:30:00	4750.79	4757.08	4750.34	4756.90	1773	0	29
2026.04.08	18:35:00	4756.91	4761.04	4756.38	4760.17	1832	0	29
2026.04.08	18:40:00	4760.19	4761.48	4754.15	4755.69	1705	0	29
2026.04.08	18:45:00	4755.70	4759.55	4754.63	4758.78	1624	0	29
2026.04.08	18:50:00	4758.79	4763.08	4757.45	4757.45	1568	0	29
2026.04.08	18:55:00	4757.48	4759.09	4755.02	4756.42	1479	0	29
2026.04.08	19:00:00	4756.42	4762.50	4755.94	4757.49	1449	0	29
2026.04.08	19:05:00	4757.49	4758.77	4755.09	4757.77	1559	0	29
2026.04.08	19:10:00	4757.78	4760.63	4753.86	4754.02	1515	0	29
2026.04.08	19:15:00	4754.06	4754.99	4745.44	4748.06	1837	0	29
2026.04.08	19:20:00	4748.06	4753.04	4747.19	4752.42	1582	0	29
2026.04.08	19:25:00	4752.42	4753.88	4748.61	4750.04	1702	0	29
2026.04.08	19:30:00	4750.07	4757.34	4747.99	4755.95	1657	0	29
2026.04.08	19:35:00	4756.04	4759.16	4753.60	4759.08	1560	0	29
2026.04.08	19:40:00	4759.08	4760.26	4757.19	4758.51	1497	0	29
2026.04.08	19:45:00	4758.55	4762.08	4756.60	4760.98	1445	0	29
2026.04.08	19:50:00	4760.96	4765.53	4760.28	4760.90	1497	0	29
2026.04.08	19:55:00	4760.96	4762.63	4759.73	4760.46	1342	0	29
2026.04.08	20:00:00	4760.45	4764.31	4759.22	4760.25	1431	0	29
2026.04.08	20:05:00	4760.23	4760.49	4756.32	4757.85	1339	0	29
2026.04.08	20:10:00	4757.85	4762.04	4757.54	4760.75	1407	0	29
2026.04.08	20:15:00	4760.92	4762.57	4754.69	4755.36	1481	0	29
2026.04.08	20:20:00	4755.35	4756.96	4746.55	4748.56	1708	0	29
2026.04.08	20:25:00	4748.61	4753.69	4745.68	4751.03	1830	0	29
2026.04.08	20:30:00	4750.97	4754.39	4742.93	4744.66	1677	0	29
2026.04.08	20:35:00	4744.81	4744.94	4736.81	4736.89	1818	0	29
2026.04.08	20:40:00	4737.17	4742.45	4736.18	4740.64	1754	0	29
2026.04.08	20:45:00	4740.57	4741.25	4736.01	4738.27	1684	0	29
2026.04.08	20:50:00	4738.26	4741.60	4735.98	4736.45	1612	0	29
2026.04.08	20:55:00	4736.45	4737.70	4731.66	4733.94	1464	0	29
2026.04.08	21:00:00	4734.02	4740.25	4728.24	4740.14	1655	0	29
2026.04.08	21:05:00	4740.13	4743.73	4739.23	4743.14	1573	0	29
2026.04.08	21:10:00	4743.12	4744.35	4740.59	4743.51	1534	0	29
2026.04.08	21:15:00	4743.51	4744.42	4717.06	4729.53	1768	0	29
2026.04.08	21:20:00	4729.56	4731.73	4721.54	4723.57	2153	0	29
2026.04.08	21:25:00	4723.55	4726.84	4717.95	4722.46	2015	0	29
2026.04.08	21:30:00	4722.41	4724.93	4720.55	4722.92	1650	0	29
2026.04.08	21:35:00	4722.94	4723.37	4713.53	4714.78	1810	0	29
2026.04.08	21:40:00	4714.84	4716.73	4708.33	4709.32	1862	0	29
2026.04.08	21:45:00	4709.34	4716.81	4708.32	4710.20	1725	0	29
2026.04.08	21:50:00	4710.19	4711.83	4704.28	4707.59	1776	0	29
2026.04.08	21:55:00	4707.59	4707.80	4703.76	4705.38	1697	0	29
2026.04.08	22:00:00	4705.03	4708.52	4701.44	4702.03	1820	0	29
2026.04.08	22:05:00	4702.10	4709.02	4699.53	4707.81	1877	0	29
2026.04.08	22:10:00	4707.92	4716.41	4706.64	4715.50	1761	0	29
2026.04.08	22:15:00	4715.52	4718.46	4710.15	4711.14	1599	0	29
2026.04.08	22:20:00	4711.28	4712.10	4708.51	4710.68	1527	0	29
2026.04.08	22:25:00	4710.65	4714.56	4707.43	4708.59	1523	0	29
2026.04.08	22:30:00	4708.42	4718.95	4708.14	4716.87	1604	0	29
2026.04.08	22:35:00	4716.82	4724.76	4716.18	4723.87	1734	0	29
2026.04.08	22:40:00	4723.85	4724.85	4720.72	4721.93	1505	0	29
2026.04.08	22:45:00	4721.92	4726.59	4721.69	4725.89	1597	0	29
2026.04.08	22:50:00	4725.85	4730.53	4725.85	4729.94	1722	0	29
2026.04.08	22:55:00	4729.88	4731.79	4727.83	4730.58	1629	0	29
2026.04.08	23:00:00	4730.51	4732.17	4728.93	4731.70	1221	0	29
2026.04.08	23:05:00	4731.64	4732.08	4727.49	4727.64	1041	0	29
2026.04.08	23:10:00	4727.61	4728.39	4726.44	4727.83	894	0	29
2026.04.08	23:15:00	4727.78	4729.97	4724.05	4724.45	823	0	29
2026.04.08	23:20:00	4724.45	4724.92	4722.54	4724.84	772	0	29
2026.04.08	23:25:00	4724.83	4724.88	4721.79	4723.10	796	0	29
2026.04.08	23:30:00	4723.07	4724.04	4720.93	4723.76	803	0	29
2026.04.08	23:35:00	4723.77	4723.90	4721.11	4722.63	644	0	29
2026.04.08	23:40:00	4722.64	4723.76	4721.99	4722.33	517	0	29
2026.04.08	23:45:00	4722.33	4724.46	4719.91	4720.09	835	0	29
2026.04.08	23:50:00	4720.05	4720.93	4717.18	4718.97	1029	0	29
2026.04.08	23:55:00	4718.97	4720.89	4718.73	4719.53	441	0	29
2026.04.09	01:00:00	4724.08	4733.06	4722.30	4727.52	1130	0	32
2026.04.09	01:05:00	4727.52	4729.43	4720.69	4722.34	758	0	32
2026.04.09	01:10:00	4722.35	4723.71	4709.54	4712.51	1255	0	32
2026.04.09	01:15:00	4712.61	4717.48	4708.37	4712.00	1174	0	32
2026.04.09	01:20:00	4712.53	4713.75	4704.72	4712.75	1305	0	32
2026.04.09	01:25:00	4712.71	4713.73	4709.03	4713.73	804	0	32
2026.04.09	01:30:00	4713.73	4717.02	4705.85	4716.34	1251	0	32
2026.04.09	01:35:00	4716.88	4719.47	4712.81	4713.38	1183	0	32
2026.04.09	01:40:00	4713.37	4717.49	4710.93	4712.73	985	0	32
2026.04.09	01:45:00	4712.74	4716.09	4711.57	4715.12	746	0	32
2026.04.09	01:50:00	4715.11	4718.58	4714.01	4716.56	960	0	32
2026.04.09	01:55:00	4716.56	4720.05	4715.14	4717.63	856	0	32
2026.04.09	02:00:00	4717.62	4717.62	4709.27	4714.82	1016	0	32
2026.04.09	02:05:00	4714.42	4717.46	4707.20	4707.37	1097	0	32
2026.04.09	02:10:00	4707.32	4711.42	4705.40	4708.56	1171	0	32
2026.04.09	02:15:00	4708.56	4713.39	4705.83	4712.95	990	0	32
2026.04.09	02:20:00	4712.91	4716.00	4710.69	4713.38	925	0	32
2026.04.09	02:25:00	4713.35	4713.37	4709.85	4709.92	875	0	32
2026.04.09	02:30:00	4709.97	4711.09	4707.05	4710.47	897	0	32
2026.04.09	02:35:00	4710.44	4713.46	4709.88	4712.56	898	0	32
2026.04.09	02:40:00	4712.46	4715.68	4712.13	4713.30	846	0	32
2026.04.09	02:45:00	4713.31	4717.75	4712.59	4717.38	850	0	32
2026.04.09	02:50:00	4717.39	4719.96	4714.75	4714.84	946	0	32
2026.04.09	02:55:00	4714.85	4716.62	4712.58	4715.67	1076	0	32
2026.04.09	03:00:00	4715.66	4715.73	4703.28	4705.28	1556	0	32
2026.04.09	03:05:00	4705.37	4705.44	4698.52	4700.45	1649	0	32
2026.04.09	03:10:00	4700.51	4703.66	4698.95	4702.41	1317	0	32
2026.04.09	03:15:00	4702.41	4705.02	4701.01	4704.10	1258	0	32
2026.04.09	03:20:00	4704.13	4712.18	4701.75	4710.70	1361	0	32
2026.04.09	03:25:00	4710.66	4712.25	4706.39	4706.39	1216	0	32
2026.04.09	03:30:00	4706.39	4714.14	4705.66	4712.25	1413	0	32
2026.04.09	03:35:00	4712.28	4715.13	4711.70	4713.12	1302	0	32
2026.04.09	03:40:00	4713.12	4718.36	4713.12	4718.30	1229	0	32
2026.04.09	03:45:00	4718.27	4719.05	4713.54	4715.83	1237	0	32
2026.04.09	03:50:00	4715.49	4717.06	4708.21	4709.56	1190	0	32
2026.04.09	03:55:00	4709.55	4710.61	4705.92	4706.77	1226	0	32
2026.04.09	04:00:00	4706.77	4716.26	4699.62	4712.76	1971	0	32
2026.04.09	04:05:00	4712.82	4717.08	4708.74	4715.89	1846	0	32
2026.04.09	04:10:00	4715.98	4721.86	4711.17	4720.52	1754	0	32
2026.04.09	04:15:00	4720.52	4723.44	4716.68	4720.93	1734	0	32
2026.04.09	04:20:00	4720.94	4720.94	4709.03	4711.57	1687	0	32
2026.04.09	04:25:00	4711.58	4711.94	4702.91	4704.90	1713	0	32
2026.04.09	04:30:00	4704.92	4719.45	4704.00	4718.60	1675	0	32
2026.04.09	04:35:00	4718.61	4719.30	4715.14	4718.92	1584	0	32
2026.04.09	04:40:00	4719.25	4721.42	4715.59	4717.45	1493	0	32
2026.04.09	04:45:00	4717.89	4723.14	4717.80	4722.21	1429	0	32
2026.04.09	04:50:00	4722.14	4724.52	4721.63	4723.43	1293	0	32
2026.04.09	04:55:00	4723.47	4728.17	4721.52	4727.27	1306	0	32
2026.04.09	05:00:00	4727.32	4728.71	4721.08	4721.99	1583	0	32
2026.04.09	05:05:00	4722.01	4725.84	4721.90	4722.21	1416	0	32
2026.04.09	05:10:00	4722.21	4724.01	4721.07	4722.90	1357	0	32
2026.04.09	05:15:00	4722.91	4727.75	4722.55	4726.70	1075	0	32
2026.04.09	05:20:00	4726.61	4727.76	4724.88	4726.36	995	0	32
2026.04.09	05:25:00	4726.36	4726.54	4723.64	4725.30	971	0	32
2026.04.09	05:30:00	4725.30	4729.83	4725.27	4725.88	1338	0	32
2026.04.09	05:35:00	4725.88	4732.63	4725.68	4730.86	1262	0	32
2026.04.09	05:40:00	4730.85	4732.55	4729.22	4732.35	1080	0	32
2026.04.09	05:45:00	4732.30	4732.87	4725.57	4726.06	1192	0	32
2026.04.09	05:50:00	4726.06	4728.45	4723.19	4723.28	1242	0	32
2026.04.09	05:55:00	4723.28	4724.18	4717.46	4719.06	1461	0	32
2026.04.09	06:00:00	4719.04	4720.18	4715.63	4719.11	1338	0	32
2026.04.09	06:05:00	4719.14	4719.83	4715.42	4718.01	1029	0	32
2026.04.09	06:10:00	4717.99	4718.00	4711.49	4712.51	1296	0	32
2026.04.09	06:15:00	4712.50	4713.21	4705.85	4707.72	1384	0	32
2026.04.09	06:20:00	4707.72	4710.30	4705.26	4708.71	1474	0	32
2026.04.09	06:25:00	4708.70	4712.80	4708.45	4712.53	1233	0	32
2026.04.09	06:30:00	4712.55	4714.80	4712.25	4713.72	959	0	32
2026.04.09	06:35:00	4713.72	4714.34	4711.79	4714.33	861	0	32
2026.04.09	06:40:00	4714.34	4714.85	4713.20	4714.67	737	0	32
2026.04.09	06:45:00	4714.70	4714.75	4706.57	4710.93	1203	0	32
2026.04.09	06:50:00	4710.94	4713.92	4708.07	4711.38	1169	0	32
2026.04.09	06:55:00	4711.39	4713.88	4710.78	4711.45	944	0	32
2026.04.09	07:00:00	4711.44	4715.68	4709.72	4715.13	893	0	32
2026.04.09	07:05:00	4715.06	4720.98	4714.96	4720.55	1006	0	32
2026.04.09	07:10:00	4720.55	4722.34	4720.44	4721.75	875	0	32
2026.04.09	07:15:00	4721.79	4723.30	4719.96	4720.29	840	0	32
2026.04.09	07:20:00	4720.13	4720.47	4718.02	4718.39	746	0	32
2026.04.09	07:25:00	4718.39	4719.69	4716.91	4716.93	567	0	32
2026.04.09	07:30:00	4716.91	4717.84	4714.31	4715.84	898	0	32
2026.04.09	07:35:00	4715.85	4721.12	4715.37	4718.25	843	0	32
2026.04.09	07:40:00	4718.27	4723.39	4718.10	4720.73	916	0	32
2026.04.09	07:45:00	4720.87	4722.43	4720.04	4721.28	607	0	32
2026.04.09	07:50:00	4721.27	4725.34	4720.96	4724.31	868	0	32
2026.04.09	07:55:00	4724.31	4724.33	4720.75	4720.78	841	0	32
2026.04.09	08:00:00	4720.79	4723.60	4719.61	4719.61	921	0	32
2026.04.09	08:05:00	4719.62	4719.93	4715.17	4716.35	1054	0	32
2026.04.09	08:10:00	4716.35	4716.35	4710.72	4713.88	1201	0	32
2026.04.09	08:15:00	4713.91	4720.38	4713.26	4720.38	1255	0	32
2026.04.09	08:20:00	4720.37	4723.85	4720.00	4720.94	1094	0	32
2026.04.09	08:25:00	4720.93	4726.50	4720.50	4726.22	971	0	32
2026.04.09	08:30:00	4726.22	4726.42	4716.93	4719.88	1582	0	32
2026.04.09	08:35:00	4719.71	4722.28	4716.22	4719.71	1349	0	32
2026.04.09	08:40:00	4719.74	4724.37	4719.23	4723.74	1397	0	32
2026.04.09	08:45:00	4723.74	4724.18	4714.57	4714.57	1255	0	32
2026.04.09	08:50:00	4714.55	4714.81	4705.77	4708.59	1590	0	32
2026.04.09	08:55:00	4708.57	4715.57	4707.37	4713.13	1373	0	32
2026.04.09	09:00:00	4713.17	4722.74	4711.51	4721.88	1534	0	32
2026.04.09	09:05:00	4721.89	4725.30	4720.46	4720.46	1501	0	32
2026.04.09	09:10:00	4720.69	4723.85	4717.79	4719.30	1368	0	32
2026.04.09	09:15:00	4719.35	4721.88	4716.43	4716.64	1325	0	32
2026.04.09	09:20:00	4716.43	4721.00	4714.35	4715.12	1345	0	32
2026.04.09	09:25:00	4715.09	4718.40	4712.57	4718.32	1432	0	32
2026.04.09	09:30:00	4718.36	4723.03	4716.83	4719.12	1513	0	32
2026.04.09	09:35:00	4719.12	4719.13	4711.71	4714.90	1391	0	32
2026.04.09	09:40:00	4714.87	4718.89	4712.74	4713.64	1401	0	32
2026.04.09	09:45:00	4713.58	4715.09	4711.38	4711.77	1425	0	32
2026.04.09	09:50:00	4711.77	4713.29	4703.50	4708.10	1609	0	32
2026.04.09	09:55:00	4708.10	4714.07	4708.05	4712.50	1546	0	32
2026.04.09	10:00:00	4712.53	4716.67	4708.54	4715.37	1553	0	32
2026.04.09	10:05:00	4715.37	4728.58	4714.60	4725.24	1518	0	32
2026.04.09	10:10:00	4725.21	4730.41	4721.92	4724.39	1504	0	32
2026.04.09	10:15:00	4724.32	4724.50	4715.01	4715.76	1475	0	32
2026.04.09	10:20:00	4715.72	4716.07	4710.01	4713.55	1471	0	32
2026.04.09	10:25:00	4713.54	4714.52	4705.74	4708.43	1550	0	32
2026.04.09	10:30:00	4708.45	4722.41	4708.45	4718.94	1609	0	32
2026.04.09	10:35:00	4719.16	4731.36	4718.33	4729.25	1715	0	32
2026.04.09	10:40:00	4729.26	4729.28	4722.31	4722.61	1402	0	32
2026.04.09	10:45:00	4722.61	4723.69	4716.72	4718.24	1497	0	32
2026.04.09	10:50:00	4718.18	4718.18	4711.53	4717.65	1591	0	32
2026.04.09	10:55:00	4717.64	4724.76	4716.75	4724.39	1222	0	32
2026.04.09	11:00:00	4724.38	4726.37	4720.65	4721.71	1469	0	32
2026.04.09	11:05:00	4721.70	4723.75	4719.82	4722.86	1269	0	32
2026.04.09	11:10:00	4722.84	4725.52	4721.57	4723.92	1254	0	32
2026.04.09	11:15:00	4723.92	4725.17	4721.42	4723.25	1062	0	32
2026.04.09	11:20:00	4723.24	4727.64	4722.96	4726.28	1211	0	32
2026.04.09	11:25:00	4726.27	4726.39	4720.94	4721.33	1158	0	32
2026.04.09	11:30:00	4721.26	4727.59	4720.18	4725.88	1239	0	32
2026.04.09	11:35:00	4725.88	4730.24	4724.03	4728.79	1213	0	32
2026.04.09	11:40:00	4728.73	4732.86	4726.79	4729.71	1171	0	32
2026.04.09	11:45:00	4729.80	4733.05	4729.27	4730.97	1262	0	32
2026.04.09	11:50:00	4731.00	4731.21	4727.02	4728.99	1195	0	32
2026.04.09	11:55:00	4729.13	4729.47	4725.90	4726.16	1157	0	32
2026.04.09	12:00:00	4726.14	4727.90	4723.77	4725.78	1294	0	32
2026.04.09	12:05:00	4725.78	4731.91	4722.94	4731.32	1329	0	32
2026.04.09	12:10:00	4731.38	4733.08	4729.63	4730.85	1063	0	32
2026.04.09	12:15:00	4730.97	4732.91	4729.17	4730.53	1053	0	32
2026.04.09	12:20:00	4730.52	4732.46	4729.45	4731.23	1050	0	32
2026.04.09	12:25:00	4731.54	4733.15	4728.77	4729.67	1133	0	32
2026.04.09	12:30:00	4729.65	4730.76	4727.39	4729.70	1164	0	32
2026.04.09	12:35:00	4729.69	4732.52	4727.91	4732.43	1072	0	32
2026.04.09	12:40:00	4732.43	4732.43	4726.68	4726.79	983	0	32
2026.04.09	12:45:00	4726.70	4729.31	4723.61	4728.77	1097	0	32
2026.04.09	12:50:00	4728.72	4730.50	4726.60	4728.32	1069	0	32
2026.04.09	12:55:00	4728.31	4730.54	4726.68	4729.20	1054	0	32
2026.04.09	13:00:00	4729.23	4732.85	4728.17	4728.77	1116	0	32
2026.04.09	13:05:00	4728.77	4729.48	4725.68	4728.71	1022	0	32
2026.04.09	13:10:00	4728.79	4730.05	4725.91	4727.25	935	0	32
2026.04.09	13:15:00	4727.27	4729.70	4723.66	4729.05	1169	0	32
2026.04.09	13:20:00	4729.04	4738.73	4728.73	4738.18	1200	0	32
2026.04.09	13:25:00	4738.14	4739.81	4736.17	4738.11	1272	0	32
2026.04.09	13:30:00	4738.12	4741.31	4737.94	4738.60	1248	0	32
2026.04.09	13:35:00	4738.58	4740.21	4737.35	4739.89	1026	0	32
2026.04.09	13:40:00	4739.92	4741.10	4736.40	4740.75	1043	0	32
2026.04.09	13:45:00	4740.75	4744.26	4739.18	4743.99	1198	0	32
2026.04.09	13:50:00	4743.99	4746.33	4741.91	4744.67	1283	0	32
2026.04.09	13:55:00	4744.66	4746.67	4739.89	4741.06	1308	0	32
2026.04.09	14:00:00	4741.02	4744.08	4738.39	4740.46	1357	0	32
2026.04.09	14:05:00	4740.46	4741.72	4738.40	4740.07	1094	0	32
2026.04.09	14:10:00	4740.07	4741.33	4738.96	4739.15	922	0	32
2026.04.09	14:15:00	4739.16	4743.25	4738.69	4743.24	967	0	32
2026.04.09	14:20:00	4743.24	4746.09	4742.83	4743.55	1079	0	32
2026.04.09	14:25:00	4743.53	4747.22	4742.12	4745.73	990	0	32
2026.04.09	14:30:00	4745.66	4747.72	4743.05	4745.00	1113	0	32
2026.04.09	14:35:00	4745.00	4748.88	4743.18	4748.84	1131	0	32
2026.04.09	14:40:00	4748.83	4751.35	4748.30	4751.11	1255	0	32
2026.04.09	14:45:00	4751.06	4756.97	4750.72	4756.24	1382	0	32
2026.04.09	14:50:00	4756.21	4757.02	4755.38	4756.12	1165	0	32
2026.04.09	14:55:00	4756.12	4757.30	4753.35	4756.51	986	0	32
2026.04.09	15:00:00	4756.51	4759.55	4749.04	4750.84	1384	0	32
2026.04.09	15:05:00	4750.84	4750.93	4744.54	4744.88	1418	0	32
2026.04.09	15:10:00	4744.88	4747.36	4741.85	4742.44	1290	0	32
2026.04.09	15:15:00	4742.46	4744.18	4739.15	4739.17	1447	0	32
2026.04.09	15:20:00	4739.54	4741.68	4736.43	4739.54	1429	0	32
2026.04.09	15:25:00	4739.48	4741.66	4735.03	4737.85	1452	0	32
2026.04.09	15:30:00	4737.81	4743.70	4735.27	4742.28	1589	0	32
2026.04.09	15:35:00	4742.21	4745.00	4739.76	4742.05	1486	0	32
2026.04.09	15:40:00	4741.98	4747.97	4740.48	4743.77	1550	0	32
2026.04.09	15:45:00	4743.74	4744.53	4737.49	4742.60	1584	0	32
2026.04.09	15:50:00	4742.65	4746.13	4740.60	4741.64	1395	0	32
2026.04.09	15:55:00	4741.56	4747.33	4741.41	4745.93	1350	0	32
2026.04.09	16:00:00	4745.84	4747.03	4738.89	4743.02	1924	0	32
2026.04.09	16:05:00	4743.01	4749.77	4742.68	4749.42	1720	0	32
2026.04.09	16:10:00	4749.53	4756.64	4748.62	4754.69	1702	0	32
2026.04.09	16:15:00	4754.62	4758.55	4752.79	4753.30	1646	0	32
2026.04.09	16:20:00	4753.29	4758.34	4752.55	4754.11	1521	0	32
2026.04.09	16:25:00	4754.10	4756.39	4751.61	4752.59	1537	0	32
2026.04.09	16:30:00	4752.65	4757.50	4750.54	4756.92	1924	0	32
2026.04.09	16:35:00	4756.87	4771.39	4756.86	4770.32	2053	0	32
2026.04.09	16:40:00	4770.19	4776.96	4769.79	4775.78	2012	0	32
2026.04.09	16:45:00	4775.74	4776.64	4768.72	4771.59	1938	0	32
2026.04.09	16:50:00	4771.60	4771.82	4759.69	4763.51	1967	0	32
2026.04.09	16:55:00	4763.53	4768.96	4762.58	4764.39	1949	0	32
2026.04.09	17:00:00	4764.40	4776.07	4761.83	4772.68	2008	0	32
2026.04.09	17:05:00	4772.64	4773.29	4765.66	4767.20	2019	0	32
2026.04.09	17:10:00	4767.13	4776.27	4765.77	4770.88	1906	0	32
2026.04.09	17:15:00	4770.84	4773.15	4760.18	4761.38	1888	0	32
2026.04.09	17:20:00	4761.58	4770.99	4761.04	4770.48	1901	0	32
2026.04.09	17:25:00	4770.47	4772.79	4763.45	4765.56	1812	0	32
2026.04.09	17:30:00	4765.54	4767.54	4755.37	4755.85	1930	0	32
2026.04.09	17:35:00	4755.92	4759.09	4747.22	4758.98	1971	0	32
2026.04.09	17:40:00	4758.81	4761.56	4751.29	4755.77	1858	0	32
2026.04.09	17:45:00	4756.04	4763.19	4755.16	4761.52	1777	0	32
2026.04.09	17:50:00	4761.52	4765.92	4761.52	4763.64	1675	0	32
2026.04.09	17:55:00	4763.68	4768.78	4762.95	4768.57	1786	0	32
2026.04.09	18:00:00	4768.57	4769.19	4761.08	4763.73	1851	0	32
2026.04.09	18:05:00	4763.74	4766.38	4761.43	4762.30	1670	0	32
2026.04.09	18:10:00	4762.30	4770.37	4761.95	4769.03	1706	0	32
2026.04.09	18:15:00	4769.10	4783.51	4769.10	4783.33	1975	0	32
2026.04.09	18:20:00	4783.25	4786.27	4779.58	4784.60	1890	0	32
2026.04.09	18:25:00	4784.54	4784.71	4777.73	4778.97	1829	0	32
2026.04.09	18:30:00	4778.98	4792.27	4778.25	4792.17	1943	0	32
2026.04.09	18:35:00	4792.13	4797.88	4788.12	4791.53	2080	0	32
2026.04.09	18:40:00	4791.47	4796.13	4790.16	4790.25	1918	0	32
2026.04.09	18:45:00	4790.22	4794.23	4784.83	4784.83	1928	0	32
2026.04.09	18:50:00	4784.78	4790.71	4784.28	4787.82	1799	0	32
2026.04.09	18:55:00	4787.85	4794.12	4784.59	4792.74	1794	0	32
2026.04.09	19:00:00	4792.75	4800.93	4791.36	4796.84	1816	0	32
2026.04.09	19:05:00	4796.84	4797.59	4792.23	4792.27	1831	0	32
2026.04.09	19:10:00	4792.28	4794.21	4787.84	4788.19	1738	0	32
2026.04.09	19:15:00	4788.07	4797.60	4787.72	4795.49	1682	0	32
2026.04.09	19:20:00	4795.66	4796.99	4791.88	4794.78	1625	0	32
2026.04.09	19:25:00	4794.79	4794.79	4791.04	4792.72	1549	0	32
2026.04.09	19:30:00	4792.71	4795.47	4790.79	4794.47	1623	0	32
2026.04.09	19:35:00	4794.47	4794.81	4788.25	4792.45	1535	0	32
2026.04.09	19:40:00	4792.43	4792.43	4785.89	4787.31	1510	0	32
2026.04.09	19:45:00	4787.37	4789.19	4784.44	4784.48	1619	0	32
2026.04.09	19:50:00	4784.51	4791.24	4784.51	4788.40	1522	0	32
2026.04.09	19:55:00	4788.40	4789.37	4786.61	4788.82	1499	0	32
2026.04.09	20:00:00	4788.84	4790.90	4786.78	4788.76	1419	0	32
2026.04.09	20:05:00	4788.79	4794.01	4788.48	4792.70	1416	0	32
2026.04.09	20:10:00	4792.71	4793.81	4790.00	4793.17	1382	0	32
2026.04.09	20:15:00	4793.13	4798.28	4792.61	4797.54	1495	0	32
2026.04.09	20:20:00	4797.57	4797.77	4792.07	4792.52	1446	0	32
2026.04.09	20:25:00	4792.50	4795.77	4790.12	4792.78	1515	0	32
2026.04.09	20:30:00	4793.60	4794.27	4787.59	4793.21	1586	0	32
2026.04.09	20:35:00	4793.21	4800.72	4792.56	4798.83	1602	0	32
2026.04.09	20:40:00	4798.84	4801.11	4794.40	4795.23	1564	0	32
2026.04.09	20:45:00	4795.21	4800.87	4795.19	4800.41	1402	0	32
2026.04.09	20:50:00	4800.40	4800.56	4796.13	4797.99	1383	0	32
2026.04.09	20:55:00	4797.93	4799.66	4797.31	4797.76	1240	0	32
2026.04.09	21:00:00	4797.78	4798.11	4782.10	4785.47	1851	0	32
2026.04.09	21:05:00	4785.63	4790.28	4781.38	4785.87	1863	0	32
2026.04.09	21:10:00	4785.79	4788.35	4780.62	4783.86	1757	0	32
2026.04.09	21:15:00	4783.88	4788.23	4782.38	4785.74	1624	0	32
2026.04.09	21:20:00	4785.75	4787.11	4777.78	4780.16	1624	0	32
2026.04.09	21:25:00	4780.21	4783.28	4778.64	4782.08	1730	0	32
2026.04.09	21:30:00	4782.07	4782.25	4772.35	4777.03	1719	0	32
2026.04.09	21:35:00	4777.05	4779.67	4773.83	4776.61	1553	0	32
2026.04.09	21:40:00	4776.54	4776.63	4768.59	4770.40	1724	0	32
2026.04.09	21:45:00	4770.58	4773.10	4767.88	4772.64	1528	0	32
2026.04.09	21:50:00	4772.51	4772.92	4769.19	4769.82	1581	0	32
2026.04.09	21:55:00	4769.78	4774.45	4769.38	4772.05	1418	0	32
2026.04.09	22:00:00	4772.04	4776.52	4768.97	4776.24	1740	0	32
2026.04.09	22:05:00	4776.24	4781.82	4774.66	4781.66	1414	0	32
2026.04.09	22:10:00	4781.69	4782.58	4778.58	4779.57	1286	0	32
2026.04.09	22:15:00	4779.56	4780.59	4773.19	4773.95	1389	0	32
2026.04.09	22:20:00	4773.90	4776.21	4772.42	4776.00	1407	0	32
2026.04.09	22:25:00	4776.03	4778.26	4773.32	4773.53	1345	0	32
2026.04.09	22:30:00	4773.55	4777.98	4769.63	4771.63	1484	0	32
2026.04.09	22:35:00	4771.63	4773.14	4770.40	4771.26	1316	0	32
2026.04.09	22:40:00	4771.28	4775.59	4769.46	4772.18	1256	0	32
2026.04.09	22:45:00	4772.18	4772.77	4769.04	4769.80	1359	0	32
2026.04.09	22:50:00	4769.89	4773.93	4769.89	4772.06	1360	0	32
2026.04.09	22:55:00	4771.96	4771.96	4767.00	4768.78	1618	0	32
2026.04.09	23:00:00	4769.05	4771.44	4767.00	4770.56	965	0	32
2026.04.09	23:05:00	4770.49	4771.00	4768.86	4770.60	798	0	32
2026.04.09	23:10:00	4770.63	4771.37	4769.44	4769.79	776	0	32
2026.04.09	23:15:00	4769.79	4770.92	4766.18	4770.68	725	0	32
2026.04.09	23:20:00	4770.66	4773.33	4770.52	4772.44	481	0	32
2026.04.09	23:25:00	4772.41	4772.96	4769.65	4769.95	648	0	32
2026.04.09	23:30:00	4769.95	4771.56	4769.24	4769.29	630	0	32
2026.04.09	23:35:00	4769.30	4769.45	4763.29	4764.43	776	0	32
2026.04.09	23:40:00	4764.45	4764.74	4761.04	4764.27	945	0	32
2026.04.09	23:45:00	4764.38	4766.88	4763.73	4765.07	800	0	32
2026.04.09	23:50:00	4765.07	4768.87	4764.58	4767.87	734	0	32
2026.04.09	23:55:00	4767.82	4767.93	4764.82	4764.91	404	0	32
2026.04.10	01:00:00	4768.05	4780.14	4765.89	4772.26	1182	0	32
2026.04.10	01:05:00	4772.24	4772.39	4766.96	4770.56	810	0	32
2026.04.10	01:10:00	4770.56	4771.71	4767.65	4770.11	611	0	32
2026.04.10	01:15:00	4770.11	4771.01	4765.43	4766.10	665	0	32
2026.04.10	01:20:00	4766.12	4769.80	4764.90	4767.22	845	0	32
2026.04.10	01:25:00	4767.21	4769.22	4763.81	4764.44	690	0	32
2026.04.10	01:30:00	4764.42	4767.18	4762.51	4765.04	936	0	32
2026.04.10	01:35:00	4765.05	4765.53	4759.24	4759.67	839	0	32
2026.04.10	01:40:00	4759.63	4762.54	4759.24	4761.24	688	0	32
2026.04.10	01:45:00	4761.25	4762.18	4758.95	4760.44	630	0	32
2026.04.10	01:50:00	4760.49	4762.70	4758.70	4761.80	722	0	32
2026.04.10	01:55:00	4761.81	4764.52	4760.53	4764.16	756	0	32
2026.04.10	02:00:00	4764.13	4764.23	4759.11	4762.64	785	0	32
2026.04.10	02:05:00	4762.64	4763.08	4757.71	4761.99	704	0	32
2026.04.10	02:10:00	4761.97	4762.05	4757.28	4759.47	670	0	32
2026.04.10	02:15:00	4759.47	4761.52	4759.44	4760.33	651	0	32
2026.04.10	02:20:00	4760.32	4760.54	4757.08	4757.92	632	0	32
2026.04.10	02:25:00	4757.89	4758.30	4756.87	4758.29	506	0	32
2026.04.10	02:30:00	4758.28	4761.75	4758.26	4761.49	705	0	32
2026.04.10	02:35:00	4761.54	4763.05	4760.37	4760.67	687	0	32
2026.04.10	02:40:00	4760.69	4760.87	4758.35	4759.99	644	0	32
2026.04.10	02:45:00	4759.98	4764.22	4758.53	4762.32	805	0	32
2026.04.10	02:50:00	4762.24	4762.92	4760.40	4762.03	637	0	32
2026.04.10	02:55:00	4762.04	4763.92	4761.34	4763.69	600	0	32
2026.04.10	03:00:00	4763.68	4763.68	4753.62	4757.33	1305	0	32
2026.04.10	03:05:00	4757.33	4757.63	4750.68	4754.31	1296	0	32
2026.04.10	03:10:00	4754.28	4754.87	4750.93	4754.20	1164	0	32
2026.04.10	03:15:00	4753.79	4757.43	4751.35	4755.32	1279	0	32
2026.04.10	03:20:00	4755.32	4758.36	4753.16	4753.88	1141	0	32
2026.04.10	03:25:00	4753.88	4755.03	4750.89	4753.62	1067	0	32
2026.04.10	03:30:00	4753.62	4759.00	4753.62	4758.90	1077	0	32
2026.04.10	03:35:00	4758.91	4761.11	4757.66	4759.45	1022	0	32
2026.04.10	03:40:00	4759.44	4760.24	4754.67	4755.53	808	0	32
2026.04.10	03:45:00	4755.52	4756.16	4754.61	4755.67	833	0	32
2026.04.10	03:50:00	4755.67	4758.62	4755.67	4755.94	939	0	32
2026.04.10	03:55:00	4755.97	4762.98	4755.88	4762.86	996	0	32
2026.04.10	04:00:00	4762.85	4767.07	4760.46	4760.67	1732	0	32
2026.04.10	04:05:00	4760.67	4764.71	4758.45	4759.13	1542	0	32
2026.04.10	04:10:00	4759.13	4762.27	4757.89	4760.66	1422	0	32
2026.04.10	04:15:00	4760.61	4765.22	4758.07	4763.56	1453	0	32
2026.04.10	04:20:00	4763.55	4764.29	4758.62	4758.77	1237	0	32
2026.04.10	04:25:00	4758.77	4763.41	4758.51	4762.43	1086	0	32
2026.04.10	04:30:00	4762.44	4771.45	4760.17	4771.41	1481	0	32
2026.04.10	04:35:00	4771.37	4776.75	4769.91	4773.27	1510	0	32
2026.04.10	04:40:00	4773.27	4775.38	4769.58	4771.80	1340	0	32
2026.04.10	04:45:00	4771.77	4773.30	4764.98	4766.48	1439	0	32
2026.04.10	04:50:00	4766.41	4766.41	4760.32	4765.45	1513	0	32
2026.04.10	04:55:00	4765.69	4767.31	4761.78	4764.48	1468	0	32
2026.04.10	05:00:00	4764.65	4765.36	4754.71	4755.15	1555	0	32
2026.04.10	05:05:00	4755.15	4760.16	4754.80	4759.31	1529	0	32
2026.04.10	05:10:00	4759.28	4759.41	4748.40	4752.32	1534	0	32
2026.04.10	05:15:00	4752.37	4754.04	4746.27	4747.68	1326	0	32
2026.04.10	05:20:00	4747.73	4749.94	4742.35	4745.16	1427	0	32
2026.04.10	05:25:00	4745.15	4749.17	4743.86	4744.50	1272	0	32
2026.04.10	05:30:00	4744.51	4745.71	4738.04	4743.90	1688	0	32
2026.04.10	05:35:00	4743.91	4748.97	4743.00	4747.78	1462	0	32
2026.04.10	05:40:00	4747.81	4749.94	4746.56	4749.56	1163	0	32
2026.04.10	05:45:00	4749.56	4751.30	4747.57	4749.50	1245	0	32
2026.04.10	05:50:00	4749.42	4751.99	4747.57	4749.28	1177	0	32
2026.04.10	05:55:00	4749.27	4753.56	4748.14	4753.05	1229	0	32
2026.04.10	06:00:00	4753.05	4756.59	4752.80	4755.02	1345	0	32
2026.04.10	06:05:00	4754.96	4758.12	4753.84	4758.00	1122	0	32
2026.04.10	06:10:00	4757.94	4761.79	4757.36	4760.06	1247	0	32
2026.04.10	06:15:00	4760.09	4762.04	4758.79	4761.64	1231	0	32
2026.04.10	06:20:00	4761.64	4762.02	4757.51	4758.33	1295	0	32
2026.04.10	06:25:00	4758.32	4758.46	4755.06	4756.04	1295	0	32
2026.04.10	06:30:00	4756.00	4762.38	4755.82	4762.31	999	0	32
2026.04.10	06:35:00	4762.31	4768.49	4762.19	4765.03	1055	0	32
2026.04.10	06:40:00	4765.21	4766.07	4763.04	4765.28	916	0	32
2026.04.10	06:45:00	4765.28	4769.52	4764.78	4766.86	878	0	32
2026.04.10	06:50:00	4766.91	4767.20	4764.12	4764.63	826	0	32
2026.04.10	06:55:00	4764.62	4766.99	4764.01	4766.52	958	0	32
2026.04.10	07:00:00	4766.52	4768.00	4766.17	4767.23	723	0	32
2026.04.10	07:05:00	4767.20	4767.61	4765.20	4765.86	688	0	32
2026.04.10	07:10:00	4765.94	4767.28	4764.58	4767.11	647	0	32
2026.04.10	07:15:00	4767.08	4770.73	4766.04	4770.63	863	0	32
2026.04.10	07:20:00	4770.60	4770.65	4766.54	4766.88	668	0	32
2026.04.10	07:25:00	4766.87	4767.64	4765.40	4765.49	554	0	32
2026.04.10	07:30:00	4765.49	4765.63	4763.56	4763.67	739	0	32
2026.04.10	07:35:00	4763.67	4764.48	4762.45	4763.13	893	0	32
2026.04.10	07:40:00	4763.15	4763.75	4761.59	4762.45	770	0	32
2026.04.10	07:45:00	4762.44	4763.34	4761.53	4763.31	528	0	32
2026.04.10	07:50:00	4763.32	4765.45	4760.97	4762.61	902	0	32
2026.04.10	07:55:00	4762.61	4762.73	4757.86	4758.51	839	0	32
2026.04.10	08:00:00	4758.51	4762.28	4757.37	4762.17	1006	0	32
2026.04.10	08:05:00	4762.18	4763.16	4760.11	4761.68	823	0	32
2026.04.10	08:10:00	4761.68	4761.93	4758.85	4759.88	849	0	32
2026.04.10	08:15:00	4759.88	4760.43	4758.50	4759.96	687	0	32
2026.04.10	08:20:00	4759.96	4763.82	4759.96	4760.94	804	0	32
2026.04.10	08:25:00	4760.93	4763.84	4759.37	4759.79	808	0	32
2026.04.10	08:30:00	4759.81	4765.41	4759.35	4764.88	1277	0	32
2026.04.10	08:35:00	4764.89	4768.24	4763.72	4764.99	1173	0	32
2026.04.10	08:40:00	4764.99	4766.70	4761.46	4764.73	1148	0	32
2026.04.10	08:45:00	4764.73	4767.21	4764.70	4766.18	1083	0	32
2026.04.10	08:50:00	4766.30	4769.15	4765.74	4767.10	1163	0	32
2026.04.10	08:55:00	4767.07	4767.79	4765.46	4765.85	986	0	32
2026.04.10	09:00:00	4765.85	4765.85	4760.26	4761.64	1496	0	32
2026.04.10	09:05:00	4761.61	4763.88	4759.07	4759.19	1347	0	32
2026.04.10	09:10:00	4759.19	4761.19	4755.52	4756.19	1218	0	32
2026.04.10	09:15:00	4756.19	4757.49	4752.07	4752.73	1382	0	32
2026.04.10	09:20:00	4752.71	4754.76	4751.63	4753.76	1384	0	32
2026.04.10	09:25:00	4753.76	4755.93	4752.69	4755.42	1375	0	32
2026.04.10	09:30:00	4755.42	4758.47	4754.32	4758.10	1407	0	32
2026.04.10	09:35:00	4758.06	4758.46	4749.56	4752.34	1476	0	32
2026.04.10	09:40:00	4752.31	4754.03	4749.96	4750.95	1312	0	32
2026.04.10	09:45:00	4750.93	4754.23	4743.82	4743.82	1402	0	32
2026.04.10	09:50:00	4743.83	4747.16	4742.84	4744.74	1481	0	32
2026.04.10	09:55:00	4744.73	4748.06	4744.24	4746.42	1338	0	32
2026.04.10	10:00:00	4745.97	4750.74	4741.20	4750.43	1486	0	32
2026.04.10	10:05:00	4750.44	4752.11	4748.81	4751.72	1249	0	32
2026.04.10	10:10:00	4751.73	4752.60	4745.71	4746.98	1231	0	32
2026.04.10	10:15:00	4747.06	4753.17	4746.12	4752.55	1268	0	32
2026.04.10	10:20:00	4752.55	4754.83	4751.27	4753.98	1134	0	32
2026.04.10	10:25:00	4754.16	4755.99	4752.82	4753.58	1137	0	32
2026.04.10	10:30:00	4753.59	4756.03	4751.50	4755.73	1008	0	32
2026.04.10	10:35:00	4755.73	4757.16	4754.51	4755.65	976	0	32
2026.04.10	10:40:00	4755.64	4757.47	4752.64	4754.05	1139	0	32
2026.04.10	10:45:00	4754.04	4755.02	4751.83	4753.96	952	0	32
2026.04.10	10:50:00	4753.93	4753.93	4749.88	4750.69	1139	0	32
2026.04.10	10:55:00	4750.61	4752.01	4748.15	4749.53	1115	0	32
2026.04.10	11:00:00	4749.53	4753.23	4747.46	4747.46	1319	0	32
2026.04.10	11:05:00	4747.46	4750.84	4747.07	4749.87	1162	0	32
2026.04.10	11:10:00	4749.90	4752.05	4748.82	4749.83	1116	0	32
2026.04.10	11:15:00	4749.83	4750.03	4742.29	4745.45	1215	0	32
2026.04.10	11:20:00	4745.45	4746.90	4744.13	4746.23	1167	0	32
2026.04.10	11:25:00	4745.96	4747.94	4745.06	4746.70	1139	0	32
2026.04.10	11:30:00	4746.47	4752.20	4746.17	4750.00	1149	0	32
2026.04.10	11:35:00	4750.00	4752.15	4748.04	4749.33	938	0	32
2026.04.10	11:40:00	4749.33	4749.84	4740.95	4742.19	1072	0	32
2026.04.10	11:45:00	4742.26	4743.89	4732.97	4735.44	1585	0	32
2026.04.10	11:50:00	4735.32	4736.55	4730.83	4736.41	1577	0	32
2026.04.10	11:55:00	4736.24	4742.25	4734.60	4740.62	1354	0	32
2026.04.10	12:00:00	4740.65	4745.30	4740.50	4744.54	1212	0	32
2026.04.10	12:05:00	4744.52	4746.17	4741.46	4742.18	1297	0	32
2026.04.10	12:10:00	4742.19	4746.76	4741.70	4746.76	960	0	32
2026.04.10	12:15:00	4746.71	4760.70	4744.49	4759.29	1340	0	32
2026.04.10	12:20:00	4759.30	4759.30	4752.75	4752.92	1869	0	32
2026.04.10	12:25:00	4752.95	4753.51	4748.80	4748.80	1371	0	32
2026.04.10	12:30:00	4748.76	4750.30	4746.33	4747.59	1467	0	32
2026.04.10	12:35:00	4747.59	4750.32	4747.39	4748.62	1238	0	32
2026.04.10	12:40:00	4748.67	4751.10	4747.82	4750.48	1120	0	32
2026.04.10	12:45:00	4750.46	4750.49	4748.01	4749.85	987	0	32
2026.04.10	12:50:00	4749.85	4752.73	4748.76	4751.65	1142	0	32
2026.04.10	12:55:00	4751.65	4753.15	4750.38	4751.50	1177	0	32
2026.04.10	13:00:00	4751.51	4753.27	4747.21	4747.59	1257	0	32
2026.04.10	13:05:00	4747.60	4747.60	4742.32	4745.92	1198	0	32
2026.04.10	13:10:00	4745.91	4747.55	4743.15	4747.11	1027	0	32
2026.04.10	13:15:00	4747.12	4752.31	4746.44	4752.15	1067	0	32
2026.04.10	13:20:00	4752.15	4758.84	4751.82	4758.51	1266	0	32
2026.04.10	13:25:00	4758.54	4760.64	4757.69	4758.16	1258	0	32
2026.04.10	13:30:00	4758.15	4759.70	4756.80	4759.61	1127	0	32
2026.04.10	13:35:00	4759.57	4759.60	4753.79	4754.43	1021	0	32
2026.04.10	13:40:00	4754.44	4756.33	4754.12	4755.53	1032	0	32
2026.04.10	13:45:00	4755.35	4757.88	4754.06	4757.88	1013	0	32
2026.04.10	13:50:00	4757.85	4759.74	4756.34	4757.08	1102	0	32
2026.04.10	13:55:00	4757.08	4758.42	4755.59	4757.12	961	0	32
2026.04.10	14:00:00	4757.09	4759.59	4756.59	4759.55	1021	0	32
2026.04.10	14:05:00	4759.57	4759.59	4755.03	4755.64	1039	0	32
2026.04.10	14:10:00	4755.67	4756.67	4753.27	4755.62	1033	0	32
2026.04.10	14:15:00	4755.61	4758.53	4754.34	4758.42	903	0	32
2026.04.10	14:20:00	4758.43	4762.43	4757.79	4761.05	1088	0	32
2026.04.10	14:25:00	4761.05	4762.33	4758.10	4761.61	1015	0	32
2026.04.10	14:30:00	4761.61	4763.10	4758.54	4759.18	1164	0	32
2026.04.10	14:35:00	4759.15	4762.64	4759.01	4761.48	937	0	32
2026.04.10	14:40:00	4761.47	4767.13	4760.17	4767.09	1051	0	32
2026.04.10	14:45:00	4767.14	4767.14	4763.24	4763.33	1104	0	32
2026.04.10	14:50:00	4763.33	4766.24	4762.93	4764.36	1113	0	32
2026.04.10	14:55:00	4764.47	4768.74	4763.43	4768.12	1276	0	32
2026.04.10	15:00:00	4768.14	4769.94	4763.98	4766.59	1377	0	32
2026.04.10	15:05:00	4766.60	4768.01	4763.64	4764.79	1265	0	32
2026.04.10	15:10:00	4764.77	4767.31	4764.25	4766.76	1343	0	32
2026.04.10	15:15:00	4766.81	4771.14	4765.63	4768.40	1447	0	32
2026.04.10	15:20:00	4768.23	4768.44	4759.94	4760.16	1483	0	32
2026.04.10	15:25:00	4760.16	4763.09	4759.79	4762.52	1210	0	32
2026.04.10	15:30:00	4762.52	4782.16	4761.79	4780.28	1996	0	32
2026.04.10	15:35:00	4780.36	4782.36	4771.10	4776.05	1862	0	32
2026.04.10	15:40:00	4775.95	4778.44	4768.89	4772.55	1673	0	32
2026.04.10	15:45:00	4772.84	4774.15	4763.68	4767.33	1728	0	32
2026.04.10	15:50:00	4767.33	4771.21	4764.89	4764.89	1624	0	32
2026.04.10	15:55:00	4764.88	4772.45	4764.71	4771.85	1405	0	32
2026.04.10	16:00:00	4771.85	4773.47	4767.97	4770.92	1824	0	32
2026.04.10	16:05:00	4770.89	4777.65	4769.38	4774.14	1720	0	32
2026.04.10	16:10:00	4774.11	4774.34	4770.23	4772.51	1563	0	32
2026.04.10	16:15:00	4772.42	4773.58	4766.04	4772.35	1591	0	32
2026.04.10	16:20:00	4772.18	4779.85	4770.56	4775.86	1639	0	32
2026.04.10	16:25:00	4775.89	4780.21	4774.21	4775.71	1577	0	32
2026.04.10	16:30:00	4775.66	4778.64	4769.26	4770.10	2005	0	32
2026.04.10	16:35:00	4770.10	4777.42	4765.25	4775.68	1973	0	32
2026.04.10	16:40:00	4775.69	4775.89	4766.74	4769.12	1921	0	32
2026.04.10	16:45:00	4769.11	4773.87	4765.98	4773.38	1853	0	32
2026.04.10	16:50:00	4773.41	4777.42	4769.02	4777.24	1877	0	32
2026.04.10	16:55:00	4777.29	4777.76	4774.06	4774.96	1672	0	32
2026.04.10	17:00:00	4774.95	4780.42	4771.08	4776.57	1904	0	32
2026.04.10	17:05:00	4776.57	4780.50	4774.89	4775.69	1862	0	32
2026.04.10	17:10:00	4775.75	4780.25	4767.33	4780.08	1902	0	32
2026.04.10	17:15:00	4780.10	4788.57	4779.07	4788.11	1945	0	32
2026.04.10	17:20:00	4788.24	4790.84	4785.80	4790.33	1785	0	32
2026.04.10	17:25:00	4790.38	4792.80	4787.44	4790.52	1839	0	32
2026.04.10	17:30:00	4790.51	4794.94	4787.74	4787.81	1765	0	32
2026.04.10	17:35:00	4787.88	4790.96	4786.73	4786.80	1633	0	32
2026.04.10	17:40:00	4786.79	4788.67	4774.07	4780.64	1776	0	32
2026.04.10	17:45:00	4780.79	4783.26	4771.79	4772.28	2002	0	32
2026.04.10	17:50:00	4772.28	4781.83	4770.92	4774.44	1977	0	32
2026.04.10	17:55:00	4774.45	4779.52	4771.12	4774.73	1901	0	32
2026.04.10	18:00:00	4774.82	4778.87	4773.50	4774.30	1825	0	32
2026.04.10	18:05:00	4774.29	4779.98	4769.51	4779.61	1826	0	32
2026.04.10	18:10:00	4779.60	4783.77	4779.15	4781.78	1674	0	32
2026.04.10	18:15:00	4781.78	4786.53	4781.69	4782.03	1614	0	32
2026.04.10	18:20:00	4781.95	4787.28	4781.77	4786.23	1571	0	32
2026.04.10	18:25:00	4786.23	4786.23	4775.94	4776.01	1635	0	32
2026.04.10	18:30:00	4776.02	4778.34	4772.68	4774.74	1890	0	32
2026.04.10	18:35:00	4774.79	4775.17	4755.39	4760.44	1984	0	32
2026.04.10	18:40:00	4760.45	4767.19	4760.06	4765.99	1897	0	32
2026.04.10	18:45:00	4765.96	4769.74	4763.04	4766.39	1784	0	32
2026.04.10	18:50:00	4766.35	4769.86	4765.11	4766.41	1700	0	32
2026.04.10	18:55:00	4766.45	4766.46	4758.68	4762.25	1702	0	32
2026.04.10	19:00:00	4762.08	4763.32	4753.47	4753.80	1801	0	32
2026.04.10	19:05:00	4753.95	4756.74	4747.51	4756.49	1888	0	32
2026.04.10	19:10:00	4756.51	4763.35	4756.22	4763.16	1670	0	32
2026.04.10	19:15:00	4763.19	4765.11	4760.92	4761.80	1604	0	32
2026.04.10	19:20:00	4761.78	4762.10	4754.21	4760.87	1630	0	32
2026.04.10	19:25:00	4760.86	4762.15	4756.91	4758.14	1602	0	32
2026.04.10	19:30:00	4758.45	4763.24	4756.73	4761.06	1726	0	32
2026.04.10	19:35:00	4761.07	4765.26	4760.66	4762.35	1565	0	32
2026.04.10	19:40:00	4762.35	4762.86	4756.36	4756.84	1705	0	32
2026.04.10	19:45:00	4756.94	4762.22	4756.06	4761.43	1543	0	32
2026.04.10	19:50:00	4761.36	4766.05	4760.90	4765.39	1594	0	32
2026.04.10	19:55:00	4765.43	4765.61	4762.26	4763.74	1325	0	32
2026.04.10	20:00:00	4763.75	4764.63	4759.19	4760.03	1467	0	32
2026.04.10	20:05:00	4760.03	4763.32	4758.07	4761.98	1477	0	32
2026.04.10	20:10:00	4761.99	4766.23	4760.18	4764.56	1360	0	32
2026.04.10	20:15:00	4764.61	4768.52	4763.48	4766.88	1301	0	32
2026.04.10	20:20:00	4766.91	4768.47	4761.43	4764.45	1448	0	32
2026.04.10	20:25:00	4764.45	4768.52	4761.30	4762.69	1409	0	32
2026.04.10	20:30:00	4762.90	4765.66	4759.02	4760.75	1529	0	32
2026.04.10	20:35:00	4760.73	4762.86	4758.35	4761.51	1431	0	32
2026.04.10	20:40:00	4761.48	4762.25	4758.95	4759.03	1412	0	32
2026.04.10	20:45:00	4758.83	4764.30	4758.70	4763.73	1348	0	32
2026.04.10	20:50:00	4763.68	4764.99	4760.38	4761.19	1260	0	32
2026.04.10	20:55:00	4761.19	4762.00	4759.01	4760.29	1253	0	32
2026.04.10	21:00:00	4760.24	4760.83	4753.13	4753.27	1420	0	32
2026.04.10	21:05:00	4753.23	4757.94	4750.96	4756.17	1478	0	32
2026.04.10	21:10:00	4756.18	4763.84	4756.06	4763.46	1450	0	32
2026.04.10	21:15:00	4763.46	4768.06	4762.81	4767.92	1340	0	32
2026.04.10	21:20:00	4767.89	4769.44	4764.11	4764.60	1492	0	32
2026.04.10	21:25:00	4764.55	4766.84	4763.64	4765.89	1394	0	32
2026.04.10	21:30:00	4765.95	4771.75	4765.95	4771.19	1332	0	32
2026.04.10	21:35:00	4771.18	4773.13	4768.47	4771.69	1291	0	32
2026.04.10	21:40:00	4771.70	4772.79	4767.96	4768.13	1335	0	32
2026.04.10	21:45:00	4768.12	4768.12	4763.08	4763.88	1217	0	32
2026.04.10	21:50:00	4763.83	4767.87	4763.72	4767.87	1193	0	32
2026.04.10	21:55:00	4767.87	4768.03	4764.47	4765.19	1171	0	32
2026.04.10	22:00:00	4765.20	4767.29	4764.38	4766.91	1255	0	32
2026.04.10	22:05:00	4766.91	4767.97	4765.12	4765.37	1214	0	32
2026.04.10	22:10:00	4765.37	4767.16	4764.96	4766.80	1189	0	32
2026.04.10	22:15:00	4766.81	4769.85	4765.64	4769.18	995	0	32
2026.04.10	22:20:00	4769.12	4770.35	4766.66	4767.46	1265	0	32
2026.04.10	22:25:00	4767.43	4768.45	4763.00	4763.47	1319	0	32
2026.04.10	22:30:00	4763.47	4765.36	4761.30	4764.48	1352	0	32
2026.04.10	22:35:00	4764.45	4764.92	4761.75	4762.54	1176	0	32
2026.04.10	22:40:00	4762.54	4764.13	4760.72	4763.77	1272	0	32
2026.04.10	22:45:00	4763.75	4764.53	4758.80	4759.77	1382	0	32
2026.04.10	22:50:00	4759.78	4762.07	4758.21	4759.18	1536	0	32
2026.04.10	22:55:00	4759.19	4760.48	4758.44	4759.70	1420	0	32
2026.04.10	23:00:00	4759.87	4759.89	4752.85	4752.85	1014	0	32
2026.04.10	23:05:00	4752.81	4754.44	4751.38	4753.77	944	0	32
2026.04.10	23:10:00	4753.78	4755.40	4752.82	4753.44	708	0	32
2026.04.10	23:15:00	4753.43	4753.49	4750.67	4751.38	793	0	32
2026.04.10	23:20:00	4751.38	4751.38	4748.17	4748.49	827	0	32
2026.04.10	23:25:00	4748.49	4748.94	4741.00	4745.48	1279	0	32
2026.04.10	23:30:00	4745.48	4749.42	4745.04	4747.04	992	0	32
2026.04.10	23:35:00	4747.04	4749.99	4746.46	4749.99	608	0	32
2026.04.10	23:40:00	4749.97	4752.37	4749.72	4751.10	775	0	32
2026.04.10	23:45:00	4751.12	4751.72	4749.37	4750.60	843	0	32
2026.04.10	23:50:00	4750.58	4751.84	4748.34	4749.26	925	0	32
2026.04.10	23:55:00	4749.25	4750.35	4746.79	4749.37	353	0	32
2026.04.13	01:00:00	4636.14	4692.96	4636.09	4670.82	1478	0	32
2026.04.13	01:05:00	4670.69	4683.57	4666.67	4666.87	1747	0	32
2026.04.13	01:10:00	4666.81	4684.66	4666.33	4676.41	1577	0	32
2026.04.13	01:15:00	4676.52	4682.94	4668.68	4668.68	1446	0	32
2026.04.13	01:20:00	4668.83	4672.61	4654.50	4657.58	1708	0	32
2026.04.13	01:25:00	4657.60	4658.68	4644.62	4647.26	1787	0	32
2026.04.13	01:30:00	4647.30	4655.27	4645.20	4653.80	1712	0	32
2026.04.13	01:35:00	4653.97	4657.00	4650.61	4657.00	1581	0	32
2026.04.13	01:40:00	4657.03	4659.20	4651.01	4657.81	1433	0	32
2026.04.13	01:45:00	4657.82	4659.32	4651.67	4659.30	1475	0	32
2026.04.13	01:50:00	4659.23	4659.92	4654.60	4655.72	1252	0	32
2026.04.13	01:55:00	4655.72	4660.45	4654.60	4659.06	1159	0	32
2026.04.13	02:00:00	4659.04	4660.65	4653.40	4659.08	1435	0	32
2026.04.13	02:05:00	4659.07	4659.40	4652.01	4656.73	1264	0	32
2026.04.13	02:10:00	4656.73	4659.68	4654.83	4659.44	1135	0	32
2026.04.13	02:15:00	4659.43	4659.71	4648.59	4652.01	1255	0	32
2026.04.13	02:20:00	4652.01	4652.12	4644.37	4647.09	1408	0	32
2026.04.13	02:25:00	4647.07	4654.20	4647.05	4653.42	1170	0	32
2026.04.13	02:30:00	4653.43	4656.34	4650.15	4655.10	1153	0	32
2026.04.13	02:35:00	4655.13	4660.19	4654.54	4657.96	1046	0	32
2026.04.13	02:40:00	4657.95	4659.63	4654.16	4655.64	1008	0	32
2026.04.13	02:45:00	4655.64	4660.97	4655.60	4659.98	1128	0	32
2026.04.13	02:50:00	4660.09	4671.27	4660.09	4666.81	1449	0	32
2026.04.13	02:55:00	4666.76	4671.78	4666.19	4671.37	1225	0	32
2026.04.13	03:00:00	4671.36	4672.26	4664.60	4668.44	1598	0	32
2026.04.13	03:05:00	4668.45	4672.01	4667.22	4671.39	1527	0	32
2026.04.13	03:10:00	4671.40	4673.20	4669.27	4672.30	1433	0	32
2026.04.13	03:15:00	4672.31	4676.00	4671.96	4673.28	1474	0	32
2026.04.13	03:20:00	4673.28	4674.77	4669.02	4672.87	1297	0	32
2026.04.13	03:25:00	4672.85	4675.73	4670.35	4672.92	1204	0	32
2026.04.13	03:30:00	4672.90	4680.70	4670.90	4680.09	1382	0	32
2026.04.13	03:35:00	4680.11	4682.91	4675.67	4677.34	1310	0	32
2026.04.13	03:40:00	4677.33	4681.96	4676.89	4678.45	1142	0	32
2026.04.13	03:45:00	4678.44	4687.09	4678.03	4687.07	1270	0	32
2026.04.13	03:50:00	4687.09	4691.17	4685.02	4689.58	1333	0	32
2026.04.13	03:55:00	4689.64	4698.63	4686.79	4695.54	1421	0	32
2026.04.13	04:00:00	4694.93	4709.05	4693.72	4704.36	2068	0	32
2026.04.13	04:05:00	4704.27	4708.53	4700.01	4708.11	1936	0	32
2026.04.13	04:10:00	4707.65	4719.46	4706.01	4714.94	1858	0	32
2026.04.13	04:15:00	4715.23	4717.97	4711.54	4716.55	1728	0	32
2026.04.13	04:20:00	4716.61	4721.49	4714.30	4715.81	1707	0	32
2026.04.13	04:25:00	4715.60	4720.39	4714.09	4717.34	1522	0	32
2026.04.13	04:30:00	4717.32	4721.27	4710.79	4721.26	1733	0	32
2026.04.13	04:35:00	4721.25	4721.36	4713.24	4716.98	1629	0	32
2026.04.13	04:40:00	4716.93	4718.80	4712.31	4714.22	1602	0	32
2026.04.13	04:45:00	4714.21	4718.00	4709.93	4714.85	1609	0	32
2026.04.13	04:50:00	4714.89	4723.52	4714.59	4722.27	1688	0	32
2026.04.13	04:55:00	4722.27	4728.00	4720.87	4721.22	1607	0	32
2026.04.13	05:00:00	4721.26	4725.60	4719.04	4722.71	1568	0	32
2026.04.13	05:05:00	4722.85	4725.82	4719.21	4723.06	1476	0	32
2026.04.13	05:10:00	4723.02	4724.14	4720.77	4722.44	1560	0	32
2026.04.13	05:15:00	4722.41	4724.30	4719.65	4722.02	1178	0	32
2026.04.13	05:20:00	4722.03	4722.13	4719.31	4720.63	1097	0	32
2026.04.13	05:25:00	4720.64	4724.63	4719.21	4719.97	1139	0	32
2026.04.13	05:30:00	4719.90	4727.80	4719.45	4725.31	1628	0	32
2026.04.13	05:35:00	4725.30	4725.30	4716.38	4716.53	1383	0	32
2026.04.13	05:40:00	4715.90	4719.55	4715.17	4715.41	1398	0	32
2026.04.13	05:45:00	4715.42	4718.08	4711.17	4712.50	1457	0	32
2026.04.13	05:50:00	4712.46	4718.92	4711.39	4718.73	1292	0	32
2026.04.13	05:55:00	4718.82	4721.49	4718.73	4720.46	1248	0	32
2026.04.13	06:00:00	4720.51	4721.64	4714.96	4715.52	1190	0	32
2026.04.13	06:05:00	4715.51	4715.54	4712.51	4714.58	1163	0	32
2026.04.13	06:10:00	4714.58	4715.36	4712.28	4713.78	1225	0	32
2026.04.13	06:15:00	4713.78	4717.29	4712.91	4715.42	1167	0	32
2026.04.13	06:20:00	4715.43	4717.53	4713.71	4717.08	1137	0	32
2026.04.13	06:25:00	4717.08	4721.03	4716.37	4718.86	1284	0	32
2026.04.13	06:30:00	4718.87	4721.92	4718.40	4721.19	965	0	32
2026.04.13	06:35:00	4721.19	4721.72	4717.39	4718.78	928	0	32
2026.04.13	06:40:00	4718.76	4723.89	4718.56	4722.13	959	0	32
2026.04.13	06:45:00	4722.14	4722.40	4718.72	4720.73	884	0	32
2026.04.13	06:50:00	4720.72	4720.80	4717.83	4718.45	692	0	32
2026.04.13	06:55:00	4718.45	4720.19	4717.27	4718.13	593	0	32
2026.04.13	07:00:00	4718.13	4718.40	4713.04	4714.84	1013	0	32
2026.04.13	07:05:00	4714.84	4715.47	4708.73	4712.57	910	0	32
2026.04.13	07:10:00	4712.57	4714.83	4710.94	4714.62	867	0	32
2026.04.13	07:15:00	4714.63	4715.70	4710.77	4712.21	876	0	32
2026.04.13	07:20:00	4712.20	4712.37	4709.67	4712.32	823	0	32
2026.04.13	07:25:00	4712.32	4715.52	4712.25	4712.63	823	0	32
2026.04.13	07:30:00	4712.66	4713.72	4708.90	4712.89	920	0	32
2026.04.13	07:35:00	4712.90	4712.97	4710.29	4712.18	802	0	32
2026.04.13	07:40:00	4712.18	4719.38	4712.18	4718.76	935	0	32
2026.04.13	07:45:00	4718.76	4719.17	4716.10	4718.83	646	0	32
2026.04.13	07:50:00	4718.81	4723.86	4718.05	4723.16	986	0	32
2026.04.13	07:55:00	4723.16	4724.81	4721.61	4723.07	1161	0	32
2026.04.13	08:00:00	4723.07	4726.20	4720.83	4721.48	1214	0	32
2026.04.13	08:05:00	4721.48	4723.39	4720.09	4720.86	904	0	32
2026.04.13	08:10:00	4721.08	4722.88	4718.44	4719.26	819	0	32
2026.04.13	08:15:00	4719.26	4721.26	4717.02	4717.02	992	0	32
2026.04.13	08:20:00	4717.03	4719.08	4716.30	4716.56	1006	0	32
2026.04.13	08:25:00	4716.56	4721.49	4716.56	4720.51	901	0	32
2026.04.13	08:30:00	4720.46	4722.25	4718.05	4722.25	1319	0	32
2026.04.13	08:35:00	4722.24	4724.71	4719.92	4722.88	1521	0	32
2026.04.13	08:40:00	4722.89	4723.59	4720.16	4721.17	1393	0	32
2026.04.13	08:45:00	4721.17	4725.72	4720.67	4723.00	1386	0	32
2026.04.13	08:50:00	4723.01	4724.68	4720.56	4720.69	1211	0	32
2026.04.13	08:55:00	4720.70	4730.68	4720.46	4729.38	1420	0	32
2026.04.13	09:00:00	4729.35	4729.64	4723.44	4726.17	1594	0	32
2026.04.13	09:05:00	4726.16	4729.29	4724.41	4727.97	1440	0	32
2026.04.13	09:10:00	4727.98	4729.30	4724.46	4725.99	1395	0	32
2026.04.13	09:15:00	4725.95	4731.61	4725.95	4728.58	1535	0	32
2026.04.13	09:20:00	4728.58	4728.83	4725.33	4727.25	1400	0	32
2026.04.13	09:25:00	4727.16	4731.89	4725.81	4731.58	1360	0	32
2026.04.13	09:30:00	4731.66	4732.67	4728.64	4729.43	1429	0	32
2026.04.13	09:35:00	4729.42	4731.05	4725.48	4726.85	1357	0	32
2026.04.13	09:40:00	4726.85	4728.16	4725.37	4726.30	1307	0	32
2026.04.13	09:45:00	4726.30	4726.37	4720.79	4721.50	1369	0	32
2026.04.13	09:50:00	4721.51	4725.50	4721.21	4725.04	1344	0	32
2026.04.13	09:55:00	4725.02	4725.60	4722.91	4725.59	1182	0	32
2026.04.13	10:00:00	4725.55	4738.51	4725.55	4737.23	1608	0	32
2026.04.13	10:05:00	4737.19	4737.67	4726.59	4726.64	1506	0	32
2026.04.13	10:10:00	4726.63	4730.32	4724.78	4728.17	1284	0	32
2026.04.13	10:15:00	4728.17	4732.70	4726.55	4731.28	1280	0	32
2026.04.13	10:20:00	4731.28	4732.13	4729.19	4729.98	1194	0	32
2026.04.13	10:25:00	4729.98	4731.70	4727.13	4730.75	1235	0	32
2026.04.13	10:30:00	4730.81	4733.70	4730.34	4731.57	1168	0	32
2026.04.13	10:35:00	4731.55	4732.24	4727.37	4729.77	1229	0	32
2026.04.13	10:40:00	4729.77	4732.62	4728.47	4732.24	1157	0	32
2026.04.13	10:45:00	4732.24	4738.90	4732.02	4738.85	1327	0	32
2026.04.13	10:50:00	4738.84	4739.93	4734.27	4734.59	1351	0	32
2026.04.13	10:55:00	4734.57	4736.35	4728.25	4733.68	1370	0	32
2026.04.13	11:00:00	4733.68	4738.51	4733.38	4736.32	1471	0	32
2026.04.13	11:05:00	4736.32	4737.12	4732.25	4734.05	1389	0	32
2026.04.13	11:10:00	4734.24	4735.79	4732.55	4732.76	1230	0	32
2026.04.13	11:15:00	4732.76	4733.33	4730.10	4732.86	1181	0	32
2026.04.13	11:20:00	4732.84	4733.93	4730.18	4733.12	1086	0	32
2026.04.13	11:25:00	4733.14	4734.32	4731.95	4732.01	1115	0	32
2026.04.13	11:30:00	4732.03	4736.28	4730.56	4732.70	1224	0	32
2026.04.13	11:35:00	4732.70	4734.60	4729.17	4730.06	1081	0	32
2026.04.13	11:40:00	4730.02	4730.10	4720.95	4721.41	1392	0	32
2026.04.13	11:45:00	4721.39	4729.74	4720.24	4728.60	1318	0	32
2026.04.13	11:50:00	4728.60	4728.63	4724.04	4725.14	1135	0	32
2026.04.13	11:55:00	4725.09	4726.63	4723.28	4723.39	1157	0	32
2026.04.13	12:00:00	4723.38	4728.50	4722.76	4726.85	1376	0	32
2026.04.13	12:05:00	4726.92	4727.24	4717.60	4717.62	1363	0	32
2026.04.13	12:10:00	4717.64	4721.80	4715.90	4719.04	1406	0	32
2026.04.13	12:15:00	4719.03	4720.51	4716.34	4719.98	1276	0	32
2026.04.13	12:20:00	4719.99	4721.33	4716.82	4720.65	1130	0	32
2026.04.13	12:25:00	4720.67	4720.69	4714.40	4715.13	1073	0	32
2026.04.13	12:30:00	4715.07	4719.88	4713.99	4714.19	1177	0	32
2026.04.13	12:35:00	4714.22	4715.86	4710.86	4715.86	1328	0	32
2026.04.13	12:40:00	4715.84	4716.06	4710.47	4714.27	1111	0	32
2026.04.13	12:45:00	4714.27	4716.37	4710.91	4713.59	1163	0	32
2026.04.13	12:50:00	4713.65	4716.50	4712.09	4715.24	967	0	32
2026.04.13	12:55:00	4715.23	4716.63	4714.07	4714.62	970	0	32
2026.04.13	13:00:00	4714.60	4716.85	4714.52	4715.63	1111	0	32
2026.04.13	13:05:00	4715.62	4718.61	4713.67	4718.20	986	0	32
2026.04.13	13:10:00	4717.94	4718.88	4714.56	4717.83	1131	0	32
2026.04.13	13:15:00	4717.83	4718.02	4712.51	4713.20	1173	0	32
2026.04.13	13:20:00	4713.19	4714.56	4711.12	4711.75	1045	0	32
2026.04.13	13:25:00	4711.75	4712.40	4708.50	4712.40	1129	0	32
2026.04.13	13:30:00	4712.44	4716.18	4711.67	4715.98	1060	0	32
2026.04.13	13:35:00	4716.02	4717.36	4714.96	4717.35	1081	0	32
2026.04.13	13:40:00	4717.37	4718.54	4714.60	4718.02	1017	0	32
2026.04.13	13:45:00	4718.02	4721.95	4717.45	4721.51	1207	0	32
2026.04.13	13:50:00	4721.52	4723.90	4719.94	4720.04	1206	0	32
2026.04.13	13:55:00	4720.05	4722.14	4719.20	4722.06	1221	0	32
2026.04.13	14:00:00	4722.18	4726.29	4720.99	4725.10	1491	0	32
2026.04.13	14:05:00	4725.10	4729.02	4722.69	4722.79	1300	0	32
2026.04.13	14:10:00	4722.79	4723.83	4720.06	4721.43	1163	0	32
2026.04.13	14:15:00	4721.45	4722.90	4720.02	4720.08	987	0	31
2026.04.13	14:20:00	4720.07	4723.43	4718.98	4720.02	1090	0	31
2026.04.13	14:25:00	4720.04	4721.21	4718.54	4720.94	1087	0	31
2026.04.13	14:30:00	4721.00	4722.33	4719.57	4719.87	965	0	31
2026.04.13	14:35:00	4719.86	4719.96	4710.52	4712.24	1438	0	31
2026.04.13	14:40:00	4712.11	4712.76	4704.18	4707.66	1561	0	31
2026.04.13	14:45:00	4707.60	4711.28	4703.69	4708.63	1455	0	31
2026.04.13	14:50:00	4708.64	4711.98	4705.61	4707.72	1487	0	31
2026.04.13	14:55:00	4707.73	4711.02	4704.93	4706.59	1534	0	31
2026.04.13	15:00:00	4706.85	4712.27	4703.64	4709.23	1666	0	31
2026.04.13	15:05:00	4709.34	4715.16	4709.32	4714.12	1607	0	31
2026.04.13	15:10:00	4714.11	4720.20	4714.04	4717.22	1369	0	31
2026.04.13	15:15:00	4717.34	4717.84	4713.39	4714.01	1300	0	31
2026.04.13	15:20:00	4714.04	4714.61	4705.88	4707.28	1497	0	31
2026.04.13	15:25:00	4707.39	4711.23	4703.72	4710.52	1528	0	31
2026.04.13	15:30:00	4710.52	4715.74	4709.87	4713.88	1574	0	31
2026.04.13	15:35:00	4713.83	4715.88	4708.96	4711.26	1623	0	31
2026.04.13	15:40:00	4711.23	4716.38	4710.58	4715.79	1438	0	31
2026.04.13	15:45:00	4715.75	4722.26	4715.45	4721.19	1399	0	31
2026.04.13	15:50:00	4721.18	4724.83	4719.41	4723.64	1432	0	31
2026.04.13	15:55:00	4723.63	4725.14	4720.59	4723.54	1445	0	31
2026.04.13	16:00:00	4723.42	4729.24	4722.90	4727.01	1819	0	31
2026.04.13	16:05:00	4727.03	4730.45	4726.71	4728.35	1787	0	31
2026.04.13	16:10:00	4728.45	4736.08	4726.06	4734.20	1804	0	31
2026.04.13	16:15:00	4734.23	4737.43	4732.01	4735.30	1623	0	31
2026.04.13	16:20:00	4735.30	4735.77	4728.79	4730.91	1592	0	31
2026.04.13	16:25:00	4730.67	4734.22	4729.97	4733.16	1539	0	31
2026.04.13	16:30:00	4733.72	4737.32	4730.78	4733.61	1943	0	31
2026.04.13	16:35:00	4733.72	4734.74	4726.97	4727.19	1871	0	31
2026.04.13	16:40:00	4727.06	4730.40	4724.53	4726.88	1873	0	31
2026.04.13	16:45:00	4726.96	4740.14	4722.58	4739.27	2013	0	31
2026.04.13	16:50:00	4739.85	4744.52	4721.25	4726.57	2169	0	31
2026.04.13	16:55:00	4726.64	4731.91	4722.66	4730.61	1982	0	31
2026.04.13	17:00:00	4730.40	4731.16	4720.53	4724.12	1978	0	31
2026.04.13	17:05:00	4724.17	4727.68	4721.08	4725.25	2007	0	31
2026.04.13	17:10:00	4725.26	4728.62	4723.83	4727.23	1945	0	31
2026.04.13	17:15:00	4727.33	4728.01	4716.89	4718.45	1960	0	31
2026.04.13	17:20:00	4718.34	4721.37	4709.69	4717.24	2093	0	31
2026.04.13	17:25:00	4717.30	4717.60	4713.03	4715.34	1998	0	31
2026.04.13	17:30:00	4715.31	4720.15	4708.76	4719.89	1939	0	31
2026.04.13	17:35:00	4719.86	4720.33	4715.01	4719.02	1827	0	31
2026.04.13	17:40:00	4719.00	4722.63	4717.27	4721.69	1697	0	31
2026.04.13	17:45:00	4721.69	4723.31	4714.71	4715.16	1816	0	31
2026.04.13	17:50:00	4715.20	4715.70	4710.25	4714.13	1855	0	31
2026.04.13	17:55:00	4714.01	4720.26	4711.66	4718.98	1800	0	31
2026.04.13	18:00:00	4719.01	4719.71	4705.80	4707.45	1977	0	31
2026.04.13	18:05:00	4707.55	4708.63	4700.44	4705.45	1990	0	31
2026.04.13	18:10:00	4705.45	4710.17	4703.40	4707.57	1803	0	31
2026.04.13	18:15:00	4707.72	4711.39	4706.23	4706.41	1793	0	31
2026.04.13	18:20:00	4706.71	4710.21	4704.45	4704.51	1737	0	31
2026.04.13	18:25:00	4704.41	4706.05	4702.96	4703.72	1775	0	31
2026.04.13	18:30:00	4703.80	4709.24	4702.29	4709.06	1676	0	31
2026.04.13	18:35:00	4709.08	4718.07	4709.08	4715.98	1833	0	31
2026.04.13	18:40:00	4715.98	4716.41	4711.04	4712.43	1622	0	31
2026.04.13	18:45:00	4712.43	4715.42	4710.74	4715.15	1486	0	31
2026.04.13	18:50:00	4715.15	4715.72	4712.28	4712.28	1488	0	31
2026.04.13	18:55:00	4712.27	4714.85	4711.96	4714.40	1466	0	31
2026.04.13	19:00:00	4714.41	4715.89	4710.16	4711.57	1511	0	31
2026.04.13	19:05:00	4711.58	4719.48	4709.22	4716.78	1893	0	31
2026.04.13	19:10:00	4716.75	4720.79	4715.36	4719.74	1649	0	31
2026.04.13	19:15:00	4719.74	4729.51	4718.84	4725.83	1747	0	31
2026.04.13	19:20:00	4725.86	4731.26	4722.42	4726.43	1707	0	31
2026.04.13	19:25:00	4726.42	4734.02	4726.38	4730.30	1785	0	31
2026.04.13	19:30:00	4730.23	4736.46	4728.59	4734.02	1953	0	31
2026.04.13	19:35:00	4733.93	4737.10	4732.25	4736.10	1902	0	31
2026.04.13	19:40:00	4735.73	4740.52	4730.09	4740.28	1992	0	31
2026.04.13	19:45:00	4740.39	4746.26	4736.42	4737.60	1956	0	31
2026.04.13	19:50:00	4737.59	4743.39	4735.05	4737.21	1889	0	31
2026.04.13	19:55:00	4737.22	4737.88	4732.14	4733.02	1669	0	31
2026.04.13	20:00:00	4733.02	4738.51	4733.02	4738.50	1519	0	31
2026.04.13	20:05:00	4738.54	4738.54	4725.46	4728.92	1589	0	31
2026.04.13	20:10:00	4728.89	4731.89	4728.66	4730.87	1544	0	31
2026.04.13	20:15:00	4730.86	4744.67	4729.66	4744.40	1550	0	31
2026.04.13	20:20:00	4744.47	4747.79	4741.46	4744.57	1766	0	31
2026.04.13	20:25:00	4744.57	4750.00	4742.77	4743.00	1694	0	31
2026.04.13	20:30:00	4742.91	4747.35	4742.75	4743.37	1540	0	31
2026.04.13	20:35:00	4743.29	4746.84	4743.16	4746.15	1419	0	31
2026.04.13	20:40:00	4746.13	4746.84	4742.63	4743.97	1331	0	31
2026.04.13	20:45:00	4743.98	4744.08	4737.10	4738.54	1291	0	31
2026.04.13	20:50:00	4738.54	4740.28	4727.36	4730.31	1600	0	31
2026.04.13	20:55:00	4730.08	4731.57	4728.77	4729.92	1413	0	31
2026.04.13	21:00:00	4729.92	4732.96	4729.26	4731.86	1377	0	31
2026.04.13	21:05:00	4731.86	4732.50	4728.87	4729.54	1287	0	31
2026.04.13	21:10:00	4729.55	4732.29	4729.24	4730.11	1354	0	31
2026.04.13	21:15:00	4730.14	4731.13	4724.63	4724.69	1484	0	31
2026.04.13	21:20:00	4724.66	4730.05	4724.56	4728.96	1358	0	31
2026.04.13	21:25:00	4728.95	4728.95	4723.29	4727.33	1334	0	31
2026.04.13	21:30:00	4727.29	4733.93	4726.80	4733.25	1514	0	31
2026.04.13	21:35:00	4733.24	4735.22	4731.24	4731.75	1383	0	31
2026.04.13	21:40:00	4731.72	4733.51	4730.86	4733.50	1324	0	31
2026.04.13	21:45:00	4733.51	4736.49	4733.46	4735.68	1424	0	31
2026.04.13	21:50:00	4735.69	4740.34	4734.07	4739.36	1414	0	31
2026.04.13	21:55:00	4739.38	4740.66	4737.27	4738.43	1451	0	31
2026.04.13	22:00:00	4738.41	4739.52	4735.32	4735.52	1503	0	31
2026.04.13	22:05:00	4735.54	4735.82	4730.62	4734.51	1387	0	31
2026.04.13	22:10:00	4734.49	4735.05	4732.40	4734.82	1299	0	31
2026.04.13	22:15:00	4734.81	4738.17	4734.78	4737.32	1176	0	31
2026.04.13	22:20:00	4737.33	4741.34	4737.08	4741.25	1064	0	31
2026.04.13	22:25:00	4741.26	4744.00	4741.22	4743.17	1111	0	31
2026.04.13	22:30:00	4743.18	4747.42	4742.70	4743.55	1330	0	31
2026.04.13	22:35:00	4743.55	4745.69	4741.56	4741.56	1274	0	31
2026.04.13	22:40:00	4741.49	4742.56	4739.01	4741.75	1291	0	31
2026.04.13	22:45:00	4741.72	4741.95	4739.36	4741.09	1135	0	31
2026.04.13	22:50:00	4741.14	4745.65	4741.14	4744.42	1555	0	31
2026.04.13	22:55:00	4744.44	4745.52	4739.57	4741.08	1558	0	31
2026.04.13	23:00:00	4741.05	4743.21	4739.70	4742.25	1076	0	31
2026.04.13	23:05:00	4742.25	4743.58	4741.74	4742.49	683	0	31
2026.04.13	23:10:00	4742.49	4744.03	4741.91	4742.31	576	0	31
2026.04.13	23:15:00	4742.32	4742.76	4741.43	4741.77	513	0	31
2026.04.13	23:20:00	4741.81	4743.75	4740.33	4740.71	672	0	31
2026.04.13	23:25:00	4740.71	4740.78	4738.46	4739.30	624	0	31
2026.04.13	23:30:00	4739.31	4740.59	4738.48	4739.54	586	0	31
2026.04.13	23:35:00	4739.53	4740.11	4738.40	4738.40	581	0	31
2026.04.13	23:40:00	4738.41	4740.00	4738.41	4739.89	435	0	31
2026.04.13	23:45:00	4739.87	4741.04	4738.59	4739.16	686	0	31
2026.04.13	23:50:00	4739.16	4741.39	4738.13	4740.83	562	0	31
2026.04.13	23:55:00	4740.82	4741.54	4740.21	4741.01	410	0	31
2026.04.14	01:00:00	4745.11	4756.10	4744.44	4746.76	1697	0	31
2026.04.14	01:05:00	4746.76	4750.96	4746.58	4748.30	763	0	31
2026.04.14	01:10:00	4748.31	4751.89	4747.61	4748.48	790	0	31
2026.04.14	01:15:00	4748.42	4749.66	4746.64	4748.60	731	0	31
2026.04.14	01:20:00	4748.57	4748.80	4746.05	4747.16	486	0	31
2026.04.14	01:25:00	4747.16	4748.86	4745.71	4748.72	405	0	31
2026.04.14	01:30:00	4748.71	4749.69	4746.84	4747.57	591	0	31
2026.04.14	01:35:00	4747.57	4749.32	4746.34	4747.87	622	0	31
2026.04.14	01:40:00	4747.87	4750.39	4747.72	4750.37	615	0	31
2026.04.14	01:45:00	4750.36	4753.15	4749.12	4750.99	830	0	31
2026.04.14	01:50:00	4750.99	4755.77	4750.99	4755.49	895	0	31
2026.04.14	01:55:00	4755.50	4759.50	4755.34	4757.99	960	0	31
2026.04.14	02:00:00	4757.92	4765.07	4757.92	4764.34	1154	0	31
2026.04.14	02:05:00	4764.39	4765.48	4762.86	4764.93	1066	0	31
2026.04.14	02:10:00	4764.92	4765.62	4762.48	4762.97	972	0	31
2026.04.14	02:15:00	4762.97	4763.47	4759.73	4760.45	757	0	31
2026.04.14	02:20:00	4760.56	4760.56	4757.71	4758.58	807	0	31
2026.04.14	02:25:00	4758.59	4758.77	4754.70	4755.32	886	0	31
2026.04.14	02:30:00	4755.32	4757.76	4754.45	4755.21	910	0	31
2026.04.14	02:35:00	4755.22	4759.93	4754.49	4759.65	864	0	31
2026.04.14	02:40:00	4759.66	4761.51	4759.15	4759.41	872	0	31
2026.04.14	02:45:00	4759.41	4761.66	4758.41	4758.42	795	0	31
2026.04.14	02:50:00	4758.42	4760.51	4756.55	4758.75	732	0	31
2026.04.14	02:55:00	4758.80	4758.83	4756.82	4757.52	868	0	31
2026.04.14	03:00:00	4757.66	4757.99	4751.53	4754.69	1475	0	31
2026.04.14	03:05:00	4754.73	4757.86	4753.59	4756.12	1302	0	31
2026.04.14	03:10:00	4756.11	4760.40	4755.60	4759.60	1176	0	31
2026.04.14	03:15:00	4759.60	4764.58	4759.60	4763.68	1409	0	31
2026.04.14	03:20:00	4763.68	4764.89	4761.43	4762.87	1246	0	31
2026.04.14	03:25:00	4762.88	4767.43	4759.67	4762.40	1334	0	31
2026.04.14	03:30:00	4762.40	4768.18	4761.39	4765.96	1383	0	31
2026.04.14	03:35:00	4765.99	4771.48	4765.38	4771.36	1165	0	31
2026.04.14	03:40:00	4771.33	4775.58	4769.79	4770.31	1316	0	31
2026.04.14	03:45:00	4770.26	4771.91	4768.53	4770.79	1113	0	31
2026.04.14	03:50:00	4770.79	4771.80	4768.98	4770.17	1051	0	31
2026.04.14	03:55:00	4770.00	4771.93	4768.79	4769.80	979	0	31
2026.04.14	04:00:00	4769.75	4770.96	4762.48	4767.91	1882	0	31
2026.04.14	04:05:00	4767.86	4776.69	4767.55	4775.34	1729	0	31
2026.04.14	04:10:00	4775.28	4776.82	4770.73	4776.06	1658	0	31
2026.04.14	04:15:00	4776.10	4776.56	4771.09	4771.83	1660	0	31
2026.04.14	04:20:00	4771.75	4773.63	4769.69	4770.54	1629	0	31
2026.04.14	04:25:00	4770.55	4774.67	4770.18	4770.33	1432	0	31
2026.04.14	04:30:00	4770.32	4771.13	4764.40	4765.97	1630	0	31
2026.04.14	04:35:00	4766.01	4769.85	4765.05	4768.23	1518	0	31
2026.04.14	04:40:00	4768.22	4773.15	4768.00	4772.87	1357	0	31
2026.04.14	04:45:00	4772.88	4773.73	4767.26	4767.97	1426	0	31
2026.04.14	04:50:00	4767.97	4768.73	4764.15	4765.02	1365	0	31
2026.04.14	04:55:00	4765.03	4767.04	4761.81	4764.88	1473	0	31
2026.04.14	05:00:00	4764.78	4766.76	4762.88	4765.81	1400	0	31
2026.04.14	05:05:00	4765.85	4771.14	4765.71	4769.03	1468	0	31
2026.04.14	05:10:00	4769.09	4770.38	4767.50	4767.93	1262	0	31
2026.04.14	05:15:00	4767.91	4772.40	4767.54	4771.34	987	0	31
2026.04.14	05:20:00	4771.37	4771.46	4768.35	4769.52	748	0	31
2026.04.14	05:25:00	4769.39	4769.86	4768.61	4768.80	674	0	31
2026.04.14	05:30:00	4768.81	4768.83	4762.10	4767.25	1497	0	31
2026.04.14	05:35:00	4767.26	4769.45	4765.87	4767.99	1216	0	31
2026.04.14	05:40:00	4767.99	4772.75	4766.78	4772.31	1302	0	31
2026.04.14	05:45:00	4772.32	4776.75	4772.32	4775.76	1284	0	31
2026.04.14	05:50:00	4775.77	4776.99	4774.62	4774.66	1087	0	31
2026.04.14	05:55:00	4774.66	4776.01	4773.13	4775.18	1098	0	31
2026.04.14	06:00:00	4775.11	4775.53	4771.56	4772.46	1195	0	31
2026.04.14	06:05:00	4772.36	4773.15	4768.97	4769.03	1259	0	31
2026.04.14	06:10:00	4769.03	4770.99	4768.69	4769.07	1232	0	31
2026.04.14	06:15:00	4768.92	4769.99	4766.53	4769.86	1348	0	31
2026.04.14	06:20:00	4769.85	4771.39	4768.47	4768.56	942	0	31
2026.04.14	06:25:00	4768.56	4768.78	4765.91	4768.41	1077	0	31
2026.04.14	06:30:00	4768.37	4769.65	4765.81	4767.57	854	0	31
2026.04.14	06:35:00	4767.57	4767.64	4766.44	4766.88	785	0	31
2026.04.14	06:40:00	4766.88	4768.51	4765.74	4767.56	843	0	31
2026.04.14	06:45:00	4767.58	4771.32	4767.43	4771.31	678	0	31
2026.04.14	06:50:00	4771.38	4771.96	4770.21	4771.43	779	0	31
2026.04.14	06:55:00	4771.43	4771.71	4767.42	4767.76	616	0	31
2026.04.14	07:00:00	4768.07	4770.38	4766.96	4768.19	784	0	31
2026.04.14	07:05:00	4768.19	4768.40	4767.60	4767.90	572	0	31
2026.04.14	07:10:00	4767.92	4768.99	4767.87	4768.72	496	0	31
2026.04.14	07:15:00	4768.72	4773.64	4768.53	4773.63	703	0	31
2026.04.14	07:20:00	4773.62	4775.24	4773.55	4774.38	831	0	31
2026.04.14	07:25:00	4774.38	4776.78	4774.12	4775.86	778	0	31
2026.04.14	07:30:00	4775.87	4776.15	4773.93	4774.08	683	0	31
2026.04.14	07:35:00	4774.07	4775.22	4771.38	4773.01	643	0	31
2026.04.14	07:40:00	4773.00	4773.48	4771.98	4773.42	584	0	31
2026.04.14	07:45:00	4773.38	4775.62	4772.59	4775.46	708	0	31
2026.04.14	07:50:00	4775.48	4775.89	4773.64	4774.51	636	0	31
2026.04.14	07:55:00	4774.50	4774.69	4773.60	4774.03	454	0	31
2026.04.14	08:00:00	4774.02	4774.13	4770.58	4772.46	751	0	31
2026.04.14	08:05:00	4772.46	4772.57	4767.12	4767.37	899	0	31
2026.04.14	08:10:00	4767.37	4768.17	4763.28	4765.41	1211	0	31
2026.04.14	08:15:00	4765.41	4767.38	4764.86	4766.62	941	0	31
2026.04.14	08:20:00	4766.62	4768.04	4764.64	4764.70	797	0	31
2026.04.14	08:25:00	4764.69	4764.83	4761.57	4764.67	1073	0	31
2026.04.14	08:30:00	4764.67	4767.23	4760.40	4761.80	1657	0	31
2026.04.14	08:35:00	4761.78	4763.26	4758.30	4759.11	1439	0	31
2026.04.14	08:40:00	4759.14	4762.54	4758.01	4761.09	1403	0	31
2026.04.14	08:45:00	4760.98	4766.40	4759.25	4764.04	1288	0	31
2026.04.14	08:50:00	4764.02	4766.73	4761.47	4761.65	1359	0	31
2026.04.14	08:55:00	4761.63	4763.12	4759.75	4759.95	1250	0	31
2026.04.14	09:00:00	4759.87	4766.94	4759.87	4764.53	1523	0	31
2026.04.14	09:05:00	4764.52	4769.62	4764.22	4769.33	1373	0	31
2026.04.14	09:10:00	4769.32	4769.39	4764.97	4765.82	1236	0	31
2026.04.14	09:15:00	4765.83	4765.83	4763.35	4763.73	1190	0	31
2026.04.14	09:20:00	4763.74	4767.12	4763.74	4764.96	1150	0	31
2026.04.14	09:25:00	4764.98	4767.92	4764.44	4767.70	1311	0	31
2026.04.14	09:30:00	4767.70	4768.07	4764.62	4765.18	1159	0	31
2026.04.14	09:35:00	4765.19	4767.78	4764.31	4767.60	1175	0	31
2026.04.14	09:40:00	4767.60	4770.38	4767.29	4769.56	1227	0	31
2026.04.14	09:45:00	4769.60	4774.22	4768.91	4772.92	1398	0	31
2026.04.14	09:50:00	4772.90	4781.52	4770.98	4778.82	1496	0	31
2026.04.14	09:55:00	4778.82	4782.95	4778.58	4782.02	1687	0	31
2026.04.14	10:00:00	4782.06	4789.80	4781.02	4786.83	1735	0	31
2026.04.14	10:05:00	4786.80	4796.33	4786.77	4793.62	1811	0	31
2026.04.14	10:10:00	4793.56	4793.56	4786.04	4789.97	1732	0	31
2026.04.14	10:15:00	4790.00	4791.66	4784.38	4784.93	1564	0	31
2026.04.14	10:20:00	4784.93	4786.97	4771.93	4772.62	1649	0	31
2026.04.14	10:25:00	4772.81	4774.92	4767.75	4772.55	1699	0	31
2026.04.14	10:30:00	4772.71	4775.89	4772.32	4772.51	1409	0	31
2026.04.14	10:35:00	4772.55	4777.83	4771.82	4777.83	1221	0	31
2026.04.14	10:40:00	4777.83	4779.59	4774.14	4777.84	1354	0	31
2026.04.14	10:45:00	4777.88	4780.70	4777.31	4777.87	1426	0	31
2026.04.14	10:50:00	4777.65	4778.28	4774.11	4775.39	1524	0	31
2026.04.14	10:55:00	4775.40	4779.48	4773.86	4777.19	1263	0	31
2026.04.14	11:00:00	4777.16	4778.07	4774.24	4777.90	1402	0	31
2026.04.14	11:05:00	4777.87	4782.41	4777.72	4780.32	1377	0	31
2026.04.14	11:10:00	4780.33	4782.36	4777.86	4780.40	1371	0	31
2026.04.14	11:15:00	4780.41	4780.95	4777.74	4779.86	1264	0	31
2026.04.14	11:20:00	4779.83	4781.82	4775.56	4777.44	1331	0	31
2026.04.14	11:25:00	4777.40	4786.53	4777.40	4785.98	1411	0	31
2026.04.14	11:30:00	4786.03	4789.32	4785.08	4788.61	1448	0	31
2026.04.14	11:35:00	4788.62	4789.89	4785.84	4787.84	1365	0	31
2026.04.14	11:40:00	4787.84	4787.84	4782.56	4784.83	1224	0	31
2026.04.14	11:45:00	4784.79	4785.84	4783.54	4784.53	1251	0	31
2026.04.14	11:50:00	4784.57	4785.30	4781.80	4784.48	1129	0	31
2026.04.14	11:55:00	4784.47	4786.70	4781.33	4786.70	1018	0	31
2026.04.14	12:00:00	4786.91	4787.90	4784.47	4785.68	1218	0	31
2026.04.14	12:05:00	4785.66	4785.96	4780.26	4785.48	1197	0	31
2026.04.14	12:10:00	4785.48	4786.05	4783.71	4785.68	1142	0	31
2026.04.14	12:15:00	4785.69	4787.17	4784.54	4785.13	1113	0	31
2026.04.14	12:20:00	4785.13	4789.20	4783.38	4786.91	1130	0	31
2026.04.14	12:25:00	4786.91	4786.91	4778.64	4778.64	1202	0	31
2026.04.14	12:30:00	4778.71	4779.11	4771.79	4774.39	1563	0	31
2026.04.14	12:35:00	4774.43	4779.58	4773.76	4778.95	1289	0	31
2026.04.14	12:40:00	4778.93	4779.43	4775.82	4778.31	1158	0	31
2026.04.14	12:45:00	4778.31	4778.91	4772.89	4775.93	1099	0	31
2026.04.14	12:50:00	4775.93	4778.65	4775.89	4777.30	1106	0	31
2026.04.14	12:55:00	4777.31	4782.33	4777.28	4778.17	1181	0	31
2026.04.14	13:00:00	4778.19	4782.17	4778.19	4779.83	1121	0	31
2026.04.14	13:05:00	4779.83	4784.67	4779.83	4784.45	1080	0	31
2026.04.14	13:10:00	4784.45	4784.74	4780.19	4782.21	1059	0	31
2026.04.14	13:15:00	4782.21	4787.13	4781.45	4787.12	1082	0	31
2026.04.14	13:20:00	4787.09	4788.06	4783.05	4784.08	1078	0	31
2026.04.14	13:25:00	4784.08	4785.04	4780.40	4783.89	994	0	31
2026.04.14	13:30:00	4783.90	4784.50	4781.99	4784.27	1190	0	31
2026.04.14	13:35:00	4784.29	4784.33	4753.62	4763.09	1540	0	31
2026.04.14	13:40:00	4763.08	4767.75	4756.78	4767.63	1620	0	31
2026.04.14	13:45:00	4767.53	4770.00	4766.96	4769.69	1270	0	31
2026.04.14	13:50:00	4769.69	4772.33	4768.93	4770.54	1271	0	31
2026.04.14	13:55:00	4770.55	4772.24	4768.33	4768.36	1173	0	31
2026.04.14	14:00:00	4768.29	4771.60	4766.87	4771.46	1410	0	31
2026.04.14	14:05:00	4771.03	4776.93	4770.38	4776.08	1297	0	31
2026.04.14	14:10:00	4776.09	4776.91	4775.31	4776.56	1055	0	31
2026.04.14	14:15:00	4776.60	4777.98	4775.22	4777.04	1086	0	31
2026.04.14	14:20:00	4777.03	4779.21	4776.63	4778.43	986	0	31
2026.04.14	14:25:00	4778.42	4782.94	4777.97	4778.15	1099	0	31
2026.04.14	14:30:00	4778.16	4778.39	4773.20	4773.88	1229	0	31
2026.04.14	14:35:00	4773.85	4777.96	4773.37	4777.74	1076	0	31
2026.04.14	14:40:00	4777.68	4779.85	4776.73	4778.15	1143	0	31
2026.04.14	14:45:00	4778.14	4778.99	4775.22	4775.40	960	0	31
2026.04.14	14:50:00	4775.43	4775.84	4771.79	4773.49	1217	0	31
2026.04.14	14:55:00	4773.49	4782.92	4770.63	4774.93	1496	0	31
2026.04.14	15:00:00	4775.02	4777.37	4773.76	4774.66	1666	0	31
2026.04.14	15:05:00	4774.66	4777.58	4774.28	4774.80	1366	0	31
2026.04.14	15:10:00	4774.80	4775.15	4768.90	4769.77	1430	0	31
2026.04.14	15:15:00	4769.78	4772.63	4765.99	4770.72	1463	0	31
2026.04.14	15:20:00	4770.72	4770.72	4762.66	4766.15	1571	0	31
2026.04.14	15:25:00	4766.19	4770.54	4765.26	4769.03	1544	0	31
2026.04.14	15:30:00	4769.32	4776.17	4768.30	4775.36	1716	0	31
2026.04.14	15:35:00	4775.40	4776.19	4769.31	4773.38	1589	0	31
2026.04.14	15:40:00	4773.40	4776.27	4768.51	4768.91	1572	0	31
2026.04.14	15:45:00	4768.97	4773.62	4766.01	4772.66	1478	0	31
2026.04.14	15:50:00	4772.67	4773.25	4762.26	4764.47	1722	0	31
2026.04.14	15:55:00	4764.49	4771.58	4763.97	4771.25	1522	0	31
2026.04.14	16:00:00	4771.27	4778.08	4771.11	4777.57	1858	0	31
2026.04.14	16:05:00	4777.58	4777.96	4773.69	4776.87	1633	0	31
2026.04.14	16:10:00	4776.89	4781.97	4776.84	4781.89	1545	0	31
2026.04.14	16:15:00	4781.92	4787.65	4781.05	4787.42	1663	0	31
2026.04.14	16:20:00	4787.39	4792.37	4786.53	4791.51	1747	0	31
2026.04.14	16:25:00	4791.49	4791.55	4781.98	4782.90	1711	0	31
2026.04.14	16:30:00	4782.74	4794.08	4780.20	4794.02	2060	0	31
2026.04.14	16:35:00	4793.96	4803.46	4788.64	4789.23	2072	0	31
2026.04.14	16:40:00	4789.33	4793.23	4786.72	4793.08	2002	0	31
2026.04.14	16:45:00	4792.94	4794.79	4790.48	4794.06	1935	0	31
2026.04.14	16:50:00	4794.11	4795.76	4788.94	4792.95	1802	0	31
2026.04.14	16:55:00	4792.98	4796.31	4790.25	4794.47	1827	0	31
2026.04.14	17:00:00	4794.58	4803.58	4794.58	4795.50	2046	0	31
2026.04.14	17:05:00	4795.43	4802.52	4793.02	4802.00	1991	0	31
2026.04.14	17:10:00	4802.00	4802.51	4794.11	4794.92	1885	0	31
2026.04.14	17:15:00	4794.97	4806.08	4794.97	4804.59	1921	0	31
2026.04.14	17:20:00	4804.59	4805.07	4798.74	4800.99	1845	0	31
2026.04.14	17:25:00	4800.93	4810.60	4799.80	4809.19	1763	0	31
2026.04.14	17:30:00	4809.28	4816.20	4806.52	4813.40	1871	0	31
2026.04.14	17:35:00	4813.53	4817.86	4801.65	4804.09	1819	0	31
2026.04.14	17:40:00	4804.10	4804.49	4798.46	4798.68	1927	0	31
2026.04.14	17:45:00	4798.71	4800.92	4795.38	4799.60	1796	0	31
2026.04.14	17:50:00	4799.59	4801.75	4796.49	4801.71	1676	0	31
2026.04.14	17:55:00	4801.74	4806.57	4801.32	4803.82	1646	0	31
2026.04.14	18:00:00	4803.85	4803.94	4795.92	4796.20	1836	0	31
2026.04.14	18:05:00	4796.17	4798.21	4791.92	4792.78	1901	0	31
2026.04.14	18:10:00	4792.75	4797.75	4791.12	4794.55	1723	0	31
2026.04.14	18:15:00	4794.55	4800.74	4793.10	4800.51	1705	0	31
2026.04.14	18:20:00	4800.42	4805.71	4799.30	4803.43	1833	0	31
2026.04.14	18:25:00	4803.49	4804.74	4800.73	4802.34	1768	0	31
2026.04.14	18:30:00	4802.41	4810.18	4802.41	4807.17	1699	0	31
2026.04.14	18:35:00	4807.45	4813.59	4807.39	4811.95	1604	0	31
2026.04.14	18:40:00	4811.87	4811.99	4807.20	4809.11	1665	0	31
2026.04.14	18:45:00	4809.33	4811.45	4807.38	4808.60	1630	0	31
2026.04.14	18:50:00	4808.62	4816.14	4808.00	4810.27	1712	0	31
2026.04.14	18:55:00	4810.31	4811.22	4806.62	4808.06	1589	0	31
2026.04.14	19:00:00	4808.17	4812.81	4804.92	4811.64	1649	0	31
2026.04.14	19:05:00	4811.70	4813.91	4808.84	4810.88	1563	0	31
2026.04.14	19:10:00	4810.77	4811.07	4807.32	4809.48	1427	0	31
2026.04.14	19:15:00	4809.47	4816.72	4807.17	4815.98	1435	0	31
2026.04.14	19:20:00	4815.98	4817.38	4810.26	4816.51	1678	0	31
2026.04.14	19:25:00	4816.66	4819.28	4815.27	4816.39	1547	0	31
2026.04.14	19:30:00	4816.36	4820.17	4814.87	4815.74	1609	0	31
2026.04.14	19:35:00	4815.68	4816.92	4813.57	4816.08	1423	0	31
2026.04.14	19:40:00	4816.23	4817.76	4814.24	4815.15	1102	0	31
2026.04.14	19:45:00	4815.26	4815.35	4810.97	4814.24	1336	0	31
2026.04.14	19:50:00	4814.73	4818.49	4812.66	4813.64	1474	0	31
2026.04.14	19:55:00	4813.65	4813.88	4809.09	4810.07	1481	0	31
2026.04.14	20:00:00	4810.07	4817.36	4809.44	4815.24	1507	0	31
2026.04.14	20:05:00	4815.24	4832.92	4815.10	4829.30	1800	0	31
2026.04.14	20:10:00	4829.38	4833.47	4827.00	4827.03	1541	0	31
2026.04.14	20:15:00	4827.05	4828.11	4825.11	4827.39	1325	0	31
2026.04.14	20:20:00	4827.40	4831.12	4826.21	4830.80	1515	0	31
2026.04.14	20:25:00	4830.87	4831.81	4824.71	4825.46	1555	0	31
2026.04.14	20:30:00	4825.49	4833.93	4825.07	4831.58	1484	0	31
2026.04.14	20:35:00	4831.60	4839.69	4830.49	4837.98	1540	0	31
2026.04.14	20:40:00	4837.78	4841.43	4836.61	4837.04	1502	0	31
2026.04.14	20:45:00	4837.08	4839.16	4836.10	4837.90	1299	0	31
2026.04.14	20:50:00	4837.90	4839.73	4836.00	4836.56	1308	0	31
2026.04.14	20:55:00	4836.48	4837.30	4834.29	4834.97	1379	0	31
2026.04.14	21:00:00	4835.03	4837.24	4834.47	4837.00	1350	0	31
2026.04.14	21:05:00	4837.01	4842.98	4836.04	4842.90	1368	0	31
2026.04.14	21:10:00	4842.91	4843.36	4835.85	4838.87	1416	0	31
2026.04.14	21:15:00	4838.87	4839.97	4835.12	4835.70	1369	0	31
2026.04.14	21:20:00	4835.70	4837.14	4833.15	4835.20	1709	0	31
2026.04.14	21:25:00	4835.21	4839.70	4834.44	4837.71	1616	0	31
2026.04.14	21:30:00	4837.72	4838.63	4836.25	4836.51	1416	0	31
2026.04.14	21:35:00	4836.49	4839.12	4836.48	4837.61	1337	0	31
2026.04.14	21:40:00	4837.60	4838.37	4834.06	4834.38	1267	0	31
2026.04.14	21:45:00	4834.39	4835.51	4832.97	4833.49	1252	0	31
2026.04.14	21:50:00	4833.44	4834.17	4830.95	4833.91	1168	0	31
2026.04.14	21:55:00	4833.89	4836.37	4833.88	4835.63	1014	0	31
2026.04.14	22:00:00	4835.63	4841.51	4835.63	4841.08	1316	0	31
2026.04.14	22:05:00	4841.01	4841.45	4839.52	4841.42	1078	0	31
2026.04.14	22:10:00	4841.42	4842.44	4840.62	4841.01	1117	0	31
2026.04.14	22:15:00	4840.98	4842.25	4838.62	4839.33	1149	0	31
2026.04.14	22:20:00	4839.33	4841.85	4839.33	4839.87	1091	0	31
2026.04.14	22:25:00	4839.86	4841.09	4838.54	4840.66	945	0	31
2026.04.14	22:30:00	4840.66	4843.52	4839.34	4839.76	1165	0	31
2026.04.14	22:35:00	4839.75	4842.36	4838.56	4841.96	1311	0	31
2026.04.14	22:40:00	4841.96	4842.58	4840.07	4840.91	1148	0	31
2026.04.14	22:45:00	4841.00	4843.09	4840.03	4842.97	1199	0	31
2026.04.14	22:50:00	4843.04	4843.95	4841.00	4841.04	1465	0	31
2026.04.14	22:55:00	4841.06	4846.16	4840.78	4844.88	1674	0	31
2026.04.14	23:00:00	4845.02	4846.21	4842.59	4843.25	1034	0	31
2026.04.14	23:05:00	4843.25	4844.48	4842.18	4843.71	710	0	31
2026.04.14	23:10:00	4843.70	4843.85	4841.98	4842.78	687	0	31
2026.04.14	23:15:00	4842.77	4843.33	4839.52	4840.90	499	0	31
2026.04.14	23:20:00	4840.90	4841.60	4839.69	4841.54	538	0	31
2026.04.14	23:25:00	4841.53	4841.53	4839.63	4840.38	474	0	31
2026.04.14	23:30:00	4840.39	4841.09	4840.02	4840.19	414	0	31
2026.04.14	23:35:00	4840.17	4841.19	4840.00	4840.01	469	0	31
2026.04.14	23:40:00	4840.00	4843.08	4839.78	4842.16	579	0	31
2026.04.14	23:45:00	4842.16	4843.29	4841.17	4841.55	648	0	31
2026.04.14	23:50:00	4841.52	4842.02	4840.27	4841.75	607	0	31
2026.04.14	23:55:00	4841.76	4842.08	4840.49	4840.55	359	0	31
2026.04.15	01:00:00	4840.22	4850.41	4837.87	4849.25	1471	0	31
2026.04.15	01:05:00	4849.25	4850.76	4845.98	4847.69	1084	0	31
2026.04.15	01:10:00	4847.69	4847.92	4843.25	4844.72	930	0	31
2026.04.15	01:15:00	4844.73	4846.96	4837.57	4837.78	993	0	31
2026.04.15	01:20:00	4837.33	4842.58	4836.64	4842.41	869	0	31
2026.04.15	01:25:00	4842.41	4842.94	4839.94	4840.03	679	0	31
2026.04.15	01:30:00	4840.03	4843.12	4837.76	4839.04	911	0	31
2026.04.15	01:35:00	4839.01	4841.25	4838.55	4839.94	752	0	31
2026.04.15	01:40:00	4839.94	4841.51	4839.10	4840.26	603	0	31
2026.04.15	01:45:00	4840.20	4840.39	4837.71	4837.85	586	0	31
2026.04.15	01:50:00	4837.79	4838.68	4835.04	4836.13	765	0	31
2026.04.15	01:55:00	4836.22	4836.52	4833.30	4835.04	978	0	31
2026.04.15	02:00:00	4835.02	4838.14	4833.64	4837.21	849	0	31
2026.04.15	02:05:00	4837.20	4843.73	4837.08	4839.52	878	0	31
2026.04.15	02:10:00	4839.51	4840.05	4835.78	4837.22	906	0	31
2026.04.15	02:15:00	4837.21	4839.26	4835.22	4838.01	914	0	31
2026.04.15	02:20:00	4838.01	4838.90	4836.71	4838.24	815	0	31
2026.04.15	02:25:00	4838.25	4838.33	4835.12	4835.96	895	0	31
2026.04.15	02:30:00	4835.92	4841.65	4835.11	4840.97	811	0	31
2026.04.15	02:35:00	4840.96	4842.74	4838.52	4842.39	1358	0	31
2026.04.15	02:40:00	4842.33	4842.38	4837.81	4842.27	1089	0	31
2026.04.15	02:45:00	4842.28	4843.99	4841.05	4841.49	1002	0	31
2026.04.15	02:50:00	4841.44	4841.98	4837.87	4838.74	886	0	31
2026.04.15	02:55:00	4838.68	4839.70	4836.32	4837.19	959	0	31
2026.04.15	03:00:00	4837.17	4838.88	4833.05	4838.18	1395	0	31
2026.04.15	03:05:00	4838.17	4839.97	4834.05	4834.61	1236	0	31
2026.04.15	03:10:00	4834.57	4835.53	4831.64	4833.87	1149	0	31
2026.04.15	03:15:00	4833.85	4833.85	4828.79	4832.88	1264	0	31
2026.04.15	03:20:00	4832.91	4835.82	4832.50	4835.65	967	0	31
2026.04.15	03:25:00	4835.68	4836.38	4828.95	4833.53	1219	0	31
2026.04.15	03:30:00	4833.65	4833.65	4828.35	4830.59	1035	0	31
2026.04.15	03:35:00	4830.58	4831.22	4827.10	4829.17	862	0	31
2026.04.15	03:40:00	4829.17	4830.32	4828.20	4830.09	931	0	31
2026.04.15	03:45:00	4830.09	4832.17	4829.16	4830.18	884	0	31
2026.04.15	03:50:00	4829.93	4831.66	4829.09	4830.83	1011	0	31
2026.04.15	03:55:00	4830.83	4837.42	4830.78	4835.47	1060	0	31
2026.04.15	04:00:00	4835.46	4837.80	4828.14	4834.21	1837	0	31
2026.04.15	04:05:00	4834.24	4840.77	4831.65	4840.54	1640	0	31
2026.04.15	04:10:00	4840.64	4852.32	4839.38	4850.15	1836	0	31
2026.04.15	04:15:00	4850.12	4871.35	4848.16	4864.04	1828	0	31
2026.04.15	04:20:00	4864.13	4865.48	4842.32	4843.47	1887	0	31
2026.04.15	04:25:00	4843.63	4854.29	4843.63	4850.83	1746	0	31
2026.04.15	04:30:00	4850.86	4850.86	4845.13	4848.05	1699	0	31
2026.04.15	04:35:00	4848.08	4849.30	4843.84	4845.68	1580	0	31
2026.04.15	04:40:00	4845.69	4851.41	4842.47	4843.53	1598	0	31
2026.04.15	04:45:00	4843.48	4846.22	4839.78	4844.30	1642	0	31
2026.04.15	04:50:00	4844.34	4847.85	4843.63	4844.60	1387	0	31
2026.04.15	04:55:00	4844.60	4848.88	4842.96	4847.08	1414	0	31
2026.04.15	05:00:00	4846.99	4849.18	4845.37	4848.14	1443	0	31
2026.04.15	05:05:00	4848.13	4853.36	4847.49	4851.02	1489	0	31
2026.04.15	05:10:00	4851.08	4851.27	4844.69	4845.12	1626	0	31
2026.04.15	05:15:00	4845.11	4845.99	4841.71	4842.60	1207	0	31
2026.04.15	05:20:00	4842.57	4843.33	4835.67	4837.06	1165	0	31
2026.04.15	05:25:00	4837.08	4837.19	4832.39	4834.54	999	0	31
2026.04.15	05:30:00	4834.63	4835.12	4824.50	4827.26	1847	0	31
2026.04.15	05:35:00	4827.28	4829.83	4821.38	4829.35	1786	0	31
2026.04.15	05:40:00	4829.35	4830.73	4825.39	4828.17	1604	0	31
2026.04.15	05:45:00	4828.17	4830.36	4825.30	4827.62	1573	0	31
2026.04.15	05:50:00	4827.63	4829.92	4822.30	4824.15	1631	0	31
2026.04.15	05:55:00	4824.12	4826.00	4820.67	4823.86	1588	0	31
2026.04.15	06:00:00	4823.85	4825.06	4816.99	4817.29	1525	0	31
2026.04.15	06:05:00	4817.36	4820.87	4816.94	4819.21	1585	0	31
2026.04.15	06:10:00	4819.21	4823.09	4818.28	4820.81	1413	0	31
2026.04.15	06:15:00	4820.84	4826.31	4820.44	4825.85	1220	0	31
2026.04.15	06:20:00	4825.85	4825.91	4822.10	4822.76	1192	0	31
2026.04.15	06:25:00	4822.76	4827.94	4822.49	4826.44	1135	0	31
2026.04.15	06:30:00	4826.44	4828.44	4826.03	4826.12	910	0	31
2026.04.15	06:35:00	4826.12	4828.65	4826.00	4827.81	739	0	31
2026.04.15	06:40:00	4827.81	4828.65	4825.47	4828.42	664	0	31
2026.04.15	06:45:00	4828.47	4829.52	4826.24	4826.83	827	0	31
2026.04.15	06:50:00	4826.88	4828.61	4825.87	4826.64	807	0	31
2026.04.15	06:55:00	4826.65	4827.88	4823.83	4824.03	736	0	31
2026.04.15	07:00:00	4824.00	4824.00	4820.39	4821.26	941	0	31
2026.04.15	07:05:00	4821.26	4823.71	4820.48	4823.34	742	0	31
2026.04.15	07:10:00	4823.34	4826.25	4823.33	4825.40	723	0	31
2026.04.15	07:15:00	4825.40	4826.48	4822.56	4822.97	808	0	31
2026.04.15	07:20:00	4822.98	4824.70	4821.27	4824.18	690	0	31
2026.04.15	07:25:00	4824.10	4825.45	4822.71	4824.65	556	0	31
2026.04.15	07:30:00	4824.56	4826.94	4824.38	4826.80	571	0	31
2026.04.15	07:35:00	4826.80	4827.69	4824.38	4825.50	652	0	31
2026.04.15	07:40:00	4825.49	4825.54	4823.19	4823.37	680	0	31
2026.04.15	07:45:00	4823.37	4825.70	4821.39	4825.68	758	0	31
2026.04.15	07:50:00	4825.68	4825.92	4824.07	4825.20	676	0	31
2026.04.15	07:55:00	4825.21	4826.04	4823.67	4824.86	673	0	31
2026.04.15	08:00:00	4824.86	4828.54	4824.07	4824.95	1254	0	31
2026.04.15	08:05:00	4824.91	4827.62	4822.55	4825.31	1174	0	31
2026.04.15	08:10:00	4825.32	4827.78	4824.57	4826.78	1020	0	31
2026.04.15	08:15:00	4826.78	4830.46	4826.22	4830.07	926	0	31
2026.04.15	08:20:00	4830.07	4830.07	4824.34	4825.20	1134	0	31
2026.04.15	08:25:00	4825.15	4828.59	4824.44	4826.14	995	0	31
2026.04.15	08:30:00	4826.17	4827.80	4822.26	4827.13	1554	0	31
2026.04.15	08:35:00	4827.01	4827.01	4813.66	4820.01	1739	0	31
2026.04.15	08:40:00	4820.05	4821.14	4812.62	4816.75	1639	0	31
2026.04.15	08:45:00	4816.75	4819.78	4814.35	4817.30	1435	0	31
2026.04.15	08:50:00	4817.30	4822.03	4815.21	4821.33	1364	0	31
2026.04.15	08:55:00	4821.34	4823.50	4819.39	4819.58	1543	0	31
2026.04.15	09:00:00	4819.61	4824.89	4819.54	4821.04	1355	0	31
2026.04.15	09:05:00	4821.05	4821.36	4816.59	4817.62	1367	0	31
2026.04.15	09:10:00	4817.61	4820.70	4816.70	4819.02	1412	0	31
2026.04.15	09:15:00	4819.03	4819.57	4816.11	4816.94	1397	0	31
2026.04.15	09:20:00	4816.56	4817.37	4813.56	4814.87	1350	0	31
2026.04.15	09:25:00	4814.87	4817.00	4813.62	4814.67	1354	0	31
2026.04.15	09:30:00	4814.63	4817.38	4811.21	4813.97	1513	0	31
2026.04.15	09:35:00	4813.97	4817.64	4812.15	4815.86	1371	0	31
2026.04.15	09:40:00	4815.88	4816.38	4813.55	4816.02	1247	0	31
2026.04.15	09:45:00	4816.02	4822.03	4815.32	4819.87	1324	0	31
2026.04.15	09:50:00	4820.17	4820.34	4813.49	4814.61	1423	0	31
2026.04.15	09:55:00	4814.61	4814.61	4811.14	4811.71	1390	0	31
2026.04.15	10:00:00	4811.62	4813.60	4803.97	4808.71	1566	0	31
2026.04.15	10:05:00	4808.73	4812.22	4806.58	4809.27	1383	0	31
2026.04.15	10:10:00	4809.22	4816.92	4808.23	4815.77	1377	0	31
2026.04.15	10:15:00	4815.79	4816.03	4809.90	4812.34	1367	0	31
2026.04.15	10:20:00	4812.32	4814.14	4809.84	4809.96	1297	0	31
2026.04.15	10:25:00	4809.95	4812.86	4805.55	4812.85	1413	0	31
2026.04.15	10:30:00	4812.85	4814.52	4808.63	4811.65	1215	0	31
2026.04.15	10:35:00	4811.65	4815.81	4811.60	4813.27	1230	0	31
2026.04.15	10:40:00	4813.27	4814.18	4809.16	4810.29	1186	0	31
2026.04.15	10:45:00	4810.25	4810.28	4805.96	4807.83	1321	0	31
2026.04.15	10:50:00	4807.88	4810.59	4807.00	4810.09	1202	0	31
2026.04.15	10:55:00	4810.08	4812.80	4808.80	4811.01	1347	0	31
2026.04.15	11:00:00	4811.12	4811.58	4806.56	4811.56	1413	0	31
2026.04.15	11:05:00	4811.53	4812.65	4808.03	4808.56	1145	0	31
2026.04.15	11:10:00	4808.54	4811.64	4804.59	4811.46	1285	0	31
2026.04.15	11:15:00	4811.46	4813.10	4810.44	4811.85	1232	0	31
2026.04.15	11:20:00	4811.80	4812.04	4808.26	4810.13	1147	0	31
2026.04.15	11:25:00	4810.12	4814.32	4805.98	4809.92	1320	0	31
2026.04.15	11:30:00	4809.87	4811.93	4805.41	4809.67	1363	0	31
2026.04.15	11:35:00	4809.65	4811.39	4807.34	4809.79	1219	0	31
2026.04.15	11:40:00	4809.79	4812.89	4808.78	4810.45	1065	0	31
2026.04.15	11:45:00	4810.45	4812.00	4809.75	4811.34	1077	0	31
2026.04.15	11:50:00	4811.34	4815.12	4810.56	4814.51	1049	0	31
2026.04.15	11:55:00	4814.52	4821.16	4813.99	4818.34	1155	0	31
2026.04.15	12:00:00	4818.35	4819.49	4812.25	4815.00	1621	0	31
2026.04.15	12:05:00	4815.03	4815.13	4805.14	4806.10	1632	0	31
2026.04.15	12:10:00	4806.04	4808.49	4792.70	4804.92	1819	0	31
2026.04.15	12:15:00	4805.06	4806.54	4801.48	4806.27	1435	0	31
2026.04.15	12:20:00	4806.29	4807.11	4803.19	4804.37	1305	0	31
2026.04.15	12:25:00	4804.36	4804.45	4797.41	4798.07	1354	0	31
2026.04.15	12:30:00	4797.36	4803.80	4796.83	4798.35	1408	0	31
2026.04.15	12:35:00	4798.32	4800.86	4795.34	4796.49	1249	0	31
2026.04.15	12:40:00	4796.48	4800.23	4796.12	4796.13	1302	0	31
2026.04.15	12:45:00	4796.12	4796.57	4786.29	4795.20	1599	0	31
2026.04.15	12:50:00	4795.20	4798.68	4792.41	4798.43	1312	0	31
2026.04.15	12:55:00	4798.40	4800.30	4794.48	4798.12	1188	0	31
2026.04.15	13:00:00	4798.07	4798.90	4795.40	4795.59	1291	0	31
2026.04.15	13:05:00	4795.60	4802.49	4795.55	4801.60	1347	0	31
2026.04.15	13:10:00	4801.60	4803.06	4800.75	4801.21	1156	0	31
2026.04.15	13:15:00	4801.18	4801.32	4793.67	4794.92	1659	0	31
2026.04.15	13:20:00	4794.95	4798.09	4792.34	4794.24	1627	0	31
2026.04.15	13:25:00	4794.26	4795.33	4790.55	4795.06	1548	0	31
2026.04.15	13:30:00	4795.06	4798.87	4793.01	4794.30	1490	0	31
2026.04.15	13:35:00	4794.32	4796.65	4793.43	4796.02	1252	0	31
2026.04.15	13:40:00	4796.19	4800.69	4795.46	4800.06	1564	0	31
2026.04.15	13:45:00	4800.03	4805.19	4799.61	4800.95	1430	0	31
2026.04.15	13:50:00	4800.95	4804.40	4800.18	4803.29	1206	0	31
2026.04.15	13:55:00	4803.35	4804.04	4799.85	4799.87	1106	0	31
2026.04.15	14:00:00	4799.93	4799.97	4795.48	4798.25	1213	0	31
2026.04.15	14:05:00	4798.26	4800.67	4798.00	4799.06	1184	0	31
2026.04.15	14:10:00	4798.91	4804.32	4798.82	4802.34	1264	0	31
2026.04.15	14:15:00	4802.33	4804.51	4799.63	4804.05	1293	0	31
2026.04.15	14:20:00	4804.05	4806.64	4803.46	4806.31	1343	0	31
2026.04.15	14:25:00	4806.31	4807.04	4804.75	4804.91	1170	0	31
2026.04.15	14:30:00	4804.93	4808.57	4802.64	4802.96	1388	0	31
2026.04.15	14:35:00	4802.96	4806.35	4802.85	4804.08	1078	0	31
2026.04.15	14:40:00	4804.08	4806.06	4802.76	4805.85	879	0	31
2026.04.15	14:45:00	4805.85	4811.94	4804.08	4809.12	1505	0	31
2026.04.15	14:50:00	4809.16	4814.19	4808.92	4813.96	1532	0	31
2026.04.15	14:55:00	4814.00	4814.93	4810.50	4812.56	1425	0	31
2026.04.15	15:00:00	4812.54	4814.11	4807.91	4809.45	1510	0	31
2026.04.15	15:05:00	4809.38	4813.20	4807.01	4813.03	1439	0	31
2026.04.15	15:10:00	4813.22	4814.04	4810.66	4813.84	1357	0	31
2026.04.15	15:15:00	4813.87	4816.15	4812.52	4814.01	1244	0	31
2026.04.15	15:20:00	4814.04	4814.08	4810.17	4813.08	1423	0	31
2026.04.15	15:25:00	4813.07	4815.01	4810.58	4812.60	1206	0	31
2026.04.15	15:30:00	4812.39	4816.09	4811.24	4813.48	1349	0	31
2026.04.15	15:35:00	4813.36	4814.50	4810.54	4813.18	1143	0	31
2026.04.15	15:40:00	4813.18	4814.39	4810.34	4811.61	1124	0	31
2026.04.15	15:45:00	4811.61	4812.34	4808.33	4810.97	1103	0	31
2026.04.15	15:50:00	4811.00	4813.86	4810.04	4812.60	1179	0	31
2026.04.15	15:55:00	4812.60	4815.44	4811.11	4811.59	1276	0	31
2026.04.15	16:00:00	4811.59	4816.28	4808.52	4811.98	1889	0	31
2026.04.15	16:05:00	4811.87	4816.03	4809.79	4814.06	1798	0	31
2026.04.15	16:10:00	4814.09	4815.23	4811.24	4814.07	1731	0	31
2026.04.15	16:15:00	4814.08	4814.75	4810.16	4813.51	1596	0	31
2026.04.15	16:20:00	4813.62	4819.59	4812.82	4816.78	1624	0	31
2026.04.15	16:25:00	4816.83	4821.93	4816.83	4821.69	1547	0	31
2026.04.15	16:30:00	4821.76	4822.08	4816.32	4818.81	2034	0	31
2026.04.15	16:35:00	4818.82	4825.34	4815.71	4823.62	2014	0	31
2026.04.15	16:40:00	4823.68	4824.96	4817.72	4820.47	1899	0	31
2026.04.15	16:45:00	4820.47	4825.64	4819.88	4825.21	1878	0	31
2026.04.15	16:50:00	4825.31	4827.35	4821.68	4825.57	1838	0	31
2026.04.15	16:55:00	4825.56	4830.11	4824.23	4828.86	1732	0	31
2026.04.15	17:00:00	4828.96	4829.74	4820.59	4826.04	1832	0	31
2026.04.15	17:05:00	4826.01	4827.55	4824.09	4824.65	1740	0	31
2026.04.15	17:10:00	4824.65	4828.91	4824.14	4828.56	1724	0	31
2026.04.15	17:15:00	4828.56	4830.41	4824.52	4824.57	1664	0	31
2026.04.15	17:20:00	4824.58	4827.34	4823.04	4825.81	1764	0	31
2026.04.15	17:25:00	4825.80	4827.18	4822.21	4825.20	1771	0	31
2026.04.15	17:30:00	4825.16	4825.66	4817.31	4818.94	1798	0	31
2026.04.15	17:35:00	4818.96	4822.07	4815.50	4816.21	1777	0	31
2026.04.15	17:40:00	4816.22	4821.38	4816.22	4819.22	1657	0	31
2026.04.15	17:45:00	4819.22	4819.41	4815.41	4816.23	1620	0	31
2026.04.15	17:50:00	4816.33	4818.86	4813.64	4814.75	1769	0	31
2026.04.15	17:55:00	4814.77	4818.40	4814.46	4815.49	1587	0	31
2026.04.15	18:00:00	4815.59	4816.10	4809.63	4810.16	1707	0	31
2026.04.15	18:05:00	4810.16	4810.72	4800.20	4807.06	1824	0	31
2026.04.15	18:10:00	4807.02	4812.34	4804.65	4810.19	1819	0	31
2026.04.15	18:15:00	4810.00	4810.72	4803.66	4809.05	1769	0	31
2026.04.15	18:20:00	4809.06	4809.60	4802.68	4805.11	1669	0	31
2026.04.15	18:25:00	4805.10	4806.21	4797.64	4798.23	1596	0	31
2026.04.15	18:30:00	4798.24	4799.80	4786.91	4795.33	1946	0	31
2026.04.15	18:35:00	4795.34	4803.55	4795.22	4800.88	1819	0	31
2026.04.15	18:40:00	4800.94	4806.38	4800.94	4803.48	1648	0	31
2026.04.15	18:45:00	4803.53	4807.50	4802.28	4802.51	1604	0	31
2026.04.15	18:50:00	4802.52	4806.52	4802.52	4805.22	1406	0	31
2026.04.15	18:55:00	4805.20	4805.64	4799.37	4801.62	1609	0	31
2026.04.15	19:00:00	4801.62	4807.50	4800.38	4804.33	1563	0	31
2026.04.15	19:05:00	4804.33	4808.02	4803.48	4807.20	1480	0	31
2026.04.15	19:10:00	4807.19	4810.46	4806.01	4808.32	1284	0	31
2026.04.15	19:15:00	4808.31	4810.47	4805.18	4806.69	1396	0	31
2026.04.15	19:20:00	4806.69	4810.43	4806.69	4807.99	1481	0	31
2026.04.15	19:25:00	4807.99	4812.55	4807.14	4811.16	1399	0	31
2026.04.15	19:30:00	4811.18	4811.78	4807.51	4809.38	1474	0	31
2026.04.15	19:35:00	4809.40	4811.85	4806.70	4806.97	1236	0	31
2026.04.15	19:40:00	4806.97	4809.39	4802.81	4804.50	1740	0	31
2026.04.15	19:45:00	4804.46	4807.09	4803.06	4805.58	1589	0	31
2026.04.15	19:50:00	4805.58	4807.23	4800.09	4801.94	1671	0	31
2026.04.15	19:55:00	4801.95	4805.73	4801.47	4803.86	1566	0	31
2026.04.15	20:00:00	4803.82	4804.93	4800.65	4800.69	1559	0	31
2026.04.15	20:05:00	4800.75	4802.87	4799.59	4802.62	1308	0	31
2026.04.15	20:10:00	4802.56	4803.12	4797.89	4798.11	1341	0	31
2026.04.15	20:15:00	4798.10	4802.41	4798.04	4801.05	1151	0	31
2026.04.15	20:20:00	4801.10	4807.23	4801.08	4806.23	1403	0	31
2026.04.15	20:25:00	4806.22	4808.72	4800.12	4801.78	1542	0	31
2026.04.15	20:30:00	4801.65	4802.62	4797.36	4800.40	1409	0	31
2026.04.15	20:35:00	4800.39	4802.25	4797.18	4797.22	1476	0	31
2026.04.15	20:40:00	4797.21	4797.70	4792.10	4793.46	1595	0	31
2026.04.15	20:45:00	4793.46	4795.73	4793.38	4794.83	1363	0	31
2026.04.15	20:50:00	4794.87	4795.30	4790.83	4793.27	1338	0	31
2026.04.15	20:55:00	4793.28	4795.61	4791.58	4792.56	1174	0	31
2026.04.15	21:00:00	4792.56	4800.66	4790.15	4796.17	1846	0	31
2026.04.15	21:05:00	4796.14	4798.02	4792.10	4793.81	1711	0	31
2026.04.15	21:10:00	4793.86	4797.36	4792.33	4797.02	1386	0	31
2026.04.15	21:15:00	4797.01	4798.63	4794.46	4795.33	1450	0	31
2026.04.15	21:20:00	4795.32	4796.61	4793.97	4794.53	1303	0	31
2026.04.15	21:25:00	4794.55	4795.20	4792.78	4794.61	1361	0	31
2026.04.15	21:30:00	4794.60	4798.31	4794.60	4797.69	1231	0	31
2026.04.15	21:35:00	4797.74	4797.80	4795.03	4796.61	1180	0	31
2026.04.15	21:40:00	4796.61	4797.05	4794.51	4796.98	1231	0	31
2026.04.15	21:45:00	4796.98	4799.11	4796.89	4798.71	1024	0	31
2026.04.15	21:50:00	4798.72	4802.04	4796.83	4797.21	1164	0	31
2026.04.15	21:55:00	4797.21	4801.52	4796.90	4799.72	1283	0	31
2026.04.15	22:00:00	4799.61	4801.49	4798.02	4801.29	1283	0	31
2026.04.15	22:05:00	4801.28	4803.39	4799.67	4802.11	1225	0	31
2026.04.15	22:10:00	4802.05	4803.06	4798.69	4798.69	1238	0	31
2026.04.15	22:15:00	4798.69	4801.25	4797.67	4801.24	1128	0	31
2026.04.15	22:20:00	4801.24	4802.39	4799.96	4801.38	968	0	31
2026.04.15	22:25:00	4801.29	4803.06	4800.98	4802.92	996	0	31
2026.04.15	22:30:00	4802.81	4802.87	4800.74	4801.27	1012	0	31
2026.04.15	22:35:00	4801.28	4801.66	4798.18	4798.24	1149	0	31
2026.04.15	22:40:00	4798.26	4798.85	4795.29	4796.94	1358	0	31
2026.04.15	22:45:00	4797.01	4799.55	4796.25	4798.93	1325	0	31
2026.04.15	22:50:00	4798.93	4801.49	4797.85	4798.82	1525	0	31
2026.04.15	22:55:00	4798.82	4799.78	4794.47	4795.78	1681	0	31
2026.04.15	23:00:00	4795.76	4796.57	4793.53	4794.06	1005	0	31
2026.04.15	23:05:00	4794.06	4794.87	4792.65	4794.10	787	0	31
2026.04.15	23:10:00	4794.10	4795.21	4792.71	4793.81	666	0	31
2026.04.15	23:15:00	4793.75	4794.53	4793.33	4794.15	567	0	31
2026.04.15	23:20:00	4794.18	4795.89	4794.04	4794.25	642	0	31
2026.04.15	23:25:00	4794.26	4794.67	4793.63	4793.82	589	0	31
2026.04.15	23:30:00	4793.82	4793.82	4790.87	4792.12	550	0	31
2026.04.15	23:35:00	4792.13	4792.14	4790.12	4791.38	604	0	31
2026.04.15	23:40:00	4791.37	4791.51	4790.48	4790.80	547	0	31
2026.04.15	23:45:00	4790.80	4793.04	4788.14	4789.71	895	0	31
2026.04.15	23:50:00	4789.46	4790.41	4787.79	4788.33	844	0	31
2026.04.15	23:55:00	4788.35	4791.12	4787.93	4791.11	438	0	31
2026.04.16	01:00:00	4793.80	4799.34	4793.80	4798.40	1127	0	31
2026.04.16	01:05:00	4798.39	4798.78	4794.63	4795.71	727	0	31
2026.04.16	01:10:00	4795.70	4795.86	4790.85	4792.03	856	0	31
2026.04.16	01:15:00	4792.02	4798.19	4791.93	4797.03	1009	0	31
2026.04.16	01:20:00	4797.02	4802.03	4796.41	4800.56	1013	0	31
2026.04.16	01:25:00	4800.56	4801.13	4798.35	4801.13	759	0	31
2026.04.16	01:30:00	4801.16	4803.33	4800.56	4800.82	725	0	31
2026.04.16	01:35:00	4800.82	4801.95	4799.08	4801.89	765	0	31
2026.04.16	01:40:00	4801.86	4801.99	4800.55	4801.35	540	0	31
2026.04.16	01:45:00	4801.36	4805.48	4801.21	4803.96	830	0	31
2026.04.16	01:50:00	4803.87	4810.56	4803.40	4810.41	930	0	31
2026.04.16	01:55:00	4810.36	4811.83	4807.45	4807.51	801	0	31
2026.04.16	02:00:00	4807.51	4810.01	4807.43	4809.50	827	0	31
2026.04.16	02:05:00	4809.47	4810.85	4808.35	4810.04	702	0	31
2026.04.16	02:10:00	4810.07	4813.12	4808.97	4812.51	774	0	31
2026.04.16	02:15:00	4812.50	4813.89	4812.35	4812.65	591	0	31
2026.04.16	02:20:00	4812.64	4815.64	4812.58	4815.33	655	0	31
2026.04.16	02:25:00	4815.33	4815.78	4814.03	4814.99	587	0	31
2026.04.16	02:30:00	4815.03	4820.87	4814.43	4820.12	1068	0	31
2026.04.16	02:35:00	4820.13	4822.81	4819.64	4821.43	985	0	31
2026.04.16	02:40:00	4821.43	4824.26	4821.02	4823.16	980	0	31
2026.04.16	02:45:00	4823.16	4826.50	4823.00	4824.79	1034	0	31
2026.04.16	02:50:00	4824.79	4826.62	4823.22	4823.46	938	0	31
2026.04.16	02:55:00	4823.46	4824.11	4821.96	4823.38	782	0	31
2026.04.16	03:00:00	4823.34	4830.98	4823.34	4828.78	1308	0	31
2026.04.16	03:05:00	4828.81	4831.14	4828.80	4830.52	789	0	31
2026.04.16	03:10:00	4830.53	4830.91	4829.25	4829.78	877	0	31
2026.04.16	03:15:00	4829.80	4830.88	4828.45	4829.61	1125	0	31
2026.04.16	03:20:00	4829.62	4829.91	4824.95	4827.26	1154	0	31
2026.04.16	03:25:00	4827.25	4828.93	4822.50	4824.71	1027	0	31
2026.04.16	03:30:00	4824.77	4827.23	4820.86	4822.32	993	0	31
2026.04.16	03:35:00	4822.33	4828.84	4821.01	4827.81	983	0	31
2026.04.16	03:40:00	4827.78	4837.63	4827.74	4832.56	1267	0	31
2026.04.16	03:45:00	4832.59	4836.09	4830.77	4835.82	980	0	31
2026.04.16	03:50:00	4835.81	4837.35	4832.79	4833.31	1272	0	31
2026.04.16	03:55:00	4833.37	4834.56	4832.45	4833.12	1016	0	31
2026.04.16	04:00:00	4833.08	4836.33	4829.19	4829.39	1848	0	31
2026.04.16	04:05:00	4829.33	4831.78	4828.63	4830.64	1565	0	31
2026.04.16	04:10:00	4830.53	4832.36	4829.55	4829.75	1464	0	31
2026.04.16	04:15:00	4829.73	4830.31	4825.03	4826.11	1418	0	31
2026.04.16	04:20:00	4826.11	4828.96	4825.25	4825.25	1347	0	31
2026.04.16	04:25:00	4825.24	4826.32	4822.74	4823.63	1193	0	31
2026.04.16	04:30:00	4823.59	4825.51	4821.31	4821.69	1312	0	31
2026.04.16	04:35:00	4821.67	4821.75	4812.82	4812.86	1611	0	31
2026.04.16	04:40:00	4812.84	4818.36	4811.26	4815.86	1575	0	31
2026.04.16	04:45:00	4815.88	4820.39	4815.37	4820.00	1406	0	31
2026.04.16	04:50:00	4820.02	4822.11	4818.55	4820.64	1297	0	31
2026.04.16	04:55:00	4820.52	4820.52	4817.39	4817.95	1308	0	31
2026.04.16	05:00:00	4817.92	4821.97	4817.29	4821.06	1476	0	31
2026.04.16	05:05:00	4821.07	4823.23	4820.19	4822.39	1198	0	31
2026.04.16	05:10:00	4822.40	4824.93	4821.28	4821.34	1240	0	31
2026.04.16	05:15:00	4821.32	4822.79	4820.19	4822.53	1015	0	31
2026.04.16	05:20:00	4822.54	4823.44	4820.89	4822.13	862	0	31
2026.04.16	05:25:00	4822.15	4822.17	4819.00	4819.03	744	0	31
2026.04.16	05:30:00	4819.03	4821.37	4813.98	4814.09	1387	0	31
2026.04.16	05:35:00	4814.14	4817.00	4812.40	4817.00	1485	0	31
2026.04.16	05:40:00	4817.05	4819.56	4816.42	4817.17	1282	0	31
2026.04.16	05:45:00	4817.21	4820.77	4815.40	4817.10	1401	0	31
2026.04.16	05:50:00	4817.09	4820.92	4816.94	4818.27	1224	0	31
2026.04.16	05:55:00	4818.28	4820.47	4818.28	4819.68	1037	0	31
2026.04.16	06:00:00	4819.67	4823.35	4819.09	4822.27	1202	0	31
2026.04.16	06:05:00	4822.26	4826.36	4822.26	4825.82	1254	0	31
2026.04.16	06:10:00	4825.84	4827.05	4825.18	4826.53	1174	0	31
2026.04.16	06:15:00	4826.50	4826.66	4823.12	4823.70	1074	0	31
2026.04.16	06:20:00	4823.68	4824.76	4822.54	4824.33	847	0	31
2026.04.16	06:25:00	4824.33	4824.68	4822.68	4823.84	870	0	31
2026.04.16	06:30:00	4823.87	4825.88	4822.64	4822.92	959	0	31
2026.04.16	06:35:00	4822.90	4823.16	4819.05	4819.38	789	0	31
2026.04.16	06:40:00	4819.36	4821.00	4819.01	4820.48	872	0	31
2026.04.16	06:45:00	4820.45	4825.16	4820.45	4824.66	792	0	31
2026.04.16	06:50:00	4824.66	4826.37	4823.88	4826.31	571	0	31
2026.04.16	06:55:00	4826.31	4826.59	4824.03	4824.04	615	0	31
2026.04.16	07:00:00	4824.06	4825.27	4823.48	4824.96	837	0	31
2026.04.16	07:05:00	4824.96	4826.17	4823.28	4824.24	873	0	31
2026.04.16	07:10:00	4824.25	4827.21	4822.72	4826.87	730	0	31
2026.04.16	07:15:00	4826.86	4830.07	4826.86	4827.19	831	0	31
2026.04.16	07:20:00	4827.20	4827.77	4826.27	4826.58	682	0	31
2026.04.16	07:25:00	4826.58	4827.82	4825.77	4826.38	654	0	31
2026.04.16	07:30:00	4826.38	4827.75	4824.85	4827.56	571	0	31
2026.04.16	07:35:00	4827.56	4831.31	4827.42	4829.48	817	0	31
2026.04.16	07:40:00	4829.49	4830.92	4829.35	4830.54	617	0	31
2026.04.16	07:45:00	4830.54	4831.13	4829.85	4830.46	486	0	31
2026.04.16	07:50:00	4830.45	4830.91	4829.56	4830.69	554	0	31
2026.04.16	07:55:00	4830.69	4833.42	4830.69	4833.05	636	0	31
2026.04.16	08:00:00	4833.09	4836.47	4832.77	4836.41	992	0	31
2026.04.16	08:05:00	4836.21	4838.26	4833.99	4835.41	1087	0	31
2026.04.16	08:10:00	4835.38	4836.44	4833.93	4834.37	828	0	31
2026.04.16	08:15:00	4834.04	4836.20	4834.04	4835.64	698	0	31
2026.04.16	08:20:00	4835.53	4835.53	4832.64	4832.66	769	0	31
2026.04.16	08:25:00	4832.68	4834.02	4831.65	4833.17	936	0	31
2026.04.16	08:30:00	4833.21	4833.78	4826.52	4826.58	1628	0	31
2026.04.16	08:35:00	4826.68	4828.32	4825.32	4827.98	1483	0	31
2026.04.16	08:40:00	4827.96	4829.53	4824.59	4825.18	1252	0	31
2026.04.16	08:45:00	4825.22	4828.73	4824.84	4827.52	1328	0	31
2026.04.16	08:50:00	4827.52	4829.25	4824.21	4826.15	1430	0	31
2026.04.16	08:55:00	4826.12	4826.12	4821.03	4821.28	1318	0	31
2026.04.16	09:00:00	4821.24	4827.77	4821.12	4823.89	1442	0	31
2026.04.16	09:05:00	4823.89	4825.82	4822.39	4824.09	1308	0	31
2026.04.16	09:10:00	4824.09	4826.47	4822.28	4822.75	1361	0	31
2026.04.16	09:15:00	4822.75	4825.18	4820.77	4824.35	1251	0	31
2026.04.16	09:20:00	4824.46	4824.82	4817.43	4819.97	1448	0	31
2026.04.16	09:25:00	4819.94	4822.49	4814.49	4816.14	1524	0	31
2026.04.16	09:30:00	4816.22	4820.28	4814.90	4816.65	1492	0	31
2026.04.16	09:35:00	4816.86	4820.12	4816.58	4819.89	1239	0	31
2026.04.16	09:40:00	4819.89	4824.85	4818.25	4824.09	1691	0	31
2026.04.16	09:45:00	4824.15	4829.59	4822.35	4828.63	1379	0	31
2026.04.16	09:50:00	4828.65	4830.50	4824.95	4828.44	1614	0	31
2026.04.16	09:55:00	4828.54	4829.65	4825.93	4825.98	1630	0	31
2026.04.16	10:00:00	4826.08	4829.81	4823.15	4828.88	1572	0	31
2026.04.16	10:05:00	4828.86	4830.23	4825.11	4830.15	1402	0	31
2026.04.16	10:10:00	4830.14	4830.86	4823.34	4824.95	1463	0	31
2026.04.16	10:15:00	4824.94	4829.56	4820.85	4821.19	1619	0	31
2026.04.16	10:20:00	4821.18	4824.64	4817.16	4824.30	1352	0	31
2026.04.16	10:25:00	4824.30	4828.82	4824.21	4828.14	1229	0	31
2026.04.16	10:30:00	4828.09	4828.56	4824.61	4827.30	1229	0	31
2026.04.16	10:35:00	4827.29	4830.05	4826.78	4829.07	1116	0	31
2026.04.16	10:40:00	4829.04	4830.02	4826.37	4827.45	1020	0	31
2026.04.16	10:45:00	4827.47	4828.08	4823.10	4824.11	1045	0	31
2026.04.16	10:50:00	4824.13	4826.01	4823.07	4824.07	1123	0	31
2026.04.16	10:55:00	4824.10	4824.11	4819.26	4821.01	1244	0	31
2026.04.16	11:00:00	4821.27	4821.84	4813.05	4814.17	1446	0	31
2026.04.16	11:05:00	4814.17	4814.17	4807.25	4810.86	1711	0	31
2026.04.16	11:10:00	4810.91	4814.39	4809.55	4811.67	1373	0	31
2026.04.16	11:15:00	4811.69	4814.74	4811.32	4811.58	1356	0	31
2026.04.16	11:20:00	4811.49	4813.81	4810.65	4811.13	1203	0	31
2026.04.16	11:25:00	4811.12	4812.69	4809.57	4811.41	1304	0	31
2026.04.16	11:30:00	4811.41	4811.57	4806.53	4808.05	1331	0	31
2026.04.16	11:35:00	4808.04	4811.04	4807.53	4810.29	1179	0	31
2026.04.16	11:40:00	4810.31	4813.49	4808.07	4812.01	997	0	31
2026.04.16	11:45:00	4811.98	4813.43	4810.28	4810.95	1030	0	31
2026.04.16	11:50:00	4810.95	4811.51	4808.33	4811.34	1157	0	31
2026.04.16	11:55:00	4811.31	4814.68	4809.24	4813.71	983	0	31
2026.04.16	12:00:00	4813.68	4815.46	4811.75	4815.18	1075	0	31
2026.04.16	12:05:00	4815.06	4817.95	4814.97	4817.88	1006	0	31
2026.04.16	12:10:00	4817.87	4817.91	4815.24	4816.11	830	0	31
2026.04.16	12:15:00	4816.12	4816.26	4813.44	4815.75	954	0	31
2026.04.16	12:20:00	4815.76	4816.95	4815.32	4815.43	832	0	31
2026.04.16	12:25:00	4815.43	4816.29	4811.21	4813.13	1107	0	31
2026.04.16	12:30:00	4813.13	4813.13	4806.81	4811.15	1372	0	31
2026.04.16	12:35:00	4811.16	4813.01	4809.40	4812.24	1062	0	31
2026.04.16	12:40:00	4812.24	4814.86	4810.59	4814.67	1065	0	31
2026.04.16	12:45:00	4814.69	4815.29	4812.28	4813.73	1167	0	31
2026.04.16	12:50:00	4813.79	4814.36	4810.17	4812.04	1206	0	31
2026.04.16	12:55:00	4812.08	4813.25	4810.08	4812.84	1182	0	31
2026.04.16	13:00:00	4812.82	4815.46	4810.14	4812.32	1274	0	31
2026.04.16	13:05:00	4812.45	4814.24	4811.16	4811.75	895	0	31
2026.04.16	13:10:00	4811.78	4811.87	4806.89	4806.98	997	0	31
2026.04.16	13:15:00	4806.97	4808.26	4805.12	4807.70	1082	0	31
2026.04.16	13:20:00	4807.72	4809.43	4807.62	4808.39	915	0	31
2026.04.16	13:25:00	4808.39	4810.13	4806.69	4807.00	952	0	31
2026.04.16	13:30:00	4806.99	4808.30	4805.14	4808.05	1069	0	31
2026.04.16	13:35:00	4808.04	4810.39	4807.63	4809.99	970	0	31
2026.04.16	13:40:00	4810.00	4812.15	4808.13	4808.28	1069	0	31
2026.04.16	13:45:00	4808.27	4810.03	4806.62	4809.35	1178	0	31
2026.04.16	13:50:00	4809.36	4811.16	4808.60	4811.16	1035	0	31
2026.04.16	13:55:00	4811.13	4817.16	4811.08	4817.14	1237	0	31
2026.04.16	14:00:00	4817.15	4820.12	4816.35	4819.91	1234	0	31
2026.04.16	14:05:00	4819.94	4820.55	4816.43	4818.14	1220	0	31
2026.04.16	14:10:00	4818.16	4819.62	4816.97	4817.43	965	0	31
2026.04.16	14:15:00	4817.50	4819.94	4816.91	4817.75	984	0	31
2026.04.16	14:20:00	4817.75	4819.21	4816.70	4817.45	1013	0	31
2026.04.16	14:25:00	4817.44	4817.64	4815.52	4816.08	908	0	31
2026.04.16	14:30:00	4816.08	4819.84	4816.08	4818.85	1023	0	31
2026.04.16	14:35:00	4818.83	4819.82	4817.29	4818.38	948	0	31
2026.04.16	14:40:00	4818.34	4818.34	4815.84	4817.79	951	0	31
2026.04.16	14:45:00	4817.78	4818.99	4816.04	4816.29	1066	0	31
2026.04.16	14:50:00	4816.38	4819.70	4816.37	4818.20	1087	0	31
2026.04.16	14:55:00	4818.19	4822.41	4817.06	4822.11	1177	0	31
2026.04.16	15:00:00	4822.07	4823.05	4819.10	4819.50	1304	0	31
2026.04.16	15:05:00	4819.45	4821.05	4815.59	4816.43	1188	0	31
2026.04.16	15:10:00	4816.39	4817.36	4811.60	4817.30	1495	0	31
2026.04.16	15:15:00	4817.18	4818.28	4815.72	4817.94	1215	0	31
2026.04.16	15:20:00	4818.30	4818.61	4814.18	4816.58	1283	0	31
2026.04.16	15:25:00	4816.60	4818.18	4813.91	4815.09	1128	0	31
2026.04.16	15:30:00	4815.04	4820.25	4811.79	4819.23	1395	0	31
2026.04.16	15:35:00	4819.19	4820.76	4813.31	4815.18	1543	0	31
2026.04.16	15:40:00	4815.19	4817.10	4813.67	4817.04	1268	0	31
2026.04.16	15:45:00	4817.00	4817.79	4813.78	4814.74	1151	0	31
2026.04.16	15:50:00	4814.75	4817.41	4814.62	4816.40	1114	0	31
2026.04.16	15:55:00	4816.39	4819.03	4816.09	4816.13	1080	0	31
2026.04.16	16:00:00	4816.15	4822.91	4816.15	4819.51	1738	0	31
2026.04.16	16:05:00	4819.51	4821.91	4814.75	4815.77	1581	0	31
2026.04.16	16:10:00	4815.77	4819.04	4814.09	4817.28	1323	0	31
2026.04.16	16:15:00	4817.30	4819.87	4816.53	4818.15	1308	0	31
2026.04.16	16:20:00	4818.16	4821.22	4816.00	4816.56	1444	0	31
2026.04.16	16:25:00	4816.56	4818.89	4815.05	4815.55	1410	0	31
2026.04.16	16:30:00	4815.50	4822.13	4812.56	4821.66	1970	0	31
2026.04.16	16:35:00	4821.70	4823.78	4817.31	4821.65	1993	0	31
2026.04.16	16:40:00	4821.64	4823.72	4813.30	4816.17	1933	0	31
2026.04.16	16:45:00	4816.18	4819.60	4809.61	4814.04	1969	0	31
2026.04.16	16:50:00	4814.01	4815.59	4790.15	4794.37	2067	0	31
2026.04.16	16:55:00	4794.20	4798.42	4784.99	4794.77	2134	0	31
2026.04.16	17:00:00	4794.77	4798.07	4787.93	4792.30	2104	0	31
2026.04.16	17:05:00	4792.29	4800.20	4785.16	4799.54	2088	0	31
2026.04.16	17:10:00	4799.60	4805.31	4798.83	4800.71	1946	0	31
2026.04.16	17:15:00	4800.77	4802.87	4793.79	4794.59	1985	0	31
2026.04.16	17:20:00	4794.57	4797.35	4790.91	4795.74	1978	0	31
2026.04.16	17:25:00	4795.65	4799.40	4793.64	4799.06	1834	0	31
2026.04.16	17:30:00	4799.08	4800.71	4793.59	4796.46	1901	0	31
2026.04.16	17:35:00	4796.39	4797.28	4789.97	4789.97	1886	0	31
2026.04.16	17:40:00	4790.05	4790.33	4773.06	4787.75	2026	0	31
2026.04.16	17:45:00	4787.48	4792.00	4785.72	4790.83	1970	0	31
2026.04.16	17:50:00	4790.69	4793.45	4786.99	4791.44	1922	0	31
2026.04.16	17:55:00	4791.43	4791.43	4785.48	4788.67	1881	0	31
2026.04.16	18:00:00	4788.67	4801.89	4788.18	4800.70	1891	0	31
2026.04.16	18:05:00	4800.74	4811.54	4799.13	4808.41	1893	0	31
2026.04.16	18:10:00	4808.42	4812.95	4805.76	4806.58	1748	0	31
2026.04.16	18:15:00	4806.58	4809.52	4802.80	4803.43	1704	0	31
2026.04.16	18:20:00	4803.49	4806.62	4803.01	4804.34	1622	0	31
2026.04.16	18:25:00	4804.36	4807.24	4801.49	4801.49	1641	0	31
2026.04.16	18:30:00	4801.51	4805.78	4800.05	4801.08	1791	0	31
2026.04.16	18:35:00	4801.07	4810.99	4798.07	4806.61	2002	0	31
2026.04.16	18:40:00	4806.62	4807.41	4800.29	4802.82	1816	0	31
2026.04.16	18:45:00	4802.78	4806.90	4800.81	4803.33	1692	0	31
2026.04.16	18:50:00	4803.43	4807.14	4803.28	4804.93	1496	0	31
2026.04.16	18:55:00	4804.95	4808.38	4803.88	4807.00	1483	0	31
2026.04.16	19:00:00	4807.01	4809.95	4805.92	4808.42	1502	0	31
2026.04.16	19:05:00	4808.43	4808.68	4805.87	4805.93	1417	0	31
2026.04.16	19:10:00	4805.91	4807.26	4803.34	4804.89	1463	0	31
2026.04.16	19:15:00	4804.89	4805.83	4802.38	4804.17	1414	0	31
2026.04.16	19:20:00	4804.20	4804.40	4797.83	4798.38	1396	0	31
2026.04.16	19:25:00	4798.38	4800.60	4796.70	4799.16	1380	0	31
2026.04.16	19:30:00	4799.16	4799.85	4786.46	4792.17	1697	0	31
2026.04.16	19:35:00	4792.28	4797.27	4791.31	4796.11	1888	0	31
2026.04.16	19:40:00	4796.29	4796.32	4788.27	4790.18	1823	0	31
2026.04.16	19:45:00	4790.15	4790.61	4785.13	4787.69	1807	0	31
2026.04.16	19:50:00	4787.75	4793.32	4787.16	4789.88	1733	0	31
2026.04.16	19:55:00	4789.91	4793.63	4789.80	4791.94	1500	0	31
2026.04.16	20:00:00	4791.99	4794.99	4789.94	4792.14	1701	0	31
2026.04.16	20:05:00	4792.12	4794.91	4790.84	4794.49	1618	0	31
2026.04.16	20:10:00	4794.48	4795.32	4789.75	4791.35	1659	0	31
2026.04.16	20:15:00	4791.37	4792.05	4788.65	4790.70	1738	0	31
2026.04.16	20:20:00	4790.86	4793.44	4789.59	4792.74	1614	0	31
2026.04.16	20:25:00	4792.75	4793.96	4784.77	4785.09	1689	0	31
2026.04.16	20:30:00	4785.17	4789.40	4783.72	4784.11	1636	0	31
2026.04.16	20:35:00	4784.19	4786.40	4781.29	4782.26	1697	0	31
2026.04.16	20:40:00	4782.29	4787.46	4781.93	4787.02	1492	0	31
2026.04.16	20:45:00	4787.00	4788.95	4784.71	4788.69	1461	0	31
2026.04.16	20:50:00	4788.68	4789.02	4786.48	4786.97	1440	0	31
2026.04.16	20:55:00	4786.98	4790.68	4782.57	4789.26	1850	0	31
2026.04.16	21:00:00	4789.26	4794.11	4785.76	4790.32	1975	0	31
2026.04.16	21:05:00	4790.59	4793.63	4789.17	4789.71	1760	0	31
2026.04.16	21:10:00	4789.71	4790.38	4787.58	4790.11	1699	0	31
2026.04.16	21:15:00	4790.10	4791.15	4788.44	4790.06	1650	0	31
2026.04.16	21:20:00	4790.10	4792.97	4789.41	4790.21	1562	0	31
2026.04.16	21:25:00	4790.19	4791.38	4786.75	4787.06	1670	0	31
2026.04.16	21:30:00	4787.13	4790.00	4786.64	4788.80	1572	0	31
2026.04.16	21:35:00	4788.78	4789.98	4787.72	4789.46	1449	0	30
2026.04.16	21:40:00	4789.47	4791.35	4788.55	4790.35	1268	0	30
2026.04.16	21:45:00	4790.36	4791.38	4788.93	4790.09	1233	0	30
2026.04.16	21:50:00	4790.10	4792.63	4788.64	4790.21	1320	0	30
2026.04.16	21:55:00	4790.21	4790.72	4788.17	4789.64	1359	0	30
2026.04.16	22:00:00	4789.61	4795.09	4789.61	4792.64	1416	0	30
2026.04.16	22:05:00	4792.68	4794.28	4791.53	4793.43	1421	0	30
2026.04.16	22:10:00	4793.44	4793.76	4789.58	4790.08	1315	0	30
2026.04.16	22:15:00	4790.09	4793.62	4790.07	4793.06	1375	0	30
2026.04.16	22:20:00	4793.06	4793.89	4791.39	4792.67	1205	0	30
2026.04.16	22:25:00	4792.67	4792.79	4790.65	4790.70	1223	0	30
2026.04.16	22:30:00	4790.74	4793.79	4790.72	4791.88	1323	0	30
2026.04.16	22:35:00	4791.87	4793.58	4790.68	4793.56	1226	0	30
2026.04.16	22:40:00	4793.56	4797.86	4793.25	4797.56	1294	0	30
2026.04.16	22:45:00	4797.79	4798.59	4793.71	4794.05	1284	0	30
2026.04.16	22:50:00	4794.07	4795.04	4792.45	4794.44	1410	0	30
2026.04.16	22:55:00	4794.66	4795.85	4792.55	4793.64	1476	0	30
2026.04.16	23:00:00	4793.45	4793.77	4791.91	4792.36	918	0	30
2026.04.16	23:05:00	4792.39	4792.39	4789.98	4790.82	807	0	30
2026.04.16	23:10:00	4790.82	4791.40	4790.13	4790.49	591	0	30
2026.04.16	23:15:00	4790.44	4791.66	4790.17	4791.40	484	0	30
2026.04.16	23:20:00	4791.40	4791.46	4788.47	4788.67	608	0	30
2026.04.16	23:25:00	4788.67	4789.52	4788.34	4788.92	516	0	30
2026.04.16	23:30:00	4788.93	4789.66	4786.38	4786.76	546	0	30
2026.04.16	23:35:00	4786.77	4790.38	4786.72	4789.49	576	0	30
2026.04.16	23:40:00	4789.48	4789.53	4788.20	4788.65	506	0	30
2026.04.16	23:45:00	4788.68	4790.62	4788.68	4790.30	650	0	30
2026.04.16	23:50:00	4790.31	4790.35	4787.82	4789.36	601	0	30
2026.04.16	23:55:00	4789.34	4790.05	4788.85	4790.00	226	0	30
2026.04.17	01:00:00	4791.94	4796.39	4791.44	4794.53	1224	0	30
2026.04.17	01:05:00	4795.26	4797.87	4794.31	4796.39	885	0	30
2026.04.17	01:10:00	4796.41	4796.84	4794.87	4795.24	814	0	30
2026.04.17	01:15:00	4795.26	4796.08	4792.58	4792.75	859	0	30
2026.04.17	01:20:00	4792.73	4793.70	4792.51	4793.63	450	0	30
2026.04.17	01:25:00	4793.58	4795.34	4793.56	4793.95	613	0	30
2026.04.17	01:30:00	4793.96	4795.20	4790.83	4794.88	805	0	30
2026.04.17	01:35:00	4794.86	4796.20	4793.80	4793.91	865	0	30
2026.04.17	01:40:00	4793.92	4796.06	4793.62	4795.38	658	0	30
2026.04.17	01:45:00	4795.39	4796.81	4794.66	4795.39	621	0	30
2026.04.17	01:50:00	4795.39	4796.72	4794.91	4796.04	600	0	30
2026.04.17	01:55:00	4796.03	4796.80	4795.28	4795.29	647	0	30
2026.04.17	02:00:00	4794.91	4794.91	4792.72	4793.96	743	0	30
2026.04.17	02:05:00	4793.94	4795.51	4793.43	4793.87	787	0	30
2026.04.17	02:10:00	4793.87	4794.45	4792.39	4793.06	668	0	30
2026.04.17	02:15:00	4793.05	4796.64	4792.46	4796.52	622	0	30
2026.04.17	02:20:00	4796.51	4797.86	4795.48	4796.50	806	0	30
2026.04.17	02:25:00	4796.52	4796.91	4793.93	4794.37	686	0	30
2026.04.17	02:30:00	4794.38	4795.74	4792.34	4794.88	801	0	30
2026.04.17	02:35:00	4794.88	4795.91	4794.59	4794.94	566	0	30
2026.04.17	02:40:00	4794.95	4796.16	4794.73	4795.74	528	0	30
2026.04.17	02:45:00	4795.68	4796.65	4793.17	4794.03	875	0	30
2026.04.17	02:50:00	4793.97	4795.79	4793.44	4793.82	746	0	30
2026.04.17	02:55:00	4793.79	4794.52	4791.71	4791.71	906	0	30
2026.04.17	03:00:00	4791.58	4791.60	4787.78	4788.37	1147	0	30
2026.04.17	03:05:00	4788.36	4791.02	4785.91	4790.45	1201	0	30
2026.04.17	03:10:00	4790.46	4791.74	4787.63	4790.29	1138	0	30
2026.04.17	03:15:00	4790.16	4792.15	4787.52	4791.27	1074	0	30
2026.04.17	03:20:00	4791.27	4791.78	4789.50	4789.60	1085	0	30
2026.04.17	03:25:00	4789.60	4792.85	4789.31	4792.81	1021	0	30
2026.04.17	03:30:00	4792.81	4798.18	4792.44	4796.34	1163	0	30
2026.04.17	03:35:00	4796.31	4797.17	4794.92	4796.23	983	0	30
2026.04.17	03:40:00	4796.22	4798.52	4794.68	4798.52	876	0	30
2026.04.17	03:45:00	4798.51	4801.12	4798.09	4799.23	839	0	30
2026.04.17	03:50:00	4799.21	4799.23	4794.63	4795.06	943	0	30
2026.04.17	03:55:00	4795.08	4795.87	4793.82	4794.79	1024	0	30
2026.04.17	04:00:00	4794.79	4795.35	4786.89	4789.42	1694	0	30
2026.04.17	04:05:00	4788.95	4790.90	4783.16	4783.34	1521	0	30
2026.04.17	04:10:00	4783.32	4784.86	4769.27	4778.89	1831	0	30
2026.04.17	04:15:00	4778.88	4785.06	4778.50	4782.56	1591	0	30
2026.04.17	04:20:00	4782.56	4783.54	4771.65	4774.30	1632	0	30
2026.04.17	04:25:00	4774.41	4776.96	4767.80	4768.79	1687	0	30
2026.04.17	04:30:00	4768.79	4776.25	4767.73	4774.17	1663	0	30
2026.04.17	04:35:00	4774.13	4777.77	4773.75	4773.80	1473	0	30
2026.04.17	04:40:00	4773.82	4777.76	4772.07	4777.69	1510	0	30
2026.04.17	04:45:00	4777.72	4779.48	4775.39	4778.54	1325	0	30
2026.04.17	04:50:00	4778.56	4786.92	4777.94	4786.49	1461	0	30
2026.04.17	04:55:00	4786.44	4791.33	4786.30	4789.43	1388	0	30
2026.04.17	05:00:00	4789.40	4792.52	4788.40	4792.02	1348	0	30
2026.04.17	05:05:00	4792.02	4794.27	4789.42	4789.83	1390	0	30
2026.04.17	05:10:00	4789.86	4791.40	4788.24	4791.32	1173	0	30
2026.04.17	05:15:00	4791.33	4791.91	4788.31	4789.33	758	0	30
2026.04.17	05:20:00	4789.36	4791.79	4788.30	4789.74	829	0	30
2026.04.17	05:25:00	4789.74	4791.27	4788.84	4788.98	873	0	30
2026.04.17	05:30:00	4789.04	4793.20	4788.41	4791.58	1217	0	30
2026.04.17	05:35:00	4791.58	4794.62	4790.51	4792.97	1241	0	30
2026.04.17	05:40:00	4792.97	4794.62	4791.28	4791.36	1107	0	30
2026.04.17	05:45:00	4791.40	4793.32	4789.57	4789.58	1087	0	30
2026.04.17	05:50:00	4789.56	4789.88	4788.18	4788.20	822	0	30
2026.04.17	05:55:00	4788.19	4788.87	4784.47	4784.67	1180	0	30
2026.04.17	06:00:00	4784.61	4791.96	4784.59	4791.80	1360	0	30
2026.04.17	06:05:00	4791.80	4797.57	4791.78	4795.69	1439	0	30
2026.04.17	06:10:00	4795.67	4796.59	4792.58	4795.91	1191	0	30
2026.04.17	06:15:00	4795.89	4797.89	4794.38	4797.07	1248	0	30
2026.04.17	06:20:00	4797.07	4797.47	4794.65	4795.77	1111	0	30
2026.04.17	06:25:00	4795.74	4795.88	4792.85	4794.03	1070	0	30
2026.04.17	06:30:00	4794.02	4794.98	4792.87	4794.01	756	0	30
2026.04.17	06:35:00	4794.06	4794.27	4791.90	4792.88	622	0	30
2026.04.17	06:40:00	4792.88	4795.00	4792.31	4794.23	748	0	30
2026.04.17	06:45:00	4794.23	4796.27	4794.14	4796.09	706	0	30
2026.04.17	06:50:00	4796.09	4796.65	4794.09	4794.16	666	0	30
2026.04.17	06:55:00	4794.17	4794.27	4792.76	4793.27	559	0	30
2026.04.17	07:00:00	4793.26	4794.34	4792.55	4794.23	584	0	30
2026.04.17	07:05:00	4794.22	4795.28	4793.30	4793.86	753	0	30
2026.04.17	07:10:00	4793.86	4796.21	4793.73	4795.29	605	0	30
2026.04.17	07:15:00	4795.29	4796.08	4793.58	4795.66	783	0	30
2026.04.17	07:20:00	4795.65	4795.81	4793.82	4795.22	654	0	30
2026.04.17	07:25:00	4795.22	4796.02	4794.28	4795.92	506	0	30
2026.04.17	07:30:00	4795.89	4797.38	4795.23	4796.98	645	0	30
2026.04.17	07:35:00	4796.98	4799.42	4796.98	4799.33	692	0	30
2026.04.17	07:40:00	4799.36	4801.27	4798.92	4800.97	683	0	30
2026.04.17	07:45:00	4800.98	4801.23	4798.53	4798.72	643	0	30
2026.04.17	07:50:00	4798.72	4801.02	4798.53	4799.30	719	0	30
2026.04.17	07:55:00	4799.25	4804.47	4798.73	4803.15	794	0	30
2026.04.17	08:00:00	4803.01	4805.38	4800.31	4801.11	1204	0	30
2026.04.17	08:05:00	4801.12	4805.45	4799.77	4804.52	1079	0	30
2026.04.17	08:10:00	4804.53	4806.17	4803.97	4804.85	922	0	30
2026.04.17	08:15:00	4804.85	4805.00	4801.42	4803.47	815	0	30
2026.04.17	08:20:00	4803.48	4805.17	4802.47	4804.71	786	0	30
2026.04.17	08:25:00	4804.72	4805.07	4802.83	4803.57	688	0	30
2026.04.17	08:30:00	4803.49	4805.31	4797.88	4798.35	1425	0	30
2026.04.17	08:35:00	4798.35	4802.91	4798.03	4799.38	1248	0	30
2026.04.17	08:40:00	4799.39	4801.11	4795.64	4796.36	1232	0	30
2026.04.17	08:45:00	4796.34	4798.29	4794.67	4797.39	1325	0	30
2026.04.17	08:50:00	4797.34	4800.48	4796.56	4797.04	1245	0	30
2026.04.17	08:55:00	4797.05	4798.11	4793.75	4794.23	1340	0	30
2026.04.17	09:00:00	4794.24	4794.46	4789.87	4793.54	1486	0	30
2026.04.17	09:05:00	4793.55	4795.22	4789.93	4790.42	1326	0	30
2026.04.17	09:10:00	4790.43	4791.19	4786.78	4787.62	1464	0	30
2026.04.17	09:15:00	4787.63	4789.78	4784.94	4785.70	1310	0	30
2026.04.17	09:20:00	4785.68	4788.18	4784.28	4787.49	1279	0	30
2026.04.17	09:25:00	4787.50	4788.48	4783.35	4783.77	1214	0	30
2026.04.17	09:30:00	4783.74	4785.78	4781.38	4782.72	1405	0	30
2026.04.17	09:35:00	4782.74	4786.47	4779.28	4785.73	1479	0	30
2026.04.17	09:40:00	4785.72	4787.09	4784.57	4785.49	1107	0	30
2026.04.17	09:45:00	4785.48	4786.54	4783.90	4785.58	1041	0	30
2026.04.17	09:50:00	4785.59	4787.13	4783.92	4784.79	1187	0	30
2026.04.17	09:55:00	4784.75	4787.10	4784.21	4784.94	1143	0	30
2026.04.17	10:00:00	4785.00	4788.92	4784.15	4788.92	1124	0	30
2026.04.17	10:05:00	4788.90	4790.99	4787.39	4789.50	1195	0	30
2026.04.17	10:10:00	4789.50	4789.72	4786.74	4787.12	980	0	30
2026.04.17	10:15:00	4787.09	4789.67	4784.72	4789.11	960	0	30
2026.04.17	10:20:00	4789.19	4789.93	4785.26	4788.85	1060	0	30
2026.04.17	10:25:00	4788.84	4792.95	4788.82	4791.55	1013	0	30
2026.04.17	10:30:00	4791.55	4794.70	4790.37	4794.41	1032	0	30
2026.04.17	10:35:00	4794.46	4794.46	4785.95	4786.66	1064	0	30
2026.04.17	10:40:00	4786.66	4787.65	4782.48	4785.88	1124	0	30
2026.04.17	10:45:00	4785.95	4786.20	4780.07	4780.07	1143	0	30
2026.04.17	10:50:00	4780.09	4785.77	4778.75	4785.30	1252	0	30
2026.04.17	10:55:00	4785.28	4785.38	4783.17	4784.25	1117	0	30
2026.04.17	11:00:00	4784.35	4790.46	4784.35	4790.43	1200	0	30
2026.04.17	11:05:00	4790.43	4791.01	4783.26	4784.29	1095	0	30
2026.04.17	11:10:00	4784.23	4785.31	4780.94	4783.63	1092	0	30
2026.04.17	11:15:00	4783.62	4785.41	4782.62	4785.34	978	0	30
2026.04.17	11:20:00	4785.36	4787.14	4783.05	4784.29	1024	0	30
2026.04.17	11:25:00	4784.21	4785.85	4783.18	4784.47	917	0	30
2026.04.17	11:30:00	4784.48	4788.31	4784.34	4786.27	849	0	30
2026.04.17	11:35:00	4786.26	4789.52	4785.65	4789.40	842	0	30
2026.04.17	11:40:00	4789.41	4796.79	4788.21	4796.79	1320	0	30
2026.04.17	11:45:00	4796.81	4796.92	4791.46	4793.61	1189	0	30
2026.04.17	11:50:00	4793.62	4794.97	4791.05	4793.48	1140	0	30
2026.04.17	11:55:00	4793.48	4796.39	4792.11	4795.89	1084	0	30
2026.04.17	12:00:00	4795.90	4800.88	4795.86	4799.16	1247	0	30
2026.04.17	12:05:00	4799.15	4799.18	4794.61	4796.05	1169	0	30
2026.04.17	12:10:00	4796.05	4796.11	4792.67	4793.04	916	0	30
2026.04.17	12:15:00	4793.04	4795.66	4792.00	4795.65	934	0	30
2026.04.17	12:20:00	4795.66	4798.28	4794.50	4794.52	1037	0	30
2026.04.17	12:25:00	4794.48	4798.37	4794.48	4795.78	1093	0	30
2026.04.17	12:30:00	4795.77	4797.10	4794.35	4797.02	1096	0	30
2026.04.17	12:35:00	4797.02	4799.14	4794.75	4795.33	993	0	30
2026.04.17	12:40:00	4795.33	4796.48	4794.07	4794.55	918	0	30
2026.04.17	12:45:00	4794.67	4795.18	4790.59	4791.97	1040	0	30
2026.04.17	12:50:00	4791.97	4792.90	4790.81	4791.77	976	0	30
2026.04.17	12:55:00	4791.78	4792.58	4789.94	4790.34	865	0	30
2026.04.17	13:00:00	4790.34	4792.01	4788.98	4791.12	1117	0	30
2026.04.17	13:05:00	4791.14	4791.49	4788.81	4789.00	923	0	30
2026.04.17	13:10:00	4789.02	4791.92	4787.08	4791.33	992	0	30
2026.04.17	13:15:00	4791.33	4793.93	4790.69	4791.40	901	0	30
2026.04.17	13:20:00	4791.41	4793.69	4790.95	4792.61	811	0	30
2026.04.17	13:25:00	4792.60	4792.78	4788.63	4789.56	863	0	30
2026.04.17	13:30:00	4789.56	4789.82	4786.26	4788.07	936	0	30
2026.04.17	13:35:00	4788.08	4789.17	4785.41	4785.62	855	0	30
2026.04.17	13:40:00	4785.59	4785.74	4782.40	4784.95	1008	0	30
2026.04.17	13:45:00	4784.95	4787.89	4784.28	4787.76	1014	0	30
2026.04.17	13:50:00	4787.80	4788.27	4782.31	4786.15	1107	0	30
2026.04.17	13:55:00	4786.15	4787.76	4784.11	4787.35	961	0	30
2026.04.17	14:00:00	4787.36	4789.71	4783.50	4785.14	1182	0	30
2026.04.17	14:05:00	4785.12	4787.21	4783.84	4787.21	910	0	30
2026.04.17	14:10:00	4787.21	4788.10	4785.45	4786.28	754	0	30
2026.04.17	14:15:00	4786.31	4787.09	4784.55	4785.79	795	0	30
2026.04.17	14:20:00	4785.53	4791.00	4785.00	4790.75	905	0	30
2026.04.17	14:25:00	4790.73	4793.33	4790.12	4792.84	1009	0	30
2026.04.17	14:30:00	4792.86	4793.82	4789.61	4793.26	1077	0	30
2026.04.17	14:35:00	4793.26	4794.40	4790.41	4792.57	985	0	30
2026.04.17	14:40:00	4792.56	4798.70	4792.31	4798.54	984	0	30
2026.04.17	14:45:00	4798.54	4811.67	4798.54	4805.70	1596	0	30
2026.04.17	14:50:00	4805.72	4806.80	4801.33	4801.38	1283	0	30
2026.04.17	14:55:00	4801.37	4801.65	4798.64	4799.12	1323	0	30
2026.04.17	15:00:00	4799.13	4805.73	4797.66	4804.05	1340	0	30
2026.04.17	15:05:00	4804.05	4805.32	4802.25	4804.06	1144	0	30
2026.04.17	15:10:00	4804.11	4804.68	4800.79	4803.87	1107	0	30
2026.04.17	15:15:00	4803.87	4805.86	4803.08	4805.76	1072	0	30
2026.04.17	15:20:00	4806.08	4812.26	4804.43	4812.21	1388	0	30
2026.04.17	15:25:00	4812.28	4819.56	4811.61	4816.80	1889	0	30
2026.04.17	15:30:00	4816.82	4822.07	4815.26	4817.76	1726	0	30
2026.04.17	15:35:00	4817.77	4823.39	4817.42	4822.53	1661	0	30
2026.04.17	15:40:00	4822.68	4825.01	4821.44	4823.36	1575	0	30
2026.04.17	15:45:00	4823.37	4842.56	4821.61	4836.41	2024	0	30
2026.04.17	15:50:00	4836.41	4845.21	4833.41	4842.99	2153	0	30
2026.04.17	15:55:00	4843.10	4847.66	4839.53	4846.40	2015	0	30
2026.04.17	16:00:00	4846.48	4847.23	4835.01	4844.28	2083	0	30
2026.04.17	16:05:00	4844.30	4863.31	4840.51	4862.73	2096	0	30
2026.04.17	16:10:00	4862.75	4889.41	4861.91	4883.20	2140	0	30
2026.04.17	16:15:00	4883.52	4883.80	4862.68	4864.15	2106	0	30
2026.04.17	16:20:00	4864.12	4864.33	4851.27	4861.47	2054	0	30
2026.04.17	16:25:00	4860.94	4864.01	4850.33	4851.53	2123	0	30
2026.04.17	16:30:00	4851.53	4857.07	4848.43	4855.59	2153	0	30
2026.04.17	16:35:00	4855.55	4869.04	4855.29	4867.51	2094	0	30
2026.04.17	16:40:00	4867.49	4873.42	4863.13	4864.39	2128	0	30
2026.04.17	16:45:00	4864.41	4867.61	4851.98	4865.29	2172	0	30
2026.04.17	16:50:00	4865.13	4878.97	4862.64	4877.24	2014	0	30
2026.04.17	16:55:00	4877.26	4882.05	4875.03	4880.28	2036	0	30
2026.04.17	17:00:00	4880.49	4885.41	4875.06	4875.69	2005	0	30
2026.04.17	17:05:00	4875.69	4877.60	4868.88	4872.11	1951	0	30
2026.04.17	17:10:00	4872.12	4872.43	4860.71	4867.00	1981	0	30
2026.04.17	17:15:00	4867.00	4873.81	4867.00	4870.59	1881	0	30
2026.04.17	17:20:00	4870.67	4879.49	4865.91	4878.58	1985	0	30
2026.04.17	17:25:00	4878.58	4880.37	4871.24	4871.41	1907	0	30
2026.04.17	17:30:00	4871.51	4877.97	4869.32	4877.60	1800	0	30
2026.04.17	17:35:00	4877.57	4880.30	4871.18	4875.59	1786	0	30
2026.04.17	17:40:00	4875.62	4883.04	4874.71	4877.31	1964	0	30
2026.04.17	17:45:00	4877.46	4881.22	4873.72	4880.25	1830	0	30
2026.04.17	17:50:00	4879.84	4879.84	4869.71	4876.43	1873	0	30
2026.04.17	17:55:00	4876.49	4877.69	4872.56	4873.04	1796	0	30
2026.04.17	18:00:00	4873.09	4873.59	4862.36	4868.04	1976	0	30
2026.04.17	18:05:00	4868.13	4880.46	4867.98	4872.70	1930	0	30
2026.04.17	18:10:00	4872.69	4873.22	4865.93	4867.48	1827	0	30
2026.04.17	18:15:00	4867.88	4874.56	4863.55	4865.10	1860	0	30
2026.04.17	18:20:00	4865.09	4873.11	4863.06	4870.19	1856	0	30
2026.04.17	18:25:00	4870.09	4871.16	4865.36	4866.04	1847	0	30
2026.04.17	18:30:00	4866.27	4874.00	4864.70	4873.91	1831	0	30
2026.04.17	18:35:00	4873.87	4873.87	4868.29	4869.69	1685	0	30
2026.04.17	18:40:00	4869.71	4870.36	4854.85	4858.58	1818	0	30
2026.04.17	18:45:00	4858.84	4864.35	4858.08	4863.78	1756	0	30
2026.04.17	18:50:00	4863.50	4870.07	4863.50	4869.15	1630	0	30
2026.04.17	18:55:00	4869.07	4871.80	4866.67	4867.40	1590	0	30
2026.04.17	19:00:00	4867.40	4870.48	4863.61	4867.32	1676	0	30
2026.04.17	19:05:00	4866.83	4873.33	4865.50	4871.36	1659	0	30
2026.04.17	19:10:00	4871.38	4873.12	4870.32	4871.44	1546	0	30
2026.04.17	19:15:00	4871.57	4873.27	4869.97	4870.74	1611	0	30
2026.04.17	19:20:00	4870.80	4872.95	4869.82	4870.42	1514	0	30
2026.04.17	19:25:00	4870.42	4871.28	4867.60	4867.64	1462	0	30
2026.04.17	19:30:00	4867.70	4871.74	4867.70	4871.31	1516	0	30
2026.04.17	19:35:00	4871.42	4872.89	4870.04	4871.48	1366	0	30
2026.04.17	19:40:00	4871.47	4872.46	4867.45	4868.30	1284	0	30
2026.04.17	19:45:00	4868.31	4868.89	4865.26	4866.16	1366	0	30
2026.04.17	19:50:00	4866.14	4867.60	4865.00	4866.27	1271	0	30
2026.04.17	19:55:00	4866.26	4867.51	4865.25	4866.94	1176	0	30
2026.04.17	20:00:00	4866.92	4869.38	4865.11	4866.64	1422	0	30
2026.04.17	20:05:00	4866.64	4868.42	4858.15	4861.42	1552	0	30
2026.04.17	20:10:00	4861.44	4864.11	4857.73	4862.72	1793	0	30
2026.04.17	20:15:00	4862.67	4864.97	4862.44	4863.15	1388	0	30
2026.04.17	20:20:00	4863.18	4863.69	4853.80	4854.15	1654	0	30
2026.04.17	20:25:00	4854.40	4859.13	4854.04	4858.51	1927	0	30
2026.04.17	20:30:00	4858.52	4862.99	4857.20	4861.67	1663	0	30
2026.04.17	20:35:00	4861.69	4862.12	4855.44	4857.41	1579	0	30
2026.04.17	20:40:00	4857.55	4858.53	4854.14	4854.99	1411	0	30
2026.04.17	20:45:00	4854.87	4861.07	4854.87	4860.30	1457	0	30
2026.04.17	20:50:00	4860.28	4862.74	4859.82	4861.66	1214	0	30
2026.04.17	20:55:00	4861.68	4863.38	4860.95	4862.50	1348	0	30
2026.04.17	21:00:00	4862.50	4864.67	4861.75	4862.28	1464	0	30
2026.04.17	21:05:00	4862.20	4866.33	4861.98	4863.44	1469	0	30
2026.04.17	21:10:00	4863.31	4863.79	4860.29	4861.10	1530	0	30
2026.04.17	21:15:00	4861.08	4864.29	4860.90	4861.71	1283	0	30
2026.04.17	21:20:00	4861.68	4865.93	4858.84	4865.01	1568	0	30
2026.04.17	21:25:00	4865.05	4867.95	4860.62	4860.65	1700	0	30
2026.04.17	21:30:00	4860.64	4866.69	4860.38	4865.77	1478	0	30
2026.04.17	21:35:00	4865.85	4866.06	4862.03	4863.06	1321	0	30
2026.04.17	21:40:00	4863.02	4863.48	4860.41	4862.39	1516	0	30
2026.04.17	21:45:00	4862.28	4863.11	4860.05	4860.67	1438	0	30
2026.04.17	21:50:00	4860.67	4861.22	4855.92	4856.74	1496	0	30
2026.04.17	21:55:00	4856.73	4859.68	4856.12	4858.21	1297	0	30
2026.04.17	22:00:00	4858.14	4858.80	4855.63	4858.17	1350	0	30
2026.04.17	22:05:00	4858.20	4858.23	4854.52	4854.81	1264	0	30
2026.04.17	22:10:00	4854.80	4857.28	4853.85	4856.53	1272	0	30
2026.04.17	22:15:00	4856.51	4858.01	4855.55	4855.67	1315	0	30
2026.04.17	22:20:00	4855.81	4857.58	4854.18	4855.33	1322	0	30
2026.04.17	22:25:00	4855.34	4856.86	4854.55	4856.86	1173	0	30
2026.04.17	22:30:00	4856.85	4858.57	4855.89	4857.73	1305	0	30
2026.04.17	22:35:00	4857.76	4860.75	4856.06	4859.87	1515	0	30
2026.04.17	22:40:00	4859.88	4861.17	4858.20	4860.30	1386	0	30
2026.04.17	22:45:00	4860.26	4860.26	4857.55	4858.63	1473	0	30
2026.04.17	22:50:00	4858.87	4859.25	4854.57	4855.00	1517	0	30
2026.04.17	22:55:00	4855.06	4855.19	4852.75	4854.47	1661	0	30
2026.04.17	23:00:00	4854.50	4855.20	4849.86	4850.12	1344	0	30
2026.04.17	23:05:00	4850.09	4851.01	4846.02	4847.29	1230	0	30
2026.04.17	23:10:00	4847.35	4847.81	4844.64	4845.91	1090	0	30
2026.04.17	23:15:00	4845.92	4851.91	4845.06	4851.48	1094	0	30
2026.04.17	23:20:00	4851.48	4851.56	4848.33	4848.51	1080	0	30
2026.04.17	23:25:00	4848.51	4848.57	4844.64	4845.91	1022	0	30
2026.04.17	23:30:00	4845.91	4847.00	4844.67	4846.39	971	0	30
2026.04.17	23:35:00	4846.39	4846.45	4840.52	4841.94	1267	0	30
2026.04.17	23:40:00	4841.98	4842.25	4834.15	4835.71	1338	0	30
2026.04.17	23:45:00	4835.58	4837.47	4833.16	4833.53	1249	0	30
2026.04.17	23:50:00	4833.35	4835.68	4831.45	4834.42	1344	0	30
2026.04.17	23:55:00	4834.44	4834.63	4830.61	4832.43	456	0	30
2026.04.20	01:00:00	4775.56	4790.26	4759.56	4774.21	1869	0	30
2026.04.20	01:05:00	4774.78	4788.25	4771.37	4788.03	1754	0	30
2026.04.20	01:10:00	4793.08	4794.82	4782.29	4790.33	1576	0	30
2026.04.20	01:15:00	4790.28	4795.01	4788.64	4791.66	1222	0	30
2026.04.20	01:20:00	4791.65	4793.74	4783.94	4784.37	1408	0	30
2026.04.20	01:25:00	4784.38	4788.90	4783.95	4785.11	1240	0	30
2026.04.20	01:30:00	4785.09	4790.72	4784.49	4785.59	1272	0	30
2026.04.20	01:35:00	4785.60	4787.08	4783.01	4784.17	1178	0	30
2026.04.20	01:40:00	4784.18	4784.54	4779.28	4780.47	1067	0	30
2026.04.20	01:45:00	4780.46	4785.61	4780.24	4785.39	997	0	30
2026.04.20	01:50:00	4785.39	4786.69	4782.15	4782.15	1013	0	30
2026.04.20	01:55:00	4782.14	4783.12	4777.94	4779.21	1031	0	30
2026.04.20	02:00:00	4779.22	4779.40	4772.73	4776.01	1270	0	30
2026.04.20	02:05:00	4776.03	4777.01	4771.93	4775.64	1148	0	30
2026.04.20	02:10:00	4775.67	4778.92	4772.15	4772.43	1200	0	30
2026.04.20	02:15:00	4772.44	4775.83	4770.74	4772.93	1154	0	30
2026.04.20	02:20:00	4772.93	4772.93	4768.71	4770.62	1037	0	30
2026.04.20	02:25:00	4770.62	4771.96	4768.01	4769.05	1023	0	30
2026.04.20	02:30:00	4769.04	4773.37	4767.97	4771.34	1237	0	30
2026.04.20	02:35:00	4771.40	4771.40	4759.16	4763.98	1504	0	30
2026.04.20	02:40:00	4763.95	4764.14	4745.81	4751.69	1680	0	30
2026.04.20	02:45:00	4752.01	4752.01	4737.03	4743.83	1913	0	30
2026.04.20	02:50:00	4743.89	4752.59	4743.70	4752.49	1559	0	30
2026.04.20	02:55:00	4752.49	4755.34	4749.93	4755.12	1249	0	30
2026.04.20	03:00:00	4755.17	4755.17	4744.97	4749.60	1760	0	30
2026.04.20	03:05:00	4749.79	4754.11	4746.83	4752.33	1608	0	30
2026.04.20	03:10:00	4752.37	4755.21	4749.38	4752.14	1462	0	30
2026.04.20	03:15:00	4752.16	4759.03	4751.75	4758.21	1622	0	30
2026.04.20	03:20:00	4758.17	4762.78	4756.69	4762.54	1486	0	30
2026.04.20	03:25:00	4762.54	4765.77	4761.90	4765.28	1257	0	30
2026.04.20	03:30:00	4765.25	4767.95	4761.85	4765.97	1296	0	30
2026.04.20	03:35:00	4765.90	4766.22	4761.01	4764.95	1313	0	30
2026.04.20	03:40:00	4764.96	4765.76	4763.60	4764.22	993	0	30
2026.04.20	03:45:00	4764.23	4768.05	4762.67	4764.36	1062	0	30
2026.04.20	03:50:00	4764.37	4765.04	4759.51	4763.52	1318	0	30
2026.04.20	03:55:00	4763.60	4774.34	4761.50	4772.41	1406	0	30
2026.04.20	04:00:00	4772.34	4788.58	4771.29	4787.68	2037	0	30
2026.04.20	04:05:00	4787.68	4789.28	4781.33	4788.30	1725	0	30
2026.04.20	04:10:00	4788.30	4794.47	4786.34	4793.76	1796	0	30
2026.04.20	04:15:00	4793.74	4794.91	4788.67	4792.63	1681	0	30
2026.04.20	04:20:00	4792.58	4798.42	4791.92	4797.29	1631	0	30
2026.04.20	04:25:00	4797.30	4803.73	4795.99	4802.59	1507	0	30
2026.04.20	04:30:00	4802.83	4812.02	4801.36	4807.81	1732	0	30
2026.04.20	04:35:00	4807.83	4809.94	4803.18	4808.14	1581	0	30
2026.04.20	04:40:00	4808.01	4810.20	4805.79	4806.93	1495	0	30
2026.04.20	04:45:00	4806.44	4813.19	4805.92	4810.39	1411	0	30
2026.04.20	04:50:00	4810.30	4814.29	4808.27	4812.93	1285	0	30
2026.04.20	04:55:00	4812.98	4813.55	4807.47	4807.77	1361	0	30
2026.04.20	05:00:00	4807.77	4809.00	4803.97	4804.32	1529	0	30
2026.04.20	05:05:00	4804.33	4805.75	4802.87	4803.05	1438	0	30
2026.04.20	05:10:00	4803.03	4804.75	4800.72	4800.97	1478	0	30
2026.04.20	05:15:00	4800.94	4802.40	4799.75	4800.94	992	0	30
2026.04.20	05:20:00	4800.94	4803.85	4798.40	4803.19	1141	0	30
2026.04.20	05:25:00	4803.20	4803.44	4798.80	4800.27	1003	0	30
2026.04.20	05:30:00	4800.26	4801.94	4798.34	4801.35	1394	0	30
2026.04.20	05:35:00	4801.68	4801.96	4795.84	4796.82	1402	0	30
2026.04.20	05:40:00	4796.86	4798.06	4794.83	4796.20	1387	0	30
2026.04.20	05:45:00	4796.22	4797.33	4793.16	4795.23	1305	0	30
2026.04.20	05:50:00	4795.23	4797.32	4793.38	4795.71	1139	0	30
2026.04.20	05:55:00	4795.68	4797.40	4793.11	4797.22	1301	0	30
2026.04.20	06:00:00	4797.14	4798.26	4794.24	4795.06	1362	0	30
2026.04.20	06:05:00	4795.06	4797.73	4793.71	4793.71	1193	0	30
2026.04.20	06:10:00	4793.65	4793.67	4790.39	4791.52	1334	0	30
2026.04.20	06:15:00	4791.52	4792.75	4788.72	4791.82	1214	0	30
2026.04.20	06:20:00	4791.80	4795.12	4791.78	4794.95	1112	0	30
2026.04.20	06:25:00	4794.95	4795.83	4793.23	4795.07	1115	0	30
2026.04.20	06:30:00	4795.09	4796.62	4789.94	4792.24	999	0	30
2026.04.20	06:35:00	4792.24	4794.54	4790.68	4793.97	804	0	30
2026.04.20	06:40:00	4794.08	4795.11	4792.02	4793.38	657	0	30
2026.04.20	06:45:00	4793.43	4793.55	4791.46	4792.16	734	0	30
2026.04.20	06:50:00	4792.16	4794.62	4790.80	4791.37	749	0	30
2026.04.20	06:55:00	4791.38	4791.97	4789.08	4790.82	771	0	30
2026.04.20	07:00:00	4790.89	4793.71	4790.89	4793.37	678	0	30
2026.04.20	07:05:00	4793.46	4795.68	4792.45	4794.49	815	0	30
2026.04.20	07:10:00	4794.49	4795.09	4792.30	4792.81	690	0	30
2026.04.20	07:15:00	4792.84	4794.71	4791.73	4793.16	790	0	30
2026.04.20	07:20:00	4793.14	4794.02	4791.65	4793.93	704	0	30
2026.04.20	07:25:00	4793.92	4795.72	4792.89	4794.64	590	0	30
2026.04.20	07:30:00	4794.64	4794.70	4788.20	4789.12	893	0	30
2026.04.20	07:35:00	4789.12	4790.81	4788.26	4790.63	817	0	30
2026.04.20	07:40:00	4790.65	4791.39	4787.22	4787.43	814	0	30
2026.04.20	07:45:00	4787.44	4793.23	4787.34	4792.91	945	0	30
2026.04.20	07:50:00	4792.76	4793.11	4788.59	4788.76	947	0	30
2026.04.20	07:55:00	4788.76	4789.78	4787.60	4788.89	661	0	30
2026.04.20	08:00:00	4788.90	4792.87	4787.37	4790.01	1032	0	30
2026.04.20	08:05:00	4790.00	4791.25	4786.43	4787.03	999	0	30
2026.04.20	08:10:00	4787.03	4788.62	4784.39	4786.45	1065	0	30
2026.04.20	08:15:00	4786.45	4789.45	4786.41	4787.73	851	0	30
2026.04.20	08:20:00	4787.74	4788.65	4786.29	4787.32	910	0	30
2026.04.20	08:25:00	4787.32	4788.88	4785.14	4787.87	1142	0	30
2026.04.20	08:30:00	4787.73	4795.98	4787.63	4794.45	1773	0	30
2026.04.20	08:35:00	4794.46	4795.73	4792.06	4792.55	1448	0	30
2026.04.20	08:40:00	4792.56	4794.16	4779.54	4780.78	1643	0	30
2026.04.20	08:45:00	4780.82	4785.93	4780.79	4785.77	1490	0	30
2026.04.20	08:50:00	4785.76	4791.53	4782.72	4790.68	1523	0	30
2026.04.20	08:55:00	4790.70	4793.21	4789.54	4790.80	1347	0	30
2026.04.20	09:00:00	4790.82	4793.94	4785.54	4790.46	1592	0	30
2026.04.20	09:05:00	4790.52	4791.97	4788.50	4791.63	1387	0	30
2026.04.20	09:10:00	4791.64	4793.84	4789.56	4790.69	1392	0	30
2026.04.20	09:15:00	4790.69	4790.74	4787.04	4787.39	1305	0	30
2026.04.20	09:20:00	4787.36	4788.36	4783.84	4787.25	1447	0	30
2026.04.20	09:25:00	4787.25	4788.01	4783.97	4786.07	1262	0	30
2026.04.20	09:30:00	4786.12	4792.04	4785.52	4787.21	1480	0	30
2026.04.20	09:35:00	4787.21	4790.45	4786.29	4790.39	1312	0	30
2026.04.20	09:40:00	4790.36	4790.97	4787.20	4790.05	1231	0	30
2026.04.20	09:45:00	4790.06	4790.11	4785.89	4787.43	1280	0	30
2026.04.20	09:50:00	4787.44	4788.89	4785.40	4787.01	1291	0	30
2026.04.20	09:55:00	4786.95	4795.38	4786.47	4795.37	1655	0	30
2026.04.20	10:00:00	4795.52	4801.59	4794.72	4797.72	1662	0	30
2026.04.20	10:05:00	4797.63	4798.73	4794.03	4795.86	1431	0	30
2026.04.20	10:10:00	4795.98	4797.66	4793.92	4797.47	1256	0	30
2026.04.20	10:15:00	4797.48	4803.98	4794.20	4802.71	1358	0	30
2026.04.20	10:20:00	4802.69	4805.72	4801.32	4801.77	1395	0	30
2026.04.20	10:25:00	4801.77	4801.98	4796.68	4797.81	1355	0	30
2026.04.20	10:30:00	4797.82	4798.64	4790.58	4794.44	1569	0	30
2026.04.20	10:35:00	4794.38	4796.35	4790.11	4796.33	1422	0	30
2026.04.20	10:40:00	4796.27	4798.70	4794.81	4797.57	1161	0	30
2026.04.20	10:45:00	4797.55	4797.57	4792.45	4792.62	1238	0	30
2026.04.20	10:50:00	4792.61	4793.93	4788.17	4788.29	1341	0	30
2026.04.20	10:55:00	4788.23	4791.07	4786.91	4789.63	1414	0	30
2026.04.20	11:00:00	4789.64	4790.98	4786.03	4788.68	1400	0	30
2026.04.20	11:05:00	4788.70	4791.25	4786.86	4788.33	1424	0	30
2026.04.20	11:10:00	4788.36	4791.75	4787.77	4789.10	1330	0	30
2026.04.20	11:15:00	4789.06	4789.27	4786.39	4788.63	1234	0	30
2026.04.20	11:20:00	4788.64	4791.35	4787.06	4788.83	1330	0	30
2026.04.20	11:25:00	4788.71	4792.43	4788.45	4791.96	1182	0	30
2026.04.20	11:30:00	4791.98	4792.48	4788.87	4790.11	1219	0	30
2026.04.20	11:35:00	4790.11	4790.71	4788.63	4789.60	1073	0	30
2026.04.20	11:40:00	4789.58	4792.49	4788.90	4792.36	997	0	30
2026.04.20	11:45:00	4792.36	4795.10	4792.12	4794.41	1109	0	30
2026.04.20	11:50:00	4794.41	4796.16	4793.15	4793.73	1090	0	30
2026.04.20	11:55:00	4793.73	4796.19	4792.48	4796.19	1295	0	30
2026.04.20	12:00:00	4796.14	4797.61	4793.49	4795.67	1358	0	30
2026.04.20	12:05:00	4795.54	4797.83	4793.38	4795.05	1252	0	30
2026.04.20	12:10:00	4795.01	4797.42	4794.02	4795.74	969	0	30
2026.04.20	12:15:00	4795.72	4795.81	4791.96	4794.35	1084	0	30
2026.04.20	12:20:00	4794.35	4795.70	4793.33	4793.46	1121	0	30
2026.04.20	12:25:00	4793.43	4793.74	4791.64	4792.27	978	0	30
2026.04.20	12:30:00	4792.21	4794.24	4783.41	4785.95	1428	0	30
2026.04.20	12:35:00	4785.98	4789.30	4784.72	4788.03	1235	0	30
2026.04.20	12:40:00	4788.46	4792.44	4787.73	4791.92	970	0	30
2026.04.20	12:45:00	4791.92	4796.21	4791.25	4795.17	1129	0	30
2026.04.20	12:50:00	4795.25	4797.04	4791.41	4791.95	1246	0	30
2026.04.20	12:55:00	4791.95	4793.88	4789.21	4791.51	1307	0	30
2026.04.20	13:00:00	4791.47	4793.57	4789.82	4791.25	1277	0	30
2026.04.20	13:05:00	4791.25	4799.24	4790.99	4797.73	1258	0	30
2026.04.20	13:10:00	4797.76	4799.43	4795.06	4795.71	1238	0	30
2026.04.20	13:15:00	4795.74	4800.28	4795.16	4800.07	1136	0	30
2026.04.20	13:20:00	4799.83	4800.85	4797.62	4797.93	1055	0	30
2026.04.20	13:25:00	4797.94	4799.01	4796.76	4798.15	988	0	30
2026.04.20	13:30:00	4798.18	4800.03	4796.83	4797.00	936	0	30
2026.04.20	13:35:00	4797.00	4797.57	4795.93	4796.51	801	0	30
2026.04.20	13:40:00	4796.50	4797.22	4794.97	4794.97	839	0	30
2026.04.20	13:45:00	4794.99	4796.75	4794.76	4796.38	897	0	30
2026.04.20	13:50:00	4796.31	4796.54	4794.42	4796.03	954	0	30
2026.04.20	13:55:00	4796.02	4797.17	4795.25	4795.86	1093	0	30
2026.04.20	14:00:00	4795.73	4796.10	4790.36	4790.85	1343	0	30
2026.04.20	14:05:00	4790.85	4793.98	4790.49	4792.56	1188	0	30
2026.04.20	14:10:00	4792.56	4793.04	4786.96	4789.78	1293	0	30
2026.04.20	14:15:00	4789.68	4790.97	4786.68	4787.92	1176	0	30
2026.04.20	14:20:00	4787.88	4789.44	4786.54	4789.23	1035	0	30
2026.04.20	14:25:00	4789.27	4790.36	4787.68	4788.35	993	0	30
2026.04.20	14:30:00	4788.38	4792.00	4787.66	4790.15	1260	0	30
2026.04.20	14:35:00	4790.16	4791.87	4789.18	4791.15	1018	0	30
2026.04.20	14:40:00	4791.13	4794.80	4790.00	4794.80	1077	0	30
2026.04.20	14:45:00	4794.81	4802.12	4794.70	4801.73	1456	0	30
2026.04.20	14:50:00	4801.80	4808.94	4801.47	4806.50	1551	0	30
2026.04.20	14:55:00	4806.44	4810.75	4806.37	4810.33	1467	0	30
2026.04.20	15:00:00	4810.43	4811.79	4806.11	4809.34	1589	0	30
2026.04.20	15:05:00	4809.29	4812.37	4802.94	4807.61	1601	0	30
2026.04.20	15:10:00	4807.60	4813.00	4807.60	4811.03	1407	0	30
2026.04.20	15:15:00	4811.03	4815.72	4807.79	4814.61	1492	0	30
2026.04.20	15:20:00	4814.61	4822.22	4813.73	4813.84	1712	0	30
2026.04.20	15:25:00	4813.85	4814.00	4803.89	4805.52	1490	0	30
2026.04.20	15:30:00	4805.54	4809.50	4804.28	4806.17	1402	0	30
2026.04.20	15:35:00	4806.11	4806.37	4799.12	4803.84	1582	0	30
2026.04.20	15:40:00	4803.85	4807.63	4803.11	4806.07	1208	0	30
2026.04.20	15:45:00	4806.06	4808.49	4804.06	4806.24	1226	0	30
2026.04.20	15:50:00	4806.26	4807.55	4801.60	4803.44	1233	0	30
2026.04.20	15:55:00	4803.44	4804.25	4801.04	4803.37	1259	0	30
2026.04.20	16:00:00	4803.37	4805.02	4799.75	4803.43	1796	0	30
2026.04.20	16:05:00	4803.47	4814.82	4802.73	4811.01	1830	0	30
2026.04.20	16:10:00	4810.92	4816.81	4809.84	4815.35	1866	0	30
2026.04.20	16:15:00	4815.38	4817.23	4812.00	4815.89	1653	0	30
2026.04.20	16:20:00	4815.91	4819.79	4815.12	4816.39	1615	0	30
2026.04.20	16:25:00	4816.38	4825.79	4814.89	4824.30	1653	0	30
2026.04.20	16:30:00	4824.36	4826.26	4816.24	4821.86	2027	0	30
2026.04.20	16:35:00	4821.83	4825.45	4815.85	4818.08	1988	0	30
2026.04.20	16:40:00	4818.11	4823.93	4816.64	4822.37	1944	0	30
2026.04.20	16:45:00	4822.31	4824.40	4818.75	4820.22	1832	0	30
2026.04.20	16:50:00	4820.46	4822.13	4817.49	4821.20	1868	0	30
2026.04.20	16:55:00	4821.25	4822.93	4816.94	4817.80	1745	0	30
2026.04.20	17:00:00	4817.84	4818.37	4810.95	4817.86	1924	0	30
2026.04.20	17:05:00	4817.86	4817.89	4811.64	4812.66	1869	0	30
2026.04.20	17:10:00	4812.66	4816.92	4806.83	4816.12	1889	0	30
2026.04.20	17:15:00	4815.55	4818.15	4814.38	4816.69	1832	0	30
2026.04.20	17:20:00	4816.84	4825.78	4815.90	4825.61	1806	0	30
2026.04.20	17:25:00	4825.58	4826.76	4821.76	4823.27	1771	0	30
2026.04.20	17:30:00	4823.28	4827.55	4817.15	4818.23	1807	0	30
2026.04.20	17:35:00	4818.22	4818.67	4813.28	4814.17	1804	0	30
2026.04.20	17:40:00	4814.18	4815.04	4810.32	4814.06	1894	0	30
2026.04.20	17:45:00	4814.06	4814.90	4810.21	4813.29	1789	0	30
2026.04.20	17:50:00	4813.29	4814.05	4792.72	4809.06	2077	0	30
2026.04.20	17:55:00	4808.76	4809.29	4799.63	4805.36	2034	0	30
2026.04.20	18:00:00	4805.26	4807.44	4796.54	4797.97	1959	0	30
2026.04.20	18:05:00	4797.83	4801.08	4795.42	4797.52	1953	0	30
2026.04.20	18:10:00	4797.34	4802.54	4792.78	4798.30	1903	0	30
2026.04.20	18:15:00	4798.25	4800.15	4794.18	4798.00	1871	0	30
2026.04.20	18:20:00	4797.98	4804.72	4796.18	4803.80	1917	0	30
2026.04.20	18:25:00	4803.72	4809.38	4802.80	4808.13	1796	0	30
2026.04.20	18:30:00	4808.29	4809.20	4803.61	4804.41	1776	0	30
2026.04.20	18:35:00	4804.20	4804.64	4800.64	4802.07	1733	0	30
2026.04.20	18:40:00	4802.03	4804.46	4799.51	4800.26	1560	0	30
2026.04.20	18:45:00	4800.21	4801.65	4797.72	4799.96	1575	0	30
2026.04.20	18:50:00	4799.93	4800.26	4795.53	4795.63	1611	0	30
2026.04.20	18:55:00	4795.45	4801.07	4795.45	4799.66	1498	0	30
2026.04.20	19:00:00	4799.71	4801.58	4794.42	4794.95	1486	0	30
2026.04.20	19:05:00	4794.93	4798.25	4794.35	4797.77	1453	0	30
2026.04.20	19:10:00	4797.86	4799.59	4797.79	4798.49	1153	0	30
2026.04.20	19:15:00	4798.50	4799.92	4792.76	4796.82	1525	0	30
2026.04.20	19:20:00	4796.83	4799.58	4796.63	4797.91	1458	0	30
2026.04.20	19:25:00	4797.87	4801.88	4797.50	4801.15	1256	0	30
2026.04.20	19:30:00	4801.22	4804.33	4800.14	4800.34	1405	0	30
2026.04.20	19:35:00	4800.32	4800.76	4798.84	4799.98	1320	0	30
2026.04.20	19:40:00	4800.00	4804.39	4798.91	4801.99	1349	0	30
2026.04.20	19:45:00	4801.94	4804.70	4801.70	4803.79	1420	0	30
2026.04.20	19:50:00	4803.79	4806.37	4803.28	4804.88	1467	0	30
2026.04.20	19:55:00	4805.06	4805.86	4803.60	4805.54	1247	0	30
2026.04.20	20:00:00	4805.61	4808.68	4803.83	4807.50	1459	0	30
2026.04.20	20:05:00	4807.45	4809.68	4806.81	4809.39	1361	0	30
2026.04.20	20:10:00	4809.38	4810.48	4808.39	4808.73	1321	0	30
2026.04.20	20:15:00	4808.76	4810.33	4807.60	4809.02	1199	0	30
2026.04.20	20:20:00	4809.00	4811.21	4807.16	4807.93	1260	0	30
2026.04.20	20:25:00	4808.04	4810.12	4806.20	4810.03	1230	0	30
2026.04.20	20:30:00	4810.02	4812.00	4805.06	4805.15	1312	0	30
2026.04.20	20:35:00	4805.14	4810.64	4805.07	4809.79	1490	0	30
2026.04.20	20:40:00	4809.78	4811.88	4808.05	4809.40	1385	0	30
2026.04.20	20:45:00	4809.40	4809.50	4807.78	4808.95	1229	0	30
2026.04.20	20:50:00	4808.95	4809.74	4807.43	4809.38	1030	0	30
2026.04.20	20:55:00	4809.34	4809.47	4805.64	4806.79	1150	0	30
2026.04.20	21:00:00	4806.82	4811.86	4806.82	4811.27	1280	0	30
2026.04.20	21:05:00	4811.29	4815.00	4810.85	4813.98	1241	0	30
2026.04.20	21:10:00	4813.98	4815.85	4810.62	4815.44	1293	0	30
2026.04.20	21:15:00	4815.45	4815.46	4812.79	4813.57	1209	0	30
2026.04.20	21:20:00	4813.57	4815.26	4812.48	4813.49	1297	0	30
2026.04.20	21:25:00	4813.43	4814.52	4811.94	4813.45	1260	0	30
2026.04.20	21:30:00	4813.46	4815.44	4812.02	4814.82	1188	0	30
2026.04.20	21:35:00	4814.82	4815.30	4810.99	4812.10	1192	0	30
2026.04.20	21:40:00	4812.09	4815.37	4812.09	4814.42	1011	0	30
2026.04.20	21:45:00	4814.45	4815.93	4814.01	4814.88	1006	0	30
2026.04.20	21:50:00	4814.88	4816.49	4814.72	4815.01	951	0	30
2026.04.20	21:55:00	4815.01	4816.27	4813.11	4814.11	987	0	30
2026.04.20	22:00:00	4814.07	4818.80	4813.90	4817.54	1125	0	30
2026.04.20	22:05:00	4817.54	4820.09	4817.40	4819.95	940	0	30
2026.04.20	22:10:00	4819.94	4821.43	4818.68	4820.33	1033	0	30
2026.04.20	22:15:00	4820.33	4820.43	4817.87	4818.56	849	0	30
2026.04.20	22:20:00	4818.57	4819.17	4816.90	4818.53	937	0	30
2026.04.20	22:25:00	4818.53	4818.65	4816.11	4817.07	986	0	30
2026.04.20	22:30:00	4817.07	4817.25	4813.83	4814.62	998	0	30
2026.04.20	22:35:00	4814.63	4814.87	4810.51	4810.99	1363	0	30
2026.04.20	22:40:00	4811.00	4812.91	4810.37	4811.54	1137	0	30
2026.04.20	22:45:00	4811.50	4813.24	4811.50	4812.49	1033	0	30
2026.04.20	22:50:00	4812.54	4813.30	4811.28	4811.28	1174	0	30
2026.04.20	22:55:00	4811.27	4814.25	4811.16	4814.23	1295	0	30
2026.04.20	23:00:00	4814.23	4816.79	4814.01	4815.05	867	0	30
2026.04.20	23:05:00	4815.06	4815.90	4814.18	4814.29	598	0	30
2026.04.20	23:10:00	4814.28	4814.71	4812.81	4813.25	458	0	30
2026.04.20	23:15:00	4813.41	4814.28	4812.21	4813.20	476	0	30
2026.04.20	23:20:00	4813.20	4815.63	4812.81	4815.53	474	0	30
2026.04.20	23:25:00	4815.51	4816.96	4814.93	4815.85	458	0	30
2026.04.20	23:30:00	4815.84	4816.80	4813.19	4814.11	845	0	30
2026.04.20	23:35:00	4814.01	4815.87	4812.99	4815.45	800	0	30
2026.04.20	23:40:00	4815.46	4817.28	4814.79	4816.63	571	0	30
2026.04.20	23:45:00	4816.52	4817.64	4816.32	4817.15	771	0	30
2026.04.20	23:50:00	4817.16	4820.95	4817.16	4819.95	740	0	30
2026.04.20	23:55:00	4819.88	4821.88	4819.77	4820.57	437	0	30
2026.04.21	01:00:00	4824.08	4830.85	4820.69	4824.99	1667	0	30
2026.04.21	01:05:00	4825.07	4831.27	4823.71	4829.78	1205	0	30
2026.04.21	01:10:00	4829.79	4832.32	4827.77	4829.03	959	0	30
2026.04.21	01:15:00	4828.94	4832.86	4828.94	4831.62	972	0	30
2026.04.21	01:20:00	4831.54	4833.07	4830.08	4831.16	815	0	30
2026.04.21	01:25:00	4831.15	4832.39	4828.67	4828.96	822	0	30
2026.04.21	01:30:00	4828.95	4829.10	4825.20	4827.86	984	0	30
2026.04.21	01:35:00	4827.84	4830.66	4827.82	4828.91	752	0	30
2026.04.21	01:40:00	4828.84	4830.86	4828.84	4830.69	973	0	30
2026.04.21	01:45:00	4830.59	4831.79	4829.20	4829.52	788	0	30
2026.04.21	01:50:00	4829.52	4829.81	4826.92	4827.36	747	0	30
2026.04.21	01:55:00	4827.36	4827.70	4825.25	4827.67	785	0	30
2026.04.21	02:00:00	4827.64	4831.72	4825.64	4826.24	947	0	30
2026.04.21	02:05:00	4826.64	4827.31	4824.04	4824.76	717	0	30
2026.04.21	02:10:00	4824.78	4826.68	4824.71	4825.78	761	0	30
2026.04.21	02:15:00	4825.78	4825.80	4823.85	4824.69	597	0	30
2026.04.21	02:20:00	4824.70	4826.28	4824.54	4825.86	593	0	30
2026.04.21	02:25:00	4825.86	4826.82	4825.11	4825.65	547	0	30
2026.04.21	02:30:00	4825.65	4825.65	4823.00	4823.76	670	0	30
2026.04.21	02:35:00	4823.76	4824.95	4822.82	4824.79	564	0	30
2026.04.21	02:40:00	4824.79	4824.82	4823.15	4824.04	522	0	30
2026.04.21	02:45:00	4824.04	4824.57	4820.19	4821.14	667	0	30
2026.04.21	02:50:00	4821.14	4821.85	4820.11	4820.66	661	0	30
2026.04.21	02:55:00	4820.65	4821.90	4819.82	4821.74	592	0	30
2026.04.21	03:00:00	4821.92	4825.69	4820.27	4824.44	1205	0	30
2026.04.21	03:05:00	4824.37	4828.42	4824.17	4828.32	1201	0	30
2026.04.21	03:10:00	4828.31	4830.74	4827.75	4828.52	1088	0	30
2026.04.21	03:15:00	4828.31	4829.23	4826.23	4827.95	995	0	30
2026.04.21	03:20:00	4827.96	4828.58	4825.24	4825.44	944	0	30
2026.04.21	03:25:00	4825.45	4825.61	4819.54	4819.81	1346	0	30
2026.04.21	03:30:00	4819.81	4820.82	4817.09	4818.02	1223	0	30
2026.04.21	03:35:00	4817.99	4820.24	4816.90	4819.65	986	0	30
2026.04.21	03:40:00	4819.66	4824.71	4819.47	4822.68	1005	0	30
2026.04.21	03:45:00	4822.69	4826.02	4821.58	4825.12	1350	0	30
2026.04.21	03:50:00	4825.20	4825.44	4822.61	4824.05	1205	0	30
2026.04.21	03:55:00	4824.11	4826.15	4823.47	4824.05	1156	0	30
2026.04.21	04:00:00	4824.06	4824.56	4816.59	4818.41	1717	0	30
2026.04.21	04:05:00	4818.38	4820.35	4816.85	4818.50	1397	0	30
2026.04.21	04:10:00	4818.52	4818.70	4813.17	4814.76	1422	0	30
2026.04.21	04:15:00	4814.76	4817.88	4814.49	4817.55	1172	0	30
2026.04.21	04:20:00	4817.42	4818.07	4815.02	4817.02	1203	0	30
2026.04.21	04:25:00	4817.01	4818.63	4814.81	4818.52	1093	0	30
2026.04.21	04:30:00	4818.48	4818.77	4815.90	4817.95	1222	0	30
2026.04.21	04:35:00	4817.96	4818.89	4812.90	4813.33	1171	0	30
2026.04.21	04:40:00	4813.35	4813.67	4809.17	4813.44	1366	0	30
2026.04.21	04:45:00	4813.44	4814.05	4810.22	4812.32	1151	0	30
2026.04.21	04:50:00	4812.36	4813.00	4808.85	4809.59	1263	0	30
2026.04.21	04:55:00	4809.59	4810.48	4805.80	4810.15	1173	0	30
2026.04.21	05:00:00	4810.15	4810.36	4806.68	4807.04	1238	0	30
2026.04.21	05:05:00	4807.05	4810.35	4806.64	4808.24	1099	0	30
2026.04.21	05:10:00	4808.26	4809.54	4805.93	4807.19	1134	0	30
2026.04.21	05:15:00	4807.18	4808.52	4806.42	4807.02	714	0	30
2026.04.21	05:20:00	4807.02	4807.22	4803.60	4805.94	911	0	30
2026.04.21	05:25:00	4805.97	4808.37	4805.38	4807.58	793	0	30
2026.04.21	05:30:00	4807.59	4807.72	4802.60	4803.67	1402	0	29
2026.04.21	05:35:00	4803.62	4806.24	4802.80	4806.10	1218	0	29
2026.04.21	05:40:00	4806.11	4807.13	4805.33	4806.46	1014	0	29
2026.04.21	05:45:00	4806.46	4807.26	4802.65	4803.87	1091	0	29
2026.04.21	05:50:00	4803.91	4807.02	4803.62	4806.46	1050	0	29
2026.04.21	05:55:00	4806.44	4808.04	4806.12	4806.77	1026	0	29
2026.04.21	06:00:00	4806.80	4807.57	4805.02	4807.40	1141	0	29
2026.04.21	06:05:00	4807.40	4807.45	4802.16	4803.40	1135	0	29
2026.04.21	06:10:00	4803.40	4804.14	4800.38	4800.50	1280	0	29
2026.04.21	06:15:00	4800.52	4802.27	4796.60	4797.68	1239	0	29
2026.04.21	06:20:00	4797.67	4799.44	4794.30	4794.30	1274	0	29
2026.04.21	06:25:00	4794.40	4799.09	4793.64	4798.64	1231	0	29
2026.04.21	06:30:00	4798.64	4799.92	4797.78	4798.59	985	0	29
2026.04.21	06:35:00	4798.59	4799.08	4794.09	4794.69	1040	0	29
2026.04.21	06:40:00	4794.68	4795.00	4792.61	4794.96	916	0	29
2026.04.21	06:45:00	4794.96	4795.55	4793.81	4795.35	807	0	29
2026.04.21	06:50:00	4795.36	4797.04	4794.62	4795.21	667	0	29
2026.04.21	06:55:00	4795.27	4797.70	4794.87	4797.11	753	0	29
2026.04.21	07:00:00	4797.07	4797.82	4796.57	4797.56	542	0	29
2026.04.21	07:05:00	4797.56	4797.78	4793.99	4794.32	817	0	29
2026.04.21	07:10:00	4794.32	4795.59	4793.61	4794.15	671	0	29
2026.04.21	07:15:00	4794.13	4796.53	4792.22	4792.99	939	0	29
2026.04.21	07:20:00	4792.99	4795.11	4791.25	4792.24	688	0	29
2026.04.21	07:25:00	4792.25	4795.24	4791.71	4792.11	960	0	29
2026.04.21	07:30:00	4792.12	4792.92	4789.57	4792.06	786	0	29
2026.04.21	07:35:00	4792.09	4793.33	4791.90	4793.02	564	0	29
2026.04.21	07:40:00	4793.01	4794.25	4791.27	4791.73	671	0	29
2026.04.21	07:45:00	4791.75	4793.42	4789.62	4789.81	637	0	29
2026.04.21	07:50:00	4789.82	4790.92	4789.17	4789.86	689	0	29
2026.04.21	07:55:00	4789.86	4791.66	4788.75	4789.06	726	0	29
2026.04.21	08:00:00	4789.15	4790.89	4785.80	4790.89	1218	0	29
2026.04.21	08:05:00	4790.87	4793.02	4789.61	4789.91	1059	0	29
2026.04.21	08:10:00	4789.90	4790.45	4787.63	4789.49	780	0	29
2026.04.21	08:15:00	4789.45	4791.31	4788.76	4789.03	827	0	29
2026.04.21	08:20:00	4789.09	4789.98	4786.61	4789.43	788	0	29
2026.04.21	08:25:00	4789.43	4790.67	4785.87	4787.51	918	0	29
2026.04.21	08:30:00	4787.44	4792.96	4786.69	4792.06	1565	0	29
2026.04.21	08:35:00	4792.06	4796.59	4791.06	4795.84	1312	0	29
2026.04.21	08:40:00	4795.86	4796.91	4794.94	4796.31	1104	0	29
2026.04.21	08:45:00	4796.33	4796.53	4790.57	4790.66	1206	0	29
2026.04.21	08:50:00	4790.65	4790.71	4783.28	4787.74	1574	0	29
2026.04.21	08:55:00	4787.73	4788.23	4783.75	4784.05	1346	0	29
2026.04.21	09:00:00	4784.05	4785.43	4775.56	4782.64	1773	0	29
2026.04.21	09:05:00	4782.67	4787.62	4779.74	4787.52	1401	0	29
2026.04.21	09:10:00	4787.52	4790.71	4784.23	4784.97	1503	0	29
2026.04.21	09:15:00	4784.96	4785.92	4779.28	4780.47	1453	0	29
2026.04.21	09:20:00	4780.46	4783.43	4777.12	4781.44	1502	0	29
2026.04.21	09:25:00	4781.36	4781.36	4775.37	4778.81	1350	0	29
2026.04.21	09:30:00	4779.18	4782.36	4777.09	4778.55	1326	0	29
2026.04.21	09:35:00	4778.55	4780.04	4775.97	4778.28	1334	0	29
2026.04.21	09:40:00	4778.29	4781.11	4776.77	4780.34	1119	0	29
2026.04.21	09:45:00	4780.34	4783.37	4776.63	4777.74	1234	0	29
2026.04.21	09:50:00	4777.75	4778.58	4774.63	4776.51	1399	0	29
2026.04.21	09:55:00	4776.49	4779.80	4776.11	4778.72	1230	0	29
2026.04.21	10:00:00	4778.26	4779.72	4772.68	4774.65	1497	0	29
2026.04.21	10:05:00	4774.65	4781.34	4774.65	4781.29	1277	0	29
2026.04.21	10:10:00	4781.29	4785.70	4780.68	4782.77	1363	0	29
2026.04.21	10:15:00	4782.76	4787.45	4782.76	4784.30	1229	0	29
2026.04.21	10:20:00	4784.33	4784.38	4780.30	4783.63	1183	0	29
2026.04.21	10:25:00	4783.62	4785.42	4782.33	4783.30	1129	0	29
2026.04.21	10:30:00	4783.30	4784.66	4781.23	4781.62	1135	0	29
2026.04.21	10:35:00	4781.60	4784.44	4781.57	4781.82	1049	0	29
2026.04.21	10:40:00	4781.82	4787.15	4780.82	4786.60	1110	0	29
2026.04.21	10:45:00	4786.41	4790.75	4786.11	4790.38	1186	0	29
2026.04.21	10:50:00	4790.38	4792.61	4787.94	4788.61	1336	0	29
2026.04.21	10:55:00	4788.62	4789.84	4784.35	4785.82	1250	0	29
2026.04.21	11:00:00	4785.96	4787.56	4784.31	4785.61	1266	0	29
2026.04.21	11:05:00	4785.60	4786.06	4777.98	4780.29	1577	0	29
2026.04.21	11:10:00	4780.32	4781.54	4774.75	4775.95	1533	0	29
2026.04.21	11:15:00	4775.91	4783.67	4775.21	4783.17	1269	0	29
2026.04.21	11:20:00	4783.14	4789.14	4782.82	4786.72	1327	0	29
2026.04.21	11:25:00	4786.93	4788.37	4784.53	4787.22	1142	0	29
2026.04.21	11:30:00	4787.16	4789.14	4784.68	4788.07	1215	0	29
2026.04.21	11:35:00	4787.94	4788.69	4785.94	4788.43	1060	0	29
2026.04.21	11:40:00	4788.43	4792.66	4786.98	4791.62	1145	0	29
2026.04.21	11:45:00	4791.64	4792.81	4789.57	4789.63	1082	0	29
2026.04.21	11:50:00	4789.63	4789.89	4786.29	4788.46	971	0	29
2026.04.21	11:55:00	4788.46	4788.54	4785.91	4785.91	907	0	29
2026.04.21	12:00:00	4785.91	4786.26	4781.32	4785.31	1273	0	29
2026.04.21	12:05:00	4785.33	4786.86	4783.93	4785.99	1079	0	29
2026.04.21	12:10:00	4785.98	4786.92	4784.07	4784.26	921	0	29
2026.04.21	12:15:00	4784.29	4787.44	4783.51	4786.97	1038	0	29
2026.04.21	12:20:00	4787.05	4787.96	4784.62	4785.46	1012	0	29
2026.04.21	12:25:00	4785.44	4786.31	4781.16	4782.14	988	0	29
2026.04.21	12:30:00	4782.13	4784.96	4781.91	4784.74	1060	0	29
2026.04.21	12:35:00	4784.75	4785.78	4782.20	4783.38	1022	0	29
2026.04.21	12:40:00	4783.40	4787.49	4783.01	4787.21	1005	0	29
2026.04.21	12:45:00	4787.21	4787.92	4783.30	4785.12	1027	0	29
2026.04.21	12:50:00	4785.12	4788.26	4784.60	4787.44	886	0	29
2026.04.21	12:55:00	4787.47	4789.60	4783.48	4783.67	1259	0	29
2026.04.21	13:00:00	4783.67	4785.70	4782.45	4783.12	1057	0	29
2026.04.21	13:05:00	4783.14	4785.85	4783.10	4785.29	819	0	29
2026.04.21	13:10:00	4785.29	4785.50	4782.21	4782.86	929	0	29
2026.04.21	13:15:00	4782.89	4783.88	4780.76	4782.86	983	0	29
2026.04.21	13:20:00	4782.87	4784.86	4782.18	4782.44	920	0	29
2026.04.21	13:25:00	4782.42	4784.35	4781.89	4782.92	799	0	29
2026.04.21	13:30:00	4782.95	4785.90	4782.59	4784.57	887	0	29
2026.04.21	13:35:00	4784.52	4787.82	4784.33	4786.93	768	0	29
2026.04.21	13:40:00	4786.97	4787.25	4785.40	4786.22	848	0	29
2026.04.21	13:45:00	4786.22	4787.74	4786.06	4786.64	897	0	29
2026.04.21	13:50:00	4786.66	4790.23	4786.66	4790.05	857	0	29
2026.04.21	13:55:00	4790.04	4790.35	4788.77	4789.71	828	0	29
2026.04.21	14:00:00	4789.71	4790.15	4786.88	4787.24	961	0	29
2026.04.21	14:05:00	4787.24	4788.89	4775.27	4780.17	1059	0	29
2026.04.21	14:10:00	4780.18	4782.75	4779.12	4781.78	1545	0	29
2026.04.21	14:15:00	4781.77	4782.94	4780.92	4781.73	1104	0	29
2026.04.21	14:20:00	4781.73	4784.33	4781.47	4781.63	1041	0	29
2026.04.21	14:25:00	4781.61	4784.01	4779.21	4783.49	1034	0	29
2026.04.21	14:30:00	4783.46	4790.28	4783.15	4787.29	1271	0	29
2026.04.21	14:35:00	4787.29	4790.59	4787.29	4789.82	1062	0	29
2026.04.21	14:40:00	4789.79	4794.86	4789.22	4792.95	1147	0	29
2026.04.21	14:45:00	4792.96	4797.86	4791.80	4795.77	1092	0	29
2026.04.21	14:50:00	4795.80	4796.84	4792.69	4793.87	1139	0	29
2026.04.21	14:55:00	4793.86	4796.21	4793.46	4794.58	1150	0	29
2026.04.21	15:00:00	4794.58	4796.94	4793.39	4793.39	1222	0	29
2026.04.21	15:05:00	4793.38	4795.92	4791.34	4795.62	1197	0	29
2026.04.21	15:10:00	4795.61	4795.81	4791.05	4791.16	1280	0	29
2026.04.21	15:15:00	4791.18	4791.68	4783.51	4783.63	1494	0	29
2026.04.21	15:20:00	4783.79	4785.22	4779.15	4782.57	1642	0	29
2026.04.21	15:25:00	4782.65	4784.40	4780.19	4780.59	1262	0	29
2026.04.21	15:30:00	4780.58	4787.59	4766.71	4787.12	1778	0	29
2026.04.21	15:35:00	4787.15	4790.28	4780.04	4780.51	1753	0	29
2026.04.21	15:40:00	4780.47	4782.81	4776.00	4778.84	1737	0	29
2026.04.21	15:45:00	4778.76	4782.94	4777.56	4777.83	1545	0	29
2026.04.21	15:50:00	4777.84	4781.55	4777.05	4780.10	1560	0	29
2026.04.21	15:55:00	4780.11	4782.39	4776.21	4778.77	1514	0	29
2026.04.21	16:00:00	4778.85	4783.77	4778.15	4779.30	1783	0	29
2026.04.21	16:05:00	4779.20	4779.61	4767.66	4768.01	1915	0	29
2026.04.21	16:10:00	4768.01	4771.04	4764.76	4765.08	1815	0	29
2026.04.21	16:15:00	4765.25	4772.19	4761.51	4768.29	1839	0	29
2026.04.21	16:20:00	4768.32	4772.23	4767.32	4769.84	1669	0	29
2026.04.21	16:25:00	4769.86	4775.41	4769.19	4774.80	1679	0	29
2026.04.21	16:30:00	4774.68	4781.09	4773.99	4775.78	2052	0	29
2026.04.21	16:35:00	4775.79	4785.71	4770.16	4784.37	2001	0	29
2026.04.21	16:40:00	4784.36	4792.59	4784.26	4789.05	1974	0	29
2026.04.21	16:45:00	4789.02	4794.28	4785.78	4788.85	1903	0	29
2026.04.21	16:50:00	4788.85	4793.37	4786.73	4789.18	1828	0	29
2026.04.21	16:55:00	4789.17	4789.36	4777.23	4779.05	1759	0	29
2026.04.21	17:00:00	4778.95	4781.30	4773.26	4780.45	1874	0	29
2026.04.21	17:05:00	4780.46	4782.51	4779.19	4780.74	1733	0	29
2026.04.21	17:10:00	4780.70	4780.70	4776.09	4778.49	1719	0	29
2026.04.21	17:15:00	4778.41	4780.59	4776.89	4777.71	1724	0	29
2026.04.21	17:20:00	4777.71	4778.28	4771.99	4772.61	1822	0	29
2026.04.21	17:25:00	4772.62	4775.01	4769.77	4774.16	1715	0	29
2026.04.21	17:30:00	4774.07	4774.96	4762.07	4768.05	1908	0	29
2026.04.21	17:35:00	4768.19	4769.46	4761.38	4761.38	1884	0	29
2026.04.21	17:40:00	4761.56	4763.22	4743.84	4745.03	2125	0	29
2026.04.21	17:45:00	4744.83	4745.57	4723.61	4727.60	2234	0	29
2026.04.21	17:50:00	4727.42	4739.16	4723.55	4738.81	2148	0	29
2026.04.21	17:55:00	4738.68	4741.93	4733.67	4738.99	2156	0	29
2026.04.21	18:00:00	4738.98	4740.88	4730.71	4734.37	2207	0	29
2026.04.21	18:05:00	4734.37	4740.60	4727.74	4740.60	2134	0	29
2026.04.21	18:10:00	4740.58	4750.77	4740.06	4748.04	2036	0	29
2026.04.21	18:15:00	4748.05	4756.54	4744.98	4755.25	2040	0	29
2026.04.21	18:20:00	4755.28	4757.47	4748.36	4750.33	1954	0	29
2026.04.21	18:25:00	4750.21	4750.21	4741.94	4742.46	2016	0	29
2026.04.21	18:30:00	4742.29	4745.73	4741.38	4744.19	1968	0	29
2026.04.21	18:35:00	4744.12	4744.81	4736.72	4742.95	1954	0	29
2026.04.21	18:40:00	4743.14	4747.71	4739.05	4745.76	1822	0	29
2026.04.21	18:45:00	4745.70	4750.20	4743.92	4746.32	1869	0	29
2026.04.21	18:50:00	4746.20	4746.41	4739.67	4741.08	1785	0	29
2026.04.21	18:55:00	4741.03	4741.81	4738.85	4741.58	1707	0	29
2026.04.21	19:00:00	4741.62	4746.67	4740.23	4740.25	1863	0	29
2026.04.21	19:05:00	4740.18	4741.44	4734.67	4735.17	1702	0	29
2026.04.21	19:10:00	4735.08	4735.18	4726.86	4730.32	1753	0	29
2026.04.21	19:15:00	4730.15	4734.15	4728.51	4732.36	1663	0	29
2026.04.21	19:20:00	4732.23	4732.43	4727.84	4730.60	1604	0	29
2026.04.21	19:25:00	4730.52	4730.55	4720.00	4720.74	1695	0	29
2026.04.21	19:30:00	4720.64	4726.02	4719.64	4724.25	1709	0	29
2026.04.21	19:35:00	4724.26	4727.48	4720.04	4723.77	1688	0	29
2026.04.21	19:40:00	4723.72	4725.55	4720.69	4720.93	1623	0	29
2026.04.21	19:45:00	4720.94	4722.79	4718.63	4721.57	1692	0	29
2026.04.21	19:50:00	4721.57	4721.57	4708.23	4709.35	1795	0	29
2026.04.21	19:55:00	4709.37	4712.70	4708.77	4711.08	1672	0	29
2026.04.21	20:00:00	4711.13	4718.11	4710.34	4712.48	1706	0	29
2026.04.21	20:05:00	4712.49	4712.49	4707.68	4710.29	1956	0	29
2026.04.21	20:10:00	4710.32	4711.46	4701.13	4706.36	1996	0	29
2026.04.21	20:15:00	4706.37	4708.41	4699.83	4700.92	1878	0	29
2026.04.21	20:20:00	4700.91	4705.70	4700.11	4703.30	1813	0	29
2026.04.21	20:25:00	4703.31	4705.42	4697.64	4700.08	1806	0	29
2026.04.21	20:30:00	4699.95	4706.23	4696.96	4705.37	1677	0	29
2026.04.21	20:35:00	4705.22	4710.77	4703.89	4708.96	1748	0	29
2026.04.21	20:40:00	4709.07	4721.99	4706.93	4717.80	2099	0	29
2026.04.21	20:45:00	4717.82	4718.66	4711.32	4711.84	1779	0	29
2026.04.21	20:50:00	4711.84	4712.51	4706.79	4706.95	1616	0	29
2026.04.21	20:55:00	4706.98	4711.42	4706.01	4711.10	1545	0	29
2026.04.21	21:00:00	4711.06	4714.66	4710.28	4710.66	1596	0	29
2026.04.21	21:05:00	4710.71	4713.28	4708.17	4708.29	1617	0	29
2026.04.21	21:10:00	4708.25	4708.38	4703.93	4704.55	1576	0	29
2026.04.21	21:15:00	4704.53	4704.86	4695.03	4696.12	1864	0	29
2026.04.21	21:20:00	4696.12	4697.48	4692.98	4695.14	1758	0	29
2026.04.21	21:25:00	4695.04	4696.34	4692.25	4696.24	1683	0	29
2026.04.21	21:30:00	4696.40	4702.94	4696.40	4702.03	1585	0	29
2026.04.21	21:35:00	4702.06	4703.48	4700.00	4701.23	1477	0	29
2026.04.21	21:40:00	4701.32	4703.45	4699.39	4702.94	1352	0	29
2026.04.21	21:45:00	4702.90	4704.14	4701.07	4701.94	1399	0	29
2026.04.21	21:50:00	4702.00	4710.61	4698.95	4709.25	1454	0	29
2026.04.21	21:55:00	4709.24	4713.85	4704.42	4709.30	2017	0	29
2026.04.21	22:00:00	4709.45	4712.24	4707.36	4709.48	1835	0	29
2026.04.21	22:05:00	4709.44	4711.19	4707.81	4709.59	1629	0	29
2026.04.21	22:10:00	4709.65	4712.74	4704.54	4707.18	1648	0	29
2026.04.21	22:15:00	4707.24	4710.30	4705.36	4706.59	1682	0	29
2026.04.21	22:20:00	4706.58	4714.23	4705.61	4714.23	1718	0	29
2026.04.21	22:25:00	4714.23	4715.04	4710.12	4713.88	1589	0	29
2026.04.21	22:30:00	4714.02	4714.72	4710.11	4710.55	1567	0	29
2026.04.21	22:35:00	4710.53	4710.53	4698.98	4701.02	1839	0	29
2026.04.21	22:40:00	4701.04	4701.27	4668.24	4671.55	2108	0	29
2026.04.21	22:45:00	4671.94	4684.61	4670.98	4682.23	2123	0	29
2026.04.21	22:50:00	4681.99	4685.62	4676.57	4680.17	2012	0	29
2026.04.21	22:55:00	4680.19	4684.31	4676.80	4679.32	1999	0	29
2026.04.21	23:00:00	4679.28	4679.57	4674.48	4676.63	1513	0	29
2026.04.21	23:05:00	4676.65	4681.85	4668.92	4680.97	1304	0	29
2026.04.21	23:10:00	4679.81	4702.01	4679.21	4696.98	2128	0	29
2026.04.21	23:15:00	4697.45	4710.05	4694.67	4703.17	1928	0	29
2026.04.21	23:20:00	4703.13	4711.20	4702.30	4709.80	1700	0	29
2026.04.21	23:25:00	4709.84	4710.50	4705.11	4705.59	1448	0	29
2026.04.21	23:30:00	4705.64	4710.33	4705.33	4710.16	1331	0	29
2026.04.21	23:35:00	4710.24	4713.80	4709.68	4712.48	1174	0	29
2026.04.21	23:40:00	4712.48	4712.88	4710.33	4711.38	1088	0	29
2026.04.21	23:45:00	4711.34	4714.14	4709.38	4713.33	1258	0	29
2026.04.21	23:50:00	4713.36	4718.73	4711.69	4717.04	1173	0	29
2026.04.21	23:55:00	4717.05	4719.30	4716.52	4718.73	670	0	29
2026.04.22	01:00:00	4721.99	4729.55	4716.84	4725.55	1652	0	29
2026.04.22	01:05:00	4725.55	4726.13	4718.01	4720.64	1196	0	29
2026.04.22	01:10:00	4720.63	4723.33	4718.51	4721.74	857	0	29
2026.04.22	01:15:00	4721.73	4721.77	4719.26	4720.60	891	0	29
2026.04.22	01:20:00	4720.60	4720.70	4716.53	4718.21	738	0	29
2026.04.22	01:25:00	4718.20	4720.10	4716.85	4718.99	594	0	29
2026.04.22	01:30:00	4718.98	4719.36	4716.51	4717.49	746	0	29
2026.04.22	01:35:00	4717.48	4719.58	4717.37	4718.49	591	0	29
2026.04.22	01:40:00	4718.49	4718.92	4716.10	4716.87	772	0	29
2026.04.22	01:45:00	4716.86	4718.82	4716.25	4716.81	578	0	29
2026.04.22	01:50:00	4716.80	4719.42	4715.56	4718.75	802	0	29
2026.04.22	01:55:00	4718.75	4719.97	4717.53	4719.49	659	0	29
2026.04.22	02:00:00	4719.50	4722.51	4718.07	4721.81	939	0	29
2026.04.22	02:05:00	4721.83	4725.87	4721.67	4725.08	892	0	29
2026.04.22	02:10:00	4725.05	4729.75	4724.78	4727.45	825	0	29
2026.04.22	02:15:00	4727.46	4733.05	4726.27	4731.66	1064	0	29
2026.04.22	02:20:00	4731.55	4732.90	4730.52	4732.64	907	0	29
2026.04.22	02:25:00	4732.65	4733.03	4729.93	4729.96	798	0	29
2026.04.22	02:30:00	4729.96	4733.42	4729.34	4732.40	717	0	29
2026.04.22	02:35:00	4732.41	4733.69	4728.87	4730.41	821	0	29
2026.04.22	02:40:00	4730.38	4732.80	4729.22	4731.62	801	0	29
2026.04.22	02:45:00	4731.57	4738.31	4731.37	4738.15	1063	0	29
2026.04.22	02:50:00	4738.17	4740.49	4736.69	4739.09	1023	0	29
2026.04.22	02:55:00	4739.08	4739.44	4737.15	4737.99	1060	0	29
2026.04.22	03:00:00	4737.99	4745.29	4737.99	4743.02	1361	0	29
2026.04.22	03:05:00	4743.07	4747.32	4740.83	4744.40	1233	0	29
2026.04.22	03:10:00	4744.41	4746.30	4742.73	4742.86	1206	0	29
2026.04.22	03:15:00	4742.86	4745.43	4741.36	4743.43	1264	0	29
2026.04.22	03:20:00	4743.42	4745.72	4741.32	4741.64	1034	0	29
2026.04.22	03:25:00	4741.65	4744.82	4740.43	4742.41	1132	0	29
2026.04.22	03:30:00	4742.41	4746.99	4742.16	4745.07	1100	0	29
2026.04.22	03:35:00	4745.11	4745.41	4743.32	4744.90	987	0	29
2026.04.22	03:40:00	4744.88	4745.19	4741.39	4742.11	902	0	29
2026.04.22	03:45:00	4742.12	4746.77	4741.34	4743.66	1096	0	29
2026.04.22	03:50:00	4743.64	4744.28	4739.69	4740.05	1190	0	29
2026.04.22	03:55:00	4740.11	4741.84	4738.55	4739.88	1159	0	29
2026.04.22	04:00:00	4739.92	4745.16	4737.71	4740.30	1829	0	29
2026.04.22	04:05:00	4740.67	4741.67	4735.87	4739.03	1652	0	29
2026.04.22	04:10:00	4739.04	4740.13	4736.07	4738.24	1366	0	29
2026.04.22	04:15:00	4738.26	4743.42	4737.76	4740.51	1356	0	29
2026.04.22	04:20:00	4740.33	4748.95	4740.33	4746.01	1309	0	29
2026.04.22	04:25:00	4745.80	4747.70	4743.69	4746.46	1336	0	29
2026.04.22	04:30:00	4746.41	4750.10	4746.27	4748.18	1410	0	29
2026.04.22	04:35:00	4748.14	4753.05	4747.80	4751.58	1469	0	29
2026.04.22	04:40:00	4751.52	4753.86	4749.02	4749.53	1480	0	29
2026.04.22	04:45:00	4749.53	4754.23	4747.89	4752.76	1337	0	29
2026.04.22	04:50:00	4752.74	4754.61	4750.96	4753.96	1293	0	29
2026.04.22	04:55:00	4753.95	4754.55	4751.98	4752.17	1306	0	29
2026.04.22	05:00:00	4752.17	4753.34	4750.07	4752.63	1277	0	29
2026.04.22	05:05:00	4752.58	4753.80	4751.15	4753.29	1185	0	29
2026.04.22	05:10:00	4753.27	4756.00	4753.27	4755.62	1177	0	29
2026.04.22	05:15:00	4755.61	4757.63	4753.50	4757.56	892	0	29
2026.04.22	05:20:00	4757.57	4758.06	4755.25	4755.41	758	0	29
2026.04.22	05:25:00	4755.39	4756.29	4754.82	4755.59	771	0	29
2026.04.22	05:30:00	4755.57	4758.67	4755.54	4756.57	1151	0	29
2026.04.22	05:35:00	4756.57	4756.86	4753.22	4753.28	1229	0	29
2026.04.22	05:40:00	4753.27	4753.37	4751.37	4751.42	968	0	29
2026.04.22	05:45:00	4751.42	4754.40	4750.95	4751.64	916	0	29
2026.04.22	05:50:00	4751.54	4755.34	4751.42	4755.32	987	0	29
2026.04.22	05:55:00	4755.32	4757.07	4753.29	4755.69	1048	0	29
2026.04.22	06:00:00	4755.69	4759.10	4752.94	4758.90	1111	0	29
2026.04.22	06:05:00	4758.90	4761.07	4758.30	4759.38	1182	0	29
2026.04.22	06:10:00	4759.37	4759.93	4756.74	4757.51	1132	0	29
2026.04.22	06:15:00	4757.56	4759.77	4757.05	4758.63	1060	0	29
2026.04.22	06:20:00	4758.61	4760.44	4756.70	4759.52	1122	0	29
2026.04.22	06:25:00	4759.57	4763.35	4759.09	4763.10	995	0	29
2026.04.22	06:30:00	4763.09	4764.94	4760.68	4761.10	966	0	29
2026.04.22	06:35:00	4761.10	4761.42	4756.84	4758.22	928	0	29
2026.04.22	06:40:00	4758.21	4759.78	4757.16	4759.21	849	0	29
2026.04.22	06:45:00	4759.20	4760.17	4758.33	4758.90	698	0	29
2026.04.22	06:50:00	4758.90	4760.69	4757.78	4757.87	740	0	29
2026.04.22	06:55:00	4757.84	4759.78	4757.12	4758.13	890	0	29
2026.04.22	07:00:00	4758.13	4759.55	4757.51	4758.98	639	0	29
2026.04.22	07:05:00	4759.03	4759.38	4758.26	4758.29	465	0	29
2026.04.22	07:10:00	4758.29	4758.68	4756.86	4757.42	700	0	29
2026.04.22	07:15:00	4757.42	4757.80	4755.47	4756.44	850	0	29
2026.04.22	07:20:00	4756.45	4757.21	4755.85	4756.08	708	0	29
2026.04.22	07:25:00	4756.13	4756.40	4754.42	4755.83	844	0	29
2026.04.22	07:30:00	4755.84	4757.34	4755.00	4755.00	723	0	29
2026.04.22	07:35:00	4755.00	4755.75	4753.44	4753.69	630	0	29
2026.04.22	07:40:00	4753.68	4756.69	4752.72	4756.36	733	0	29
2026.04.22	07:45:00	4756.42	4759.45	4756.13	4757.85	820	0	29
2026.04.22	07:50:00	4757.87	4757.87	4753.57	4754.86	955	0	29
2026.04.22	07:55:00	4754.86	4755.29	4752.20	4754.56	822	0	29
2026.04.22	08:00:00	4754.56	4754.92	4752.09	4753.03	823	0	29
2026.04.22	08:05:00	4753.08	4755.86	4752.41	4755.72	702	0	29
2026.04.22	08:10:00	4755.73	4756.98	4754.24	4756.88	802	0	29
2026.04.22	08:15:00	4756.87	4769.43	4756.24	4768.53	1673	0	29
2026.04.22	08:20:00	4768.62	4771.60	4768.52	4768.73	1513	0	29
2026.04.22	08:25:00	4768.74	4771.05	4764.72	4766.07	1335	0	29
2026.04.22	08:30:00	4766.08	4766.98	4763.85	4765.64	1435	0	29
2026.04.22	08:35:00	4765.58	4768.34	4765.34	4766.57	1235	0	29
2026.04.22	08:40:00	4766.50	4769.30	4764.77	4767.35	1249	0	29
2026.04.22	08:45:00	4767.37	4770.85	4765.95	4769.14	1264	0	29
2026.04.22	08:50:00	4769.14	4771.99	4767.65	4767.98	1219	0	29
2026.04.22	08:55:00	4767.98	4768.72	4764.21	4767.73	1273	0	29
2026.04.22	09:00:00	4767.71	4767.75	4759.21	4759.24	1537	0	29
2026.04.22	09:05:00	4759.26	4763.12	4758.83	4760.56	1256	0	29
2026.04.22	09:10:00	4760.56	4763.05	4760.48	4762.62	1047	0	29
2026.04.22	09:15:00	4762.65	4763.89	4760.47	4763.55	1131	0	29
2026.04.22	09:20:00	4763.50	4765.00	4762.77	4763.35	962	0	29
2026.04.22	09:25:00	4763.37	4767.24	4762.60	4767.03	1014	0	29
2026.04.22	09:30:00	4766.98	4767.72	4764.99	4765.94	1206	0	29
2026.04.22	09:35:00	4765.94	4766.23	4764.26	4764.87	1049	0	29
2026.04.22	09:40:00	4764.86	4766.25	4763.67	4763.67	952	0	29
2026.04.22	09:45:00	4763.65	4766.40	4763.25	4766.08	1116	0	29
2026.04.22	09:50:00	4766.08	4767.63	4765.56	4766.53	927	0	29
2026.04.22	09:55:00	4766.53	4767.76	4766.07	4767.66	991	0	29
2026.04.22	10:00:00	4767.68	4770.34	4766.78	4768.85	1245	0	29
2026.04.22	10:05:00	4768.84	4772.26	4767.16	4769.96	1154	0	29
2026.04.22	10:10:00	4769.96	4769.96	4765.30	4765.64	1055	0	29
2026.04.22	10:15:00	4765.63	4765.63	4762.53	4763.79	1202	0	29
2026.04.22	10:20:00	4763.75	4767.87	4763.53	4766.29	1146	0	29
2026.04.22	10:25:00	4766.30	4767.82	4763.29	4766.00	1102	0	29
2026.04.22	10:30:00	4766.00	4766.46	4763.75	4764.35	1025	0	29
2026.04.22	10:35:00	4764.32	4766.58	4764.32	4764.79	857	0	29
2026.04.22	10:40:00	4764.80	4764.80	4762.03	4763.76	1125	0	29
2026.04.22	10:45:00	4763.75	4764.36	4760.97	4761.15	1113	0	29
2026.04.22	10:50:00	4761.16	4762.33	4759.54	4760.26	1087	0	29
2026.04.22	10:55:00	4760.26	4763.38	4760.22	4760.52	1043	0	29
2026.04.22	11:00:00	4760.64	4761.63	4758.69	4759.38	1238	0	29
2026.04.22	11:05:00	4759.46	4761.57	4758.95	4759.96	1141	0	29
2026.04.22	11:10:00	4759.96	4762.23	4757.70	4757.98	1210	0	29
2026.04.22	11:15:00	4757.97	4759.86	4756.20	4758.75	1278	0	29
2026.04.22	11:20:00	4758.74	4759.00	4754.18	4754.59	1298	0	29
2026.04.22	11:25:00	4754.59	4756.35	4754.07	4754.27	1215	0	29
2026.04.22	11:30:00	4754.20	4756.97	4752.50	4752.92	1332	0	29
2026.04.22	11:35:00	4752.93	4754.08	4751.83	4753.28	1185	0	29
2026.04.22	11:40:00	4753.28	4756.23	4751.95	4756.03	1027	0	29
2026.04.22	11:45:00	4755.98	4756.68	4754.05	4755.30	989	0	29
2026.04.22	11:50:00	4755.33	4757.51	4753.82	4757.31	915	0	29
2026.04.22	11:55:00	4757.32	4758.37	4756.70	4757.06	937	0	29
2026.04.22	12:00:00	4757.06	4760.76	4756.64	4759.82	1308	0	29
2026.04.22	12:05:00	4759.78	4761.71	4759.44	4760.84	1099	0	29
2026.04.22	12:10:00	4760.81	4761.07	4759.51	4760.58	896	0	29
2026.04.22	12:15:00	4760.63	4761.64	4759.97	4760.08	1025	0	29
2026.04.22	12:20:00	4760.13	4761.83	4759.36	4760.81	1029	0	29
2026.04.22	12:25:00	4760.80	4760.93	4756.27	4756.42	966	0	29
2026.04.22	12:30:00	4756.29	4757.12	4754.99	4756.01	1154	0	29
2026.04.22	12:35:00	4756.01	4758.69	4755.72	4758.60	1015	0	29
2026.04.22	12:40:00	4758.63	4762.40	4758.00	4758.38	1001	0	29
2026.04.22	12:45:00	4758.37	4759.05	4755.96	4757.77	934	0	29
2026.04.22	12:50:00	4757.75	4758.09	4753.69	4754.59	1044	0	29
2026.04.22	12:55:00	4754.63	4756.75	4752.44	4755.18	1263	0	29
2026.04.22	13:00:00	4755.23	4757.65	4748.09	4748.84	1364	0	29
2026.04.22	13:05:00	4748.81	4752.07	4747.32	4748.52	1276	0	29
2026.04.22	13:10:00	4748.52	4749.64	4745.80	4748.54	1363	0	29
2026.04.22	13:15:00	4748.45	4754.23	4748.40	4753.58	1028	0	29
2026.04.22	13:20:00	4753.65	4756.06	4749.83	4750.56	1071	0	29
2026.04.22	13:25:00	4750.46	4754.85	4750.03	4754.63	1062	0	29
2026.04.22	13:30:00	4754.62	4758.42	4753.66	4758.01	967	0	29
2026.04.22	13:35:00	4757.99	4759.45	4756.29	4757.43	1026	0	29
2026.04.22	13:40:00	4757.40	4757.40	4754.32	4756.44	971	0	29
2026.04.22	13:45:00	4756.42	4757.79	4755.06	4756.99	836	0	29
2026.04.22	13:50:00	4756.99	4758.37	4756.35	4757.32	873	0	29
2026.04.22	13:55:00	4757.32	4760.02	4756.10	4759.17	873	0	29
2026.04.22	14:00:00	4759.21	4760.36	4756.38	4757.55	1031	0	29
2026.04.22	14:05:00	4757.61	4758.98	4756.54	4756.57	1011	0	29
2026.04.22	14:10:00	4756.57	4758.82	4756.54	4757.24	974	0	29
2026.04.22	14:15:00	4757.16	4760.70	4757.13	4759.72	1066	0	29
2026.04.22	14:20:00	4759.73	4760.70	4757.07	4757.23	1013	0	29
2026.04.22	14:25:00	4757.20	4758.87	4756.43	4757.32	908	0	29
2026.04.22	14:30:00	4757.32	4759.79	4756.76	4757.35	1062	0	29
2026.04.22	14:35:00	4757.37	4758.34	4754.71	4754.71	951	0	29
2026.04.22	14:40:00	4754.71	4755.25	4748.38	4748.64	1329	0	29
2026.04.22	14:45:00	4748.61	4753.25	4747.84	4751.94	1366	0	29
2026.04.22	14:50:00	4751.94	4753.18	4750.20	4750.79	1034	0	29
2026.04.22	14:55:00	4750.80	4751.27	4749.37	4750.33	1155	0	29
2026.04.22	15:00:00	4750.32	4757.39	4750.32	4756.59	1226	0	29
2026.04.22	15:05:00	4756.60	4756.93	4751.15	4752.76	1167	0	29
2026.04.22	15:10:00	4752.69	4752.75	4749.67	4752.30	1209	0	29
2026.04.22	15:15:00	4752.24	4752.56	4747.66	4747.75	1177	0	29
2026.04.22	15:20:00	4747.75	4752.55	4747.20	4751.61	1150	0	29
2026.04.22	15:25:00	4751.69	4759.58	4751.65	4753.16	1543	0	29
2026.04.22	15:30:00	4753.10	4754.27	4749.00	4753.36	1652	0	29
2026.04.22	15:35:00	4753.28	4753.32	4747.07	4750.48	1407	0	29
2026.04.22	15:40:00	4750.45	4750.45	4745.62	4746.69	1410	0	29
2026.04.22	15:45:00	4746.74	4748.32	4742.86	4744.25	1394	0	29
2026.04.22	15:50:00	4744.21	4746.96	4743.03	4746.47	1385	0	29
2026.04.22	15:55:00	4746.47	4746.69	4743.55	4744.21	1348	0	29
2026.04.22	16:00:00	4744.38	4747.27	4740.40	4741.48	1765	0	29
2026.04.22	16:05:00	4741.49	4750.73	4739.17	4744.84	1662	0	29
2026.04.22	16:10:00	4744.51	4744.51	4740.44	4742.24	1695	0	29
2026.04.22	16:15:00	4742.31	4744.21	4736.40	4743.51	1734	0	29
2026.04.22	16:20:00	4743.41	4748.92	4740.36	4746.99	1873	0	29
2026.04.22	16:25:00	4747.07	4750.01	4745.54	4750.01	1570	0	29
2026.04.22	16:30:00	4749.98	4750.70	4742.05	4744.98	2080	0	29
2026.04.22	16:35:00	4744.97	4752.59	4743.13	4748.49	1995	0	29
2026.04.22	16:40:00	4748.42	4756.55	4747.07	4755.29	1950	0	29
2026.04.22	16:45:00	4755.33	4760.79	4755.18	4756.72	1984	0	29
2026.04.22	16:50:00	4756.74	4758.24	4750.76	4755.05	1896	0	29
2026.04.22	16:55:00	4755.05	4755.11	4751.33	4752.92	1682	0	29
2026.04.22	17:00:00	4752.92	4757.42	4745.22	4745.35	1892	0	29
2026.04.22	17:05:00	4745.40	4747.33	4742.38	4746.08	1896	0	29
2026.04.22	17:10:00	4746.27	4747.80	4742.59	4745.46	1759	0	29
2026.04.22	17:15:00	4745.57	4749.55	4745.27	4746.76	1784	0	29
2026.04.22	17:20:00	4746.81	4750.50	4743.41	4745.53	1806	0	29
2026.04.22	17:25:00	4745.51	4748.63	4743.23	4743.89	1749	0	29
2026.04.22	17:30:00	4744.10	4744.62	4733.31	4736.02	1996	0	29
2026.04.22	17:35:00	4736.01	4738.42	4730.02	4737.18	2010	0	29
2026.04.22	17:40:00	4737.13	4740.68	4732.38	4733.08	1857	0	29
2026.04.22	17:45:00	4733.08	4739.62	4732.51	4737.91	1807	0	29
2026.04.22	17:50:00	4737.85	4738.20	4732.68	4737.93	1784	0	29
2026.04.22	17:55:00	4737.95	4738.25	4733.25	4735.94	1753	0	29
2026.04.22	18:00:00	4735.96	4738.14	4734.28	4735.48	1841	0	29
2026.04.22	18:05:00	4735.48	4739.52	4734.87	4736.08	1842	0	29
2026.04.22	18:10:00	4736.13	4740.14	4736.00	4737.63	1734	0	29
2026.04.22	18:15:00	4737.63	4737.63	4729.78	4733.54	1753	0	29
2026.04.22	18:20:00	4733.48	4734.20	4730.74	4733.90	1714	0	29
2026.04.22	18:25:00	4733.90	4736.23	4730.96	4735.16	1685	0	29
2026.04.22	18:30:00	4735.15	4735.42	4731.24	4732.83	1740	0	29
2026.04.22	18:35:00	4733.30	4733.38	4726.74	4727.89	1644	0	29
2026.04.22	18:40:00	4727.86	4730.48	4726.00	4727.17	1679	0	29
2026.04.22	18:45:00	4727.21	4730.22	4726.72	4728.29	1567	0	29
2026.04.22	18:50:00	4728.28	4728.36	4724.97	4727.46	1550	0	29
2026.04.22	18:55:00	4727.46	4731.30	4727.40	4727.60	1533	0	29
2026.04.22	19:00:00	4727.61	4731.07	4725.77	4730.61	1576	0	29
2026.04.22	19:05:00	4730.60	4734.88	4730.47	4733.50	1510	0	29
2026.04.22	19:10:00	4733.57	4733.57	4729.48	4730.19	1395	0	29
2026.04.22	19:15:00	4730.19	4730.38	4724.75	4724.81	1327	0	29
2026.04.22	19:20:00	4724.82	4727.94	4724.22	4725.22	1370	0	29
2026.04.22	19:25:00	4725.22	4728.07	4724.23	4727.00	1367	0	29
2026.04.22	19:30:00	4727.03	4728.82	4723.90	4728.39	1411	0	29
2026.04.22	19:35:00	4728.43	4731.30	4728.34	4730.89	1418	0	29
2026.04.22	19:40:00	4730.89	4732.07	4728.16	4728.16	1439	0	29
2026.04.22	19:45:00	4728.04	4730.29	4726.29	4730.04	1337	0	29
2026.04.22	19:50:00	4730.03	4730.88	4727.42	4729.97	1366	0	29
2026.04.22	19:55:00	4730.03	4730.13	4726.49	4728.66	1402	0	29
2026.04.22	20:00:00	4728.69	4736.06	4728.53	4735.45	1703	0	29
2026.04.22	20:05:00	4735.42	4736.80	4733.81	4736.48	1463	0	29
2026.04.22	20:10:00	4736.47	4739.54	4735.04	4735.24	1584	0	29
2026.04.22	20:15:00	4735.13	4737.02	4733.06	4733.69	1314	0	29
2026.04.22	20:20:00	4733.68	4737.61	4733.20	4735.59	1255	0	29
2026.04.22	20:25:00	4735.59	4736.71	4732.93	4735.13	1281	0	29
2026.04.22	20:30:00	4735.14	4737.93	4735.02	4736.89	1123	0	29
2026.04.22	20:35:00	4736.91	4738.16	4735.14	4735.14	1107	0	29
2026.04.22	20:40:00	4735.23	4736.79	4734.35	4736.09	1200	0	29
2026.04.22	20:45:00	4736.10	4738.37	4733.48	4736.52	1430	0	29
2026.04.22	20:50:00	4736.56	4738.34	4735.13	4736.83	1248	0	29
2026.04.22	20:55:00	4736.83	4737.99	4735.88	4737.12	1233	0	29
2026.04.22	21:00:00	4737.17	4737.63	4735.01	4736.77	1144	0	29
2026.04.22	21:05:00	4736.78	4738.58	4736.58	4737.40	988	0	29
2026.04.22	21:10:00	4737.40	4737.41	4735.64	4735.78	1018	0	29
2026.04.22	21:15:00	4735.56	4735.96	4732.26	4732.81	1091	0	29
2026.04.22	21:20:00	4732.80	4732.81	4729.89	4732.37	1335	0	29
2026.04.22	21:25:00	4732.40	4733.69	4730.11	4730.26	1172	0	29
2026.04.22	21:30:00	4730.26	4734.76	4730.14	4733.13	1052	0	29
2026.04.22	21:35:00	4733.21	4738.07	4732.36	4738.01	1114	0	29
2026.04.22	21:40:00	4737.99	4739.52	4735.39	4739.39	1194	0	29
2026.04.22	21:45:00	4739.41	4749.32	4738.66	4746.71	1402	0	29
2026.04.22	21:50:00	4746.74	4747.43	4741.89	4741.96	1354	0	29
2026.04.22	21:55:00	4741.93	4742.34	4739.53	4741.71	1283	0	29
2026.04.22	22:00:00	4741.74	4743.43	4739.25	4741.70	1639	0	29
2026.04.22	22:05:00	4741.67	4743.44	4739.72	4740.27	1416	0	29
2026.04.22	22:10:00	4740.24	4740.25	4736.84	4738.56	1101	0	29
2026.04.22	22:15:00	4738.55	4741.90	4738.18	4741.25	1110	0	29
2026.04.22	22:20:00	4741.25	4742.57	4740.57	4741.80	1210	0	29
2026.04.22	22:25:00	4741.79	4745.38	4741.76	4744.36	1091	0	29
2026.04.22	22:30:00	4744.35	4744.68	4740.73	4741.89	1108	0	29
2026.04.22	22:35:00	4741.86	4741.86	4739.21	4739.49	1146	0	29
2026.04.22	22:40:00	4739.49	4740.75	4738.47	4739.28	1045	0	29
2026.04.22	22:45:00	4739.29	4740.02	4737.30	4738.52	1287	0	29
2026.04.22	22:50:00	4738.76	4741.67	4737.01	4740.46	1429	0	29
2026.04.22	22:55:00	4740.37	4741.86	4739.33	4740.12	1531	0	29
2026.04.22	23:00:00	4740.19	4740.38	4737.43	4738.76	1116	0	29
2026.04.22	23:05:00	4738.79	4740.13	4737.68	4738.02	924	0	29
2026.04.22	23:10:00	4738.01	4738.01	4734.75	4735.98	904	0	29
2026.04.22	23:15:00	4735.98	4737.70	4735.85	4736.66	842	0	29
2026.04.22	23:20:00	4736.66	4737.19	4734.93	4735.58	745	0	29
2026.04.22	23:25:00	4735.60	4737.30	4734.39	4736.86	632	0	29
2026.04.22	23:30:00	4736.85	4739.46	4736.84	4738.73	650	0	29
2026.04.22	23:35:00	4738.73	4738.75	4736.61	4737.73	805	0	29
2026.04.22	23:40:00	4737.71	4738.02	4736.22	4737.44	594	0	29
2026.04.22	23:45:00	4737.42	4739.77	4737.10	4738.72	653	0	29
2026.04.22	23:50:00	4738.66	4739.57	4737.95	4738.78	509	0	29
2026.04.22	23:55:00	4738.78	4739.77	4738.36	4739.37	350	0	29
2026.04.23	01:00:00	4743.09	4745.97	4739.40	4741.72	1060	0	29
2026.04.23	01:05:00	4741.69	4741.97	4736.58	4738.82	786	0	29
2026.04.23	01:10:00	4738.82	4739.08	4736.12	4736.39	675	0	29
2026.04.23	01:15:00	4736.43	4738.26	4735.57	4736.29	636	0	29
2026.04.23	01:20:00	4736.29	4737.79	4735.18	4735.24	675	0	29
2026.04.23	01:25:00	4735.24	4736.07	4732.53	4732.86	733	0	29
2026.04.23	01:30:00	4732.93	4735.18	4732.49	4734.26	748	0	29
2026.04.23	01:35:00	4734.26	4734.26	4730.22	4730.90	787	0	29
2026.04.23	01:40:00	4730.89	4731.59	4729.75	4729.86	755	0	29
2026.04.23	01:45:00	4729.84	4731.87	4728.90	4730.11	774	0	29
2026.04.23	01:50:00	4730.11	4731.93	4729.87	4730.87	652	0	29
2026.04.23	01:55:00	4730.85	4730.88	4725.58	4725.90	870	0	29
2026.04.23	02:00:00	4725.93	4726.72	4723.50	4724.49	1009	0	29
2026.04.23	02:05:00	4724.49	4726.16	4723.84	4726.09	698	0	29
2026.04.23	02:10:00	4726.12	4728.26	4725.51	4725.91	871	0	29
2026.04.23	02:15:00	4725.92	4729.07	4725.91	4728.91	606	0	29
2026.04.23	02:20:00	4728.92	4729.89	4726.18	4726.61	669	0	29
2026.04.23	02:25:00	4726.61	4728.20	4725.32	4728.20	559	0	29
2026.04.23	02:30:00	4728.20	4728.20	4726.11	4727.37	507	0	29
2026.04.23	02:35:00	4727.37	4727.69	4724.60	4724.83	647	0	29
2026.04.23	02:40:00	4724.84	4725.53	4723.82	4724.32	673	0	29
2026.04.23	02:45:00	4724.32	4728.46	4724.32	4728.05	674	0	29
2026.04.23	02:50:00	4728.05	4728.05	4725.63	4727.52	742	0	29
2026.04.23	02:55:00	4727.47	4729.18	4726.61	4727.73	883	0	29
2026.04.23	03:00:00	4727.75	4728.09	4720.39	4721.51	1433	0	29
2026.04.23	03:05:00	4721.47	4722.37	4714.34	4715.41	1415	0	29
2026.04.23	03:10:00	4715.28	4715.80	4698.75	4699.28	1929	0	29
2026.04.23	03:15:00	4699.37	4723.87	4694.24	4722.56	2157	0	29
2026.04.23	03:20:00	4722.86	4733.87	4722.38	4727.27	2023	0	29
2026.04.23	03:25:00	4727.30	4742.34	4727.18	4741.46	1841	0	29
2026.04.23	03:30:00	4741.45	4751.63	4741.17	4746.77	1864	0	29
2026.04.23	03:35:00	4746.77	4748.14	4742.90	4745.83	1702	0	29
2026.04.23	03:40:00	4745.62	4747.41	4742.34	4744.77	1537	0	29
2026.04.23	03:45:00	4744.76	4750.02	4743.47	4747.31	1590	0	29
2026.04.23	03:50:00	4747.34	4753.50	4747.09	4748.15	1597	0	29
2026.04.23	03:55:00	4748.09	4748.26	4744.76	4747.72	1392	0	29
2026.04.23	04:00:00	4747.92	4749.87	4742.83	4744.26	1814	0	29
2026.04.23	04:05:00	4744.23	4746.06	4742.26	4743.87	1609	0	29
2026.04.23	04:10:00	4744.00	4744.00	4735.85	4736.84	1606	0	29
2026.04.23	04:15:00	4736.82	4738.39	4733.00	4734.19	1567	0	29
2026.04.23	04:20:00	4734.17	4735.18	4728.40	4733.60	1533	0	29
2026.04.23	04:25:00	4733.58	4735.32	4727.20	4728.14	1589	0	29
2026.04.23	04:30:00	4728.20	4732.95	4725.94	4729.14	1753	0	29
2026.04.23	04:35:00	4729.17	4732.89	4728.89	4732.64	1459	0	29
2026.04.23	04:40:00	4732.68	4735.64	4731.81	4733.74	1457	0	29
2026.04.23	04:45:00	4733.70	4736.83	4733.34	4734.06	1536	0	29
2026.04.23	04:50:00	4734.08	4736.27	4724.24	4724.74	1657	0	29
2026.04.23	04:55:00	4724.93	4728.11	4722.51	4723.31	1657	0	29
2026.04.23	05:00:00	4723.25	4724.72	4720.14	4720.62	1620	0	29
2026.04.23	05:05:00	4720.58	4722.07	4711.91	4714.42	1690	0	29
2026.04.23	05:10:00	4714.42	4714.63	4706.57	4707.31	1673	0	29
2026.04.23	05:15:00	4707.30	4711.50	4704.74	4710.54	1717	0	29
2026.04.23	05:20:00	4710.53	4718.09	4710.51	4715.56	1643	0	29
2026.04.23	05:25:00	4715.56	4717.90	4713.63	4713.89	1504	0	29
2026.04.23	05:30:00	4713.89	4714.91	4708.40	4712.67	1712	0	29
2026.04.23	05:35:00	4712.65	4715.63	4707.01	4711.66	1791	0	29
2026.04.23	05:40:00	4711.68	4712.99	4700.28	4701.21	1691	0	29
2026.04.23	05:45:00	4701.22	4706.43	4699.05	4706.40	1758	0	29
2026.04.23	05:50:00	4706.43	4707.33	4702.54	4703.25	1643	0	29
2026.04.23	05:55:00	4703.28	4703.73	4698.31	4698.85	1761	0	29
2026.04.23	06:00:00	4698.79	4708.48	4698.79	4708.48	1719	0	29
2026.04.23	06:05:00	4708.40	4708.65	4701.64	4703.67	1578	0	29
2026.04.23	06:10:00	4703.56	4703.71	4698.23	4701.98	1659	0	29
2026.04.23	06:15:00	4702.01	4704.81	4698.20	4700.50	1655	0	29
2026.04.23	06:20:00	4700.49	4705.60	4699.20	4704.21	1455	0	29
2026.04.23	06:25:00	4704.21	4705.89	4701.53	4703.19	1499	0	29
2026.04.23	06:30:00	4703.19	4705.33	4701.42	4703.35	1372	0	29
2026.04.23	06:35:00	4703.21	4704.27	4701.71	4702.55	1177	0	29
2026.04.23	06:40:00	4702.59	4707.03	4701.02	4704.74	1398	0	29
2026.04.23	06:45:00	4704.74	4707.22	4703.59	4706.64	1243	0	29
2026.04.23	06:50:00	4706.64	4707.35	4704.73	4705.54	1135	0	29
2026.04.23	06:55:00	4705.54	4705.99	4702.46	4703.93	1063	0	29
2026.04.23	07:00:00	4703.92	4704.17	4701.30	4702.68	961	0	29
2026.04.23	07:05:00	4702.67	4706.21	4700.76	4704.24	1021	0	29
2026.04.23	07:10:00	4704.24	4706.39	4704.03	4706.23	932	0	29
2026.04.23	07:15:00	4706.24	4706.30	4703.81	4704.51	928	0	29
2026.04.23	07:20:00	4704.50	4706.94	4703.66	4703.86	863	0	29
2026.04.23	07:25:00	4703.91	4706.08	4702.76	4705.43	952	0	29
2026.04.23	07:30:00	4705.41	4706.81	4704.56	4705.97	850	0	29
2026.04.23	07:35:00	4705.95	4706.98	4702.15	4703.19	807	0	29
2026.04.23	07:40:00	4703.22	4703.72	4701.56	4701.70	875	0	29
2026.04.23	07:45:00	4701.70	4702.87	4698.73	4702.18	968	0	29
2026.04.23	07:50:00	4702.18	4703.84	4701.94	4702.59	840	0	29
2026.04.23	07:55:00	4702.59	4704.50	4701.17	4704.33	840	0	29
2026.04.23	08:00:00	4704.34	4708.62	4703.30	4707.12	1077	0	29
2026.04.23	08:05:00	4707.15	4709.85	4706.26	4709.74	967	0	29
2026.04.23	08:10:00	4709.76	4710.15	4707.45	4707.70	934	0	29
2026.04.23	08:15:00	4707.70	4707.92	4705.72	4706.90	1258	0	29
2026.04.23	08:20:00	4706.87	4709.28	4706.02	4706.44	1015	0	29
2026.04.23	08:25:00	4706.45	4707.44	4705.32	4705.85	1018	0	29
2026.04.23	08:30:00	4705.85	4707.14	4692.52	4706.01	1706	0	29
2026.04.23	08:35:00	4706.01	4706.38	4701.94	4702.84	1428	0	29
2026.04.23	08:40:00	4702.84	4703.73	4700.77	4701.57	1399	0	29
2026.04.23	08:45:00	4701.56	4710.46	4701.54	4710.42	1401	0	29
2026.04.23	08:50:00	4710.46	4715.14	4710.41	4711.90	1442	0	29
2026.04.23	08:55:00	4711.93	4714.93	4710.92	4713.42	1391	0	29
2026.04.23	09:00:00	4713.45	4718.15	4713.21	4714.52	1419	0	29
2026.04.23	09:05:00	4714.52	4717.09	4711.34	4713.06	1551	0	29
2026.04.23	09:10:00	4713.05	4715.63	4710.61	4711.82	1381	0	29
2026.04.23	09:15:00	4711.86	4712.50	4709.40	4710.27	1376	0	29
2026.04.23	09:20:00	4710.29	4712.56	4708.51	4712.36	1351	0	29
2026.04.23	09:25:00	4712.37	4714.34	4711.07	4712.13	1157	0	29
2026.04.23	09:30:00	4712.15	4713.35	4710.53	4712.08	1156	0	29
2026.04.23	09:35:00	4712.14	4714.27	4709.22	4713.39	1271	0	29
2026.04.23	09:40:00	4713.37	4717.19	4713.12	4715.05	1289	0	29
2026.04.23	09:45:00	4715.07	4720.13	4713.68	4716.23	1510	0	29
2026.04.23	09:50:00	4716.25	4721.17	4714.33	4714.37	1426	0	29
2026.04.23	09:55:00	4714.38	4716.93	4711.95	4712.88	1292	0	29
2026.04.23	10:00:00	4712.82	4713.35	4707.44	4712.70	1621	0	29
2026.04.23	10:05:00	4712.65	4715.29	4709.51	4709.93	1481	0	29
2026.04.23	10:10:00	4710.05	4716.52	4708.98	4712.26	1371	0	29
2026.04.23	10:15:00	4712.24	4713.92	4709.05	4712.63	1556	0	29
2026.04.23	10:20:00	4712.56	4712.98	4703.01	4705.63	1615	0	29
2026.04.23	10:25:00	4705.59	4709.90	4704.76	4706.05	1340	0	29
2026.04.23	10:30:00	4705.74	4711.58	4703.46	4710.82	1379	0	29
2026.04.23	10:35:00	4710.83	4713.35	4709.16	4709.30	1345	0	29
2026.04.23	10:40:00	4709.31	4713.71	4708.37	4713.71	1235	0	29
2026.04.23	10:45:00	4713.68	4720.43	4713.36	4720.31	1360	0	29
2026.04.23	10:50:00	4720.32	4720.50	4715.56	4716.00	1250	0	29
2026.04.23	10:55:00	4715.97	4720.05	4715.91	4719.07	1174	0	29
2026.04.23	11:00:00	4718.91	4724.82	4718.91	4721.40	1391	0	29
2026.04.23	11:05:00	4721.45	4723.09	4718.09	4718.67	1315	0	29
2026.04.23	11:10:00	4718.68	4720.71	4717.48	4718.14	1218	0	29
2026.04.23	11:15:00	4718.14	4721.16	4717.47	4720.34	1167	0	29
2026.04.23	11:20:00	4720.31	4721.80	4716.83	4718.22	1150	0	29
2026.04.23	11:25:00	4718.22	4720.93	4714.92	4715.24	1194	0	29
2026.04.23	11:30:00	4715.39	4716.05	4708.35	4709.72	1452	0	29
2026.04.23	11:35:00	4709.72	4710.84	4704.77	4707.70	1450	0	29
2026.04.23	11:40:00	4707.67	4709.10	4703.43	4703.74	1361	0	29
2026.04.23	11:45:00	4703.73	4706.42	4701.64	4705.90	1317	0	29
2026.04.23	11:50:00	4705.89	4707.44	4703.92	4704.59	1139	0	29
2026.04.23	11:55:00	4704.59	4706.40	4703.08	4703.26	1151	0	29
2026.04.23	12:00:00	4703.25	4703.64	4695.19	4696.81	1533	0	29
2026.04.23	12:05:00	4696.92	4700.43	4694.68	4695.40	1539	0	29
2026.04.23	12:10:00	4695.41	4700.86	4695.31	4696.95	1392	0	29
2026.04.23	12:15:00	4696.91	4702.51	4695.56	4699.88	1502	0	29
2026.04.23	12:20:00	4699.88	4702.61	4699.06	4702.05	1244	0	29
2026.04.23	12:25:00	4702.05	4703.04	4699.74	4700.87	1192	0	29
2026.04.23	12:30:00	4700.61	4703.02	4700.55	4701.33	1271	0	29
2026.04.23	12:35:00	4701.37	4703.03	4699.41	4700.65	1172	0	29
2026.04.23	12:40:00	4700.65	4701.67	4699.01	4700.88	1229	0	29
2026.04.23	12:45:00	4700.86	4702.04	4698.34	4698.94	1185	0	29
2026.04.23	12:50:00	4698.92	4701.41	4694.74	4697.20	1357	0	29
2026.04.23	12:55:00	4697.20	4699.78	4695.56	4697.57	1207	0	29
2026.04.23	13:00:00	4697.57	4701.31	4696.41	4700.67	1347	0	29
2026.04.23	13:05:00	4700.60	4701.64	4691.36	4691.38	1232	0	29
2026.04.23	13:10:00	4691.39	4692.71	4685.06	4688.97	1517	0	29
2026.04.23	13:15:00	4688.91	4692.56	4688.18	4688.18	1349	0	29
2026.04.23	13:20:00	4688.44	4690.55	4684.44	4687.20	1451	0	29
2026.04.23	13:25:00	4687.21	4692.15	4686.44	4686.59	1284	0	29
2026.04.23	13:30:00	4686.58	4693.17	4684.24	4692.36	1449	0	29
2026.04.23	13:35:00	4692.54	4693.95	4689.72	4693.80	1312	0	29
2026.04.23	13:40:00	4693.82	4696.86	4689.80	4690.66	1418	0	29
2026.04.23	13:45:00	4690.66	4693.70	4689.39	4690.14	1163	0	29
2026.04.23	13:50:00	4690.13	4691.90	4689.81	4691.30	1097	0	29
2026.04.23	13:55:00	4691.25	4697.21	4691.20	4696.55	1271	0	29
2026.04.23	14:00:00	4696.50	4699.93	4695.78	4698.59	1519	0	29
2026.04.23	14:05:00	4698.53	4700.01	4695.51	4697.75	1238	0	29
2026.04.23	14:10:00	4697.72	4700.18	4696.60	4697.86	1130	0	29
2026.04.23	14:15:00	4697.86	4702.42	4696.37	4702.31	1155	0	29
2026.04.23	14:20:00	4702.31	4703.31	4700.24	4701.17	1089	0	29
2026.04.23	14:25:00	4701.22	4701.96	4697.27	4699.21	1074	0	29
2026.04.23	14:30:00	4699.18	4701.37	4696.51	4697.61	1308	0	29
2026.04.23	14:35:00	4697.60	4703.41	4697.26	4702.37	1424	0	29
2026.04.23	14:40:00	4702.37	4705.96	4701.98	4705.33	1428	0	29
2026.04.23	14:45:00	4705.34	4710.73	4704.80	4706.06	1508	0	29
2026.04.23	14:50:00	4706.09	4715.25	4705.24	4714.89	1623	0	29
2026.04.23	14:55:00	4714.81	4720.84	4713.89	4720.56	1545	0	29
2026.04.23	15:00:00	4720.66	4732.46	4719.64	4730.60	1859	0	29
2026.04.23	15:05:00	4730.60	4738.38	4729.10	4729.63	1845	0	29
2026.04.23	15:10:00	4729.79	4735.63	4727.67	4729.09	1798	0	29
2026.04.23	15:15:00	4728.42	4734.54	4725.86	4731.51	1673	0	29
2026.04.23	15:20:00	4731.49	4733.78	4728.25	4732.69	1632	0	29
2026.04.23	15:25:00	4732.69	4735.00	4730.77	4733.42	1283	0	29
2026.04.23	15:30:00	4733.63	4741.34	4733.23	4738.66	1660	0	29
2026.04.23	15:35:00	4738.67	4739.65	4735.62	4736.58	1597	0	29
2026.04.23	15:40:00	4736.58	4742.39	4736.19	4739.37	1448	0	29
2026.04.23	15:45:00	4739.39	4742.21	4731.45	4735.49	1858	0	29
2026.04.23	15:50:00	4735.63	4738.53	4733.64	4737.43	1666	0	29
2026.04.23	15:55:00	4737.54	4743.07	4736.52	4740.03	1634	0	29
2026.04.23	16:00:00	4740.10	4740.61	4729.94	4733.48	1878	0	29
2026.04.23	16:05:00	4733.49	4733.99	4727.04	4727.23	1574	0	29
2026.04.23	16:10:00	4727.15	4729.25	4723.96	4725.60	1550	0	29
2026.04.23	16:15:00	4725.63	4730.45	4725.44	4726.40	1510	0	29
2026.04.23	16:20:00	4726.42	4730.80	4726.20	4729.68	1475	0	29
2026.04.23	16:25:00	4729.66	4729.76	4725.99	4727.43	1466	0	29
2026.04.23	16:30:00	4727.44	4732.68	4724.46	4724.94	1978	0	29
2026.04.23	16:35:00	4725.20	4730.92	4725.15	4730.81	1937	0	29
2026.04.23	16:40:00	4730.65	4735.48	4729.78	4734.55	1719	0	29
2026.04.23	16:45:00	4734.03	4738.35	4730.51	4737.56	1763	0	29
2026.04.23	16:50:00	4737.58	4741.15	4734.33	4735.37	1815	0	29
2026.04.23	16:55:00	4735.54	4735.58	4724.25	4724.36	1883	0	29
2026.04.23	17:00:00	4724.20	4725.47	4717.02	4723.69	2052	0	29
2026.04.23	17:05:00	4723.39	4728.69	4719.19	4721.33	2004	0	29
2026.04.23	17:10:00	4721.46	4724.70	4719.17	4724.18	1904	0	29
2026.04.23	17:15:00	4723.98	4728.16	4723.66	4724.15	1816	0	29
2026.04.23	17:20:00	4724.13	4731.12	4723.37	4730.52	1809	0	29
2026.04.23	17:25:00	4730.54	4735.90	4729.83	4731.33	1762	0	29
2026.04.23	17:30:00	4731.30	4734.38	4729.28	4729.33	1753	0	29
2026.04.23	17:35:00	4729.31	4734.52	4726.01	4728.26	1751	0	29
2026.04.23	17:40:00	4728.18	4731.70	4727.26	4730.97	1735	0	29
2026.04.23	17:45:00	4730.92	4733.69	4728.05	4730.64	1707	0	29
2026.04.23	17:50:00	4730.62	4736.04	4728.59	4735.10	1691	0	29
2026.04.23	17:55:00	4735.05	4736.56	4733.24	4733.51	1686	0	29
2026.04.23	18:00:00	4733.64	4734.75	4731.30	4733.34	1622	0	29
2026.04.23	18:05:00	4733.34	4733.60	4726.71	4728.62	1633	0	29
2026.04.23	18:10:00	4728.61	4732.74	4728.61	4730.71	1499	0	29
2026.04.23	18:15:00	4730.72	4740.96	4729.84	4738.38	1762	0	29
2026.04.23	18:20:00	4738.38	4739.92	4736.00	4736.93	1676	0	29
2026.04.23	18:25:00	4736.95	4737.98	4733.15	4733.48	1579	0	29
2026.04.23	18:30:00	4733.50	4734.73	4729.86	4733.10	1607	0	29
2026.04.23	18:35:00	4733.09	4733.36	4730.51	4731.51	1333	0	29
2026.04.23	18:40:00	4731.45	4733.56	4727.99	4728.01	1413	0	29
2026.04.23	18:45:00	4728.13	4728.45	4719.98	4724.90	1925	0	29
2026.04.23	18:50:00	4724.88	4724.99	4717.00	4717.15	1777	0	29
2026.04.23	18:55:00	4717.14	4722.14	4716.43	4720.46	1763	0	29
2026.04.23	19:00:00	4720.50	4721.68	4717.12	4717.68	1633	0	29
2026.04.23	19:05:00	4717.67	4720.39	4715.60	4720.32	1727	0	29
2026.04.23	19:10:00	4720.33	4722.50	4718.00	4719.36	1547	0	29
2026.04.23	19:15:00	4719.38	4722.93	4718.96	4722.84	1485	0	29
2026.04.23	19:20:00	4722.74	4724.61	4720.94	4723.12	1416	0	29
2026.04.23	19:25:00	4723.11	4725.03	4722.30	4723.17	1380	0	29
2026.04.23	19:30:00	4723.21	4729.07	4722.56	4728.41	1275	0	29
2026.04.23	19:35:00	4728.37	4730.25	4726.53	4728.08	1350	0	29
2026.04.23	19:40:00	4727.99	4734.54	4727.54	4734.00	1422	0	29
2026.04.23	19:45:00	4733.94	4736.19	4732.97	4735.00	1414	0	29
2026.04.23	19:50:00	4734.95	4737.09	4733.64	4733.66	1341	0	29
2026.04.23	19:55:00	4733.67	4735.68	4730.60	4732.93	1430	0	29
2026.04.23	20:00:00	4732.94	4734.43	4722.76	4725.36	1842	0	29
2026.04.23	20:05:00	4725.40	4725.56	4709.08	4710.58	2068	0	29
2026.04.23	20:10:00	4710.51	4716.56	4705.85	4716.06	2095	0	29
2026.04.23	20:15:00	4716.09	4717.69	4704.51	4708.85	2071	0	29
2026.04.23	20:20:00	4708.91	4712.50	4704.56	4707.40	2040	0	29
2026.04.23	20:25:00	4707.47	4717.92	4705.31	4706.46	1999	0	29
2026.04.23	20:30:00	4706.65	4712.47	4702.66	4711.78	2015	0	29
2026.04.23	20:35:00	4711.80	4713.99	4698.17	4698.64	2003	0	29
2026.04.23	20:40:00	4699.00	4699.07	4673.22	4677.55	2140	0	29
2026.04.23	20:45:00	4677.76	4685.60	4664.18	4683.30	2180	0	29
2026.04.23	20:50:00	4683.28	4709.36	4678.65	4696.21	2154	0	29
2026.04.23	20:55:00	4696.24	4710.85	4694.33	4709.35	2186	0	29
2026.04.23	21:00:00	4709.37	4721.98	4707.81	4714.22	2094	0	29
2026.04.23	21:05:00	4714.34	4717.59	4710.32	4710.40	1967	0	29
2026.04.23	21:10:00	4710.45	4719.50	4709.82	4713.74	1974	0	29
2026.04.23	21:15:00	4713.75	4716.52	4711.25	4713.68	1842	0	29
2026.04.23	21:20:00	4713.59	4716.42	4710.94	4712.81	1853	0	29
2026.04.23	21:25:00	4712.97	4716.69	4711.60	4716.67	1691	0	29
2026.04.23	21:30:00	4716.60	4720.06	4716.00	4718.57	1615	0	29
2026.04.23	21:35:00	4718.60	4720.33	4713.56	4714.01	1709	0	29
2026.04.23	21:40:00	4713.97	4714.84	4707.22	4711.23	1649	0	29
2026.04.23	21:45:00	4711.23	4711.90	4705.95	4706.54	1622	0	29
2026.04.23	21:50:00	4706.53	4711.75	4705.40	4709.65	1646	0	29
2026.04.23	21:55:00	4709.67	4709.73	4699.38	4700.98	1601	0	29
2026.04.23	22:00:00	4701.10	4704.43	4693.43	4695.57	1944	0	29
2026.04.23	22:05:00	4695.56	4699.54	4695.56	4695.84	1733	0	29
2026.04.23	22:10:00	4695.95	4697.28	4692.65	4696.19	1647	0	29
2026.04.23	22:15:00	4696.20	4699.22	4695.38	4699.05	1458	0	29
2026.04.23	22:20:00	4699.05	4702.04	4696.96	4701.46	1462	0	29
2026.04.23	22:25:00	4701.41	4702.53	4697.80	4700.06	1351	0	29
2026.04.23	22:30:00	4700.06	4701.17	4693.41	4694.18	1503	0	29
2026.04.23	22:35:00	4694.20	4695.81	4689.42	4692.67	1826	0	29
2026.04.23	22:40:00	4692.69	4695.62	4691.33	4692.35	1629	0	29
2026.04.23	22:45:00	4692.31	4697.48	4692.14	4696.78	1585	0	29
2026.04.23	22:50:00	4696.03	4700.03	4693.78	4699.13	1715	0	29
2026.04.23	22:55:00	4699.12	4699.88	4695.35	4695.96	1786	0	29
2026.04.23	23:00:00	4695.96	4697.43	4693.87	4697.27	1399	0	29
2026.04.23	23:05:00	4697.25	4698.18	4695.05	4696.59	1252	0	29
2026.04.23	23:10:00	4696.60	4697.06	4690.47	4690.60	1047	0	29
2026.04.23	23:15:00	4690.54	4691.96	4686.46	4691.15	1244	0	29
2026.04.23	23:20:00	4691.27	4692.56	4689.88	4692.35	986	0	29
2026.04.23	23:25:00	4692.36	4692.60	4688.92	4689.38	808	0	29
2026.04.23	23:30:00	4689.38	4691.17	4689.28	4690.07	756	0	29
2026.04.23	23:35:00	4689.83	4690.49	4688.13	4690.18	698	0	29
2026.04.23	23:40:00	4690.18	4691.57	4689.07	4691.29	591	0	29
2026.04.23	23:45:00	4691.28	4692.10	4690.53	4690.67	752	0	29
2026.04.23	23:50:00	4690.66	4691.02	4688.40	4690.35	831	0	29
2026.04.23	23:55:00	4690.48	4693.20	4690.48	4692.85	537	0	29
2026.04.24	01:00:00	4702.39	4702.42	4694.76	4695.35	998	0	29
2026.04.24	01:05:00	4695.23	4699.17	4695.01	4697.20	796	0	29
2026.04.24	01:10:00	4697.22	4699.19	4695.22	4697.28	671	0	29
2026.04.24	01:15:00	4697.28	4697.28	4693.23	4693.90	465	0	29
2026.04.24	01:20:00	4693.91	4696.16	4692.12	4694.28	778	0	29
2026.04.24	01:25:00	4694.28	4695.19	4692.73	4692.75	647	0	29
2026.04.24	01:30:00	4692.72	4695.23	4692.71	4693.54	746	0	29
2026.04.24	01:35:00	4693.54	4696.80	4691.88	4691.88	851	0	29
2026.04.24	01:40:00	4691.86	4693.80	4690.78	4693.63	845	0	29
2026.04.24	01:45:00	4693.62	4694.51	4692.11	4692.21	708	0	29
2026.04.24	01:50:00	4692.26	4693.01	4690.05	4690.84	618	0	29
2026.04.24	01:55:00	4690.84	4693.28	4690.38	4693.18	680	0	29
2026.04.24	02:00:00	4693.29	4695.52	4691.91	4694.00	921	0	29
2026.04.24	02:05:00	4693.89	4694.45	4690.31	4690.37	691	0	29
2026.04.24	02:10:00	4690.37	4692.48	4689.63	4689.63	695	0	29
2026.04.24	02:15:00	4689.67	4690.36	4686.91	4688.38	1021	0	29
2026.04.24	02:20:00	4688.38	4691.77	4688.35	4688.95	835	0	29
2026.04.24	02:25:00	4688.95	4694.56	4688.76	4694.39	844	0	29
2026.04.24	02:30:00	4694.40	4699.30	4693.47	4699.07	1018	0	29
2026.04.24	02:35:00	4699.08	4700.74	4696.77	4696.80	1000	0	29
2026.04.24	02:40:00	4696.77	4698.51	4696.77	4697.33	740	0	29
2026.04.24	02:45:00	4697.37	4699.49	4696.14	4696.71	1049	0	29
2026.04.24	02:50:00	4696.71	4697.45	4695.36	4697.33	1074	0	29
2026.04.24	02:55:00	4697.38	4697.68	4692.25	4695.40	977	0	29
2026.04.24	03:00:00	4695.27	4700.11	4690.98	4691.58	1593	0	29
2026.04.24	03:05:00	4691.73	4698.01	4691.73	4696.31	1505	0	29
2026.04.24	03:10:00	4696.31	4698.76	4693.67	4698.08	1414	0	29
2026.04.24	03:15:00	4698.10	4700.41	4696.95	4697.08	1388	0	29
2026.04.24	03:20:00	4697.12	4701.00	4696.48	4700.68	1427	0	29
2026.04.24	03:25:00	4700.68	4705.62	4699.44	4705.43	1348	0	29
2026.04.24	03:30:00	4705.43	4707.87	4702.84	4704.42	1412	0	29
2026.04.24	03:35:00	4704.42	4707.47	4703.59	4704.10	1280	0	29
2026.04.24	03:40:00	4704.09	4704.39	4701.30	4701.59	1383	0	29
2026.04.24	03:45:00	4701.53	4703.23	4697.35	4699.35	1483	0	29
2026.04.24	03:50:00	4699.34	4703.21	4697.78	4703.21	1412	0	29
2026.04.24	03:55:00	4703.23	4705.87	4700.62	4704.59	1250	0	29
2026.04.24	04:00:00	4704.58	4708.09	4697.53	4698.87	1778	0	29
2026.04.24	04:05:00	4698.82	4704.33	4695.87	4704.00	1693	0	29
2026.04.24	04:10:00	4703.93	4710.00	4703.16	4709.33	1566	0	29
2026.04.24	04:15:00	4709.35	4711.07	4704.95	4705.35	1504	0	29
2026.04.24	04:20:00	4705.34	4705.47	4701.67	4704.03	1432	0	29
2026.04.24	04:25:00	4704.04	4704.06	4698.26	4698.42	1403	0	29
2026.04.24	04:30:00	4698.41	4702.27	4690.82	4693.67	1709	0	29
2026.04.24	04:35:00	4693.73	4697.61	4692.75	4695.91	1619	0	29
2026.04.24	04:40:00	4695.97	4697.82	4690.40	4690.90	1620	0	29
2026.04.24	04:45:00	4690.70	4697.09	4690.29	4696.98	1619	0	29
2026.04.24	04:50:00	4697.02	4697.04	4693.37	4695.52	1378	0	29
2026.04.24	04:55:00	4695.59	4700.64	4693.85	4699.51	1479	0	29
2026.04.24	05:00:00	4699.50	4700.60	4694.95	4696.96	1542	0	29
2026.04.24	05:05:00	4696.96	4698.96	4694.80	4694.80	1399	0	29
2026.04.24	05:10:00	4694.70	4694.75	4690.12	4693.07	1641	0	29
2026.04.24	05:15:00	4693.15	4696.15	4690.11	4691.78	1366	0	29
2026.04.24	05:20:00	4691.80	4692.30	4684.82	4684.87	1435	0	29
2026.04.24	05:25:00	4684.83	4686.81	4682.06	4683.65	1465	0	29
2026.04.24	05:30:00	4683.64	4690.91	4683.64	4689.09	1623	0	29
2026.04.24	05:35:00	4689.01	4689.36	4682.92	4683.50	1542	0	29
2026.04.24	05:40:00	4683.48	4683.69	4680.15	4683.37	1553	0	29
2026.04.24	05:45:00	4683.36	4684.00	4675.24	4675.97	1583	0	29
2026.04.24	05:50:00	4675.89	4678.69	4675.10	4678.30	1529	0	29
2026.04.24	05:55:00	4678.32	4678.97	4673.17	4676.71	1582	0	29
2026.04.24	06:00:00	4676.74	4678.31	4671.46	4672.64	1557	0	29
2026.04.24	06:05:00	4672.64	4674.67	4669.57	4670.40	1492	0	29
2026.04.24	06:10:00	4670.34	4671.83	4668.63	4670.36	1355	0	29
2026.04.24	06:15:00	4670.34	4674.20	4670.23	4673.60	1316	0	29
2026.04.24	06:20:00	4673.61	4677.24	4673.49	4674.73	1402	0	29
2026.04.24	06:25:00	4674.69	4678.07	4673.36	4674.40	1484	0	29
2026.04.24	06:30:00	4674.43	4677.12	4672.86	4676.52	1437	0	29
2026.04.24	06:35:00	4676.52	4677.69	4674.35	4676.89	1216	0	29
2026.04.24	06:40:00	4676.87	4678.12	4674.99	4675.25	992	0	29
2026.04.24	06:45:00	4675.25	4676.79	4673.98	4675.18	946	0	29
2026.04.24	06:50:00	4675.17	4675.88	4673.85	4673.90	904	0	29
2026.04.24	06:55:00	4673.91	4673.94	4671.44	4672.11	1017	0	29
2026.04.24	07:00:00	4672.11	4672.11	4667.42	4670.83	1282	0	29
2026.04.24	07:05:00	4670.88	4674.43	4669.34	4674.13	1087	0	29
2026.04.24	07:10:00	4674.09	4674.65	4669.89	4669.93	1026	0	29
2026.04.24	07:15:00	4669.95	4670.66	4668.09	4669.17	1105	0	29
2026.04.24	07:20:00	4669.17	4669.17	4661.44	4661.49	1309	0	29
2026.04.24	07:25:00	4661.52	4662.62	4659.31	4659.40	1224	0	29
2026.04.24	07:30:00	4659.42	4661.70	4657.83	4661.65	1251	0	29
2026.04.24	07:35:00	4661.71	4666.15	4660.66	4666.01	1171	0	29
2026.04.24	07:40:00	4666.00	4668.46	4664.74	4668.13	1133	0	29
2026.04.24	07:45:00	4668.13	4676.85	4668.03	4675.95	1346	0	29
2026.04.24	07:50:00	4675.91	4676.07	4673.42	4674.13	1067	0	29
2026.04.24	07:55:00	4674.14	4675.65	4673.45	4674.42	879	0	29
2026.04.24	08:00:00	4674.42	4676.80	4673.35	4673.51	1021	0	29
2026.04.24	08:05:00	4673.49	4674.27	4670.21	4670.60	1043	0	29
2026.04.24	08:10:00	4670.61	4673.84	4669.58	4673.34	1000	0	29
2026.04.24	08:15:00	4673.59	4675.77	4672.03	4674.79	1078	0	29
2026.04.24	08:20:00	4674.79	4676.47	4673.35	4676.26	1032	0	29
2026.04.24	08:25:00	4676.23	4678.48	4676.09	4676.43	915	0	29
2026.04.24	08:30:00	4676.45	4684.60	4676.45	4684.52	1369	0	29
2026.04.24	08:35:00	4684.48	4685.00	4681.95	4684.46	1371	0	29
2026.04.24	08:40:00	4684.52	4687.28	4681.21	4682.62	1456	0	29
2026.04.24	08:45:00	4682.62	4684.24	4680.27	4680.72	1514	0	29
2026.04.24	08:50:00	4680.76	4684.50	4680.34	4684.28	1369	0	29
2026.04.24	08:55:00	4684.27	4686.75	4682.88	4686.35	1232	0	29
2026.04.24	09:00:00	4686.35	4687.98	4683.11	4683.29	1394	0	29
2026.04.24	09:05:00	4683.29	4685.10	4682.14	4683.14	1334	0	29
2026.04.24	09:10:00	4683.17	4683.99	4680.76	4681.78	1377	0	29
2026.04.24	09:15:00	4681.79	4682.01	4676.68	4678.13	1325	0	29
2026.04.24	09:20:00	4678.11	4678.26	4673.46	4673.71	1401	0	29
2026.04.24	09:25:00	4673.75	4674.21	4670.02	4671.36	1448	0	29
2026.04.24	09:30:00	4671.37	4675.52	4671.37	4671.96	1403	0	29
2026.04.24	09:35:00	4672.21	4675.08	4671.90	4675.07	1393	0	29
2026.04.24	09:40:00	4675.08	4676.16	4669.89	4673.66	1305	0	29
2026.04.24	09:45:00	4673.67	4673.88	4668.75	4669.63	1536	0	29
2026.04.24	09:50:00	4669.63	4675.01	4666.77	4674.90	1500	0	29
2026.04.24	09:55:00	4674.98	4676.34	4671.53	4671.86	1407	0	29
2026.04.24	10:00:00	4671.87	4676.53	4670.98	4674.37	1367	0	29
2026.04.24	10:05:00	4674.31	4678.55	4674.01	4677.46	1222	0	29
2026.04.24	10:10:00	4677.45	4681.29	4676.75	4680.51	1033	0	29
2026.04.24	10:15:00	4680.50	4682.23	4678.18	4681.36	1144	0	29
2026.04.24	10:20:00	4681.35	4684.21	4679.96	4681.73	1198	0	29
2026.04.24	10:25:00	4681.74	4684.73	4681.73	4684.30	1086	0	29
2026.04.24	10:30:00	4684.34	4684.34	4682.21	4684.01	1170	0	29
2026.04.24	10:35:00	4684.01	4685.71	4683.26	4683.40	1018	0	29
2026.04.24	10:40:00	4683.34	4685.76	4682.86	4685.48	1087	0	29
2026.04.24	10:45:00	4685.49	4691.88	4685.20	4690.91	1286	0	29
2026.04.24	10:50:00	4690.95	4692.51	4690.38	4690.68	1108	0	29
2026.04.24	10:55:00	4690.75	4695.17	4689.97	4694.39	1170	0	29
2026.04.24	11:00:00	4694.40	4694.49	4686.51	4688.39	1433	0	29
2026.04.24	11:05:00	4688.39	4689.96	4686.45	4688.06	1381	0	29
2026.04.24	11:10:00	4688.04	4690.03	4686.69	4687.41	1234	0	29
2026.04.24	11:15:00	4687.38	4694.21	4687.38	4693.17	1485	0	29
2026.04.24	11:20:00	4693.16	4697.39	4691.82	4692.19	1386	0	29
2026.04.24	11:25:00	4692.18	4692.22	4686.66	4687.72	1395	0	29
2026.04.24	11:30:00	4687.88	4688.57	4685.82	4686.08	1317	0	29
2026.04.24	11:35:00	4686.08	4689.09	4685.00	4688.21	1250	0	29
2026.04.24	11:40:00	4688.24	4690.11	4687.38	4688.09	1086	0	29
2026.04.24	11:45:00	4688.08	4693.01	4687.64	4691.83	1169	0	29
2026.04.24	11:50:00	4691.83	4691.91	4689.48	4690.28	1039	0	29
2026.04.24	11:55:00	4690.27	4691.16	4688.72	4690.71	1094	0	29
2026.04.24	12:00:00	4690.72	4693.10	4689.62	4691.64	1369	0	29
2026.04.24	12:05:00	4691.69	4694.09	4690.53	4691.31	1160	0	29
2026.04.24	12:10:00	4691.29	4695.28	4690.97	4695.28	1200	0	29
2026.04.24	12:15:00	4695.28	4696.68	4692.79	4694.62	1248	0	29
2026.04.24	12:20:00	4694.61	4694.78	4686.21	4686.46	1326	0	29
2026.04.24	12:25:00	4686.43	4687.63	4682.31	4683.25	1455	0	29
2026.04.24	12:30:00	4683.16	4684.51	4679.34	4682.83	1347	0	29
2026.04.24	12:35:00	4682.81	4684.04	4680.95	4682.83	1193	0	29
2026.04.24	12:40:00	4682.85	4688.51	4682.23	4685.93	1260	0	29
2026.04.24	12:45:00	4685.93	4686.74	4684.36	4685.13	962	0	29
2026.04.24	12:50:00	4685.13	4685.21	4679.31	4682.16	1173	0	29
2026.04.24	12:55:00	4682.16	4684.26	4680.01	4682.00	1189	0	29
2026.04.24	13:00:00	4681.96	4684.46	4681.41	4683.80	1186	0	29
2026.04.24	13:05:00	4683.80	4684.55	4680.86	4683.47	1013	0	29
2026.04.24	13:10:00	4683.47	4683.58	4681.08	4682.28	967	0	29
2026.04.24	13:15:00	4682.24	4683.65	4681.30	4682.92	997	0	29
2026.04.24	13:20:00	4682.92	4684.32	4680.27	4683.55	1134	0	29
2026.04.24	13:25:00	4683.51	4686.20	4682.19	4682.19	1188	0	29
2026.04.24	13:30:00	4682.19	4682.33	4675.19	4675.30	1249	0	29
2026.04.24	13:35:00	4675.26	4678.81	4674.61	4677.33	1115	0	29
2026.04.24	13:40:00	4677.34	4680.94	4677.06	4678.92	1006	0	29
2026.04.24	13:45:00	4678.88	4679.80	4677.67	4679.55	962	0	29
2026.04.24	13:50:00	4679.56	4680.65	4676.59	4677.17	879	0	29
2026.04.24	13:55:00	4677.15	4680.35	4676.77	4677.78	1056	0	29
2026.04.24	14:00:00	4677.90	4690.83	4677.79	4689.51	1459	0	29
2026.04.24	14:05:00	4689.49	4703.29	4687.32	4695.94	2062	0	29
2026.04.24	14:10:00	4696.05	4701.77	4695.55	4697.14	1849	0	29
2026.04.24	14:15:00	4697.09	4700.47	4692.48	4695.10	1670	0	29
2026.04.24	14:20:00	4695.16	4711.77	4692.55	4709.14	1926	0	29
2026.04.24	14:25:00	4709.52	4717.02	4706.55	4715.35	1903	0	29
2026.04.24	14:30:00	4715.34	4717.28	4710.21	4713.12	1839	0	29
2026.04.24	14:35:00	4712.88	4713.24	4706.26	4707.12	1584	0	29
2026.04.24	14:40:00	4707.07	4709.69	4705.06	4705.38	1434	0	29
2026.04.24	14:45:00	4705.38	4705.71	4702.86	4704.36	1433	0	29
2026.04.24	14:50:00	4704.37	4707.25	4703.14	4706.45	1331	0	29
2026.04.24	14:55:00	4706.45	4708.26	4705.15	4706.83	1343	0	29
2026.04.24	15:00:00	4706.83	4709.93	4705.01	4707.32	1736	0	29
2026.04.24	15:05:00	4707.32	4707.83	4703.31	4705.49	1486	0	29
2026.04.24	15:10:00	4705.49	4710.13	4705.28	4708.61	1398	0	29
2026.04.24	15:15:00	4708.67	4711.78	4701.48	4706.00	1564	0	29
2026.04.24	15:20:00	4706.26	4711.47	4703.77	4709.06	1697	0	29
2026.04.24	15:25:00	4708.95	4710.72	4707.24	4710.27	1406	0	29
2026.04.24	15:30:00	4710.19	4711.54	4705.78	4705.91	1415	0	29
2026.04.24	15:35:00	4705.91	4707.42	4703.55	4705.78	1598	0	29
2026.04.24	15:40:00	4705.79	4706.88	4698.67	4698.72	1510	0	29
2026.04.24	15:45:00	4698.70	4699.32	4690.37	4692.33	1590	0	29
2026.04.24	15:50:00	4692.25	4695.34	4690.48	4693.60	1649	0	29
2026.04.24	15:55:00	4693.73	4701.05	4693.48	4700.70	1616	0	29
2026.04.24	16:00:00	4700.71	4703.10	4696.27	4697.78	1872	0	29
2026.04.24	16:05:00	4697.75	4702.90	4696.08	4700.33	1627	0	29
2026.04.24	16:10:00	4700.34	4705.62	4699.24	4702.97	1639	0	29
2026.04.24	16:15:00	4702.95	4705.10	4699.65	4702.21	1590	0	29
2026.04.24	16:20:00	4702.24	4704.19	4695.52	4696.18	1679	0	29
2026.04.24	16:25:00	4695.97	4697.32	4693.53	4696.98	1742	0	29
2026.04.24	16:30:00	4696.97	4699.57	4689.73	4692.13	2046	0	29
2026.04.24	16:35:00	4692.15	4704.41	4691.53	4703.89	1935	0	29
2026.04.24	16:40:00	4703.84	4709.64	4702.32	4708.19	1967	0	29
2026.04.24	16:45:00	4708.40	4717.34	4706.17	4712.03	1994	0	29
2026.04.24	16:50:00	4712.05	4712.59	4705.01	4706.10	1908	0	29
2026.04.24	16:55:00	4706.10	4712.87	4704.73	4711.82	1823	0	29
2026.04.24	17:00:00	4711.62	4715.27	4706.92	4713.12	2049	0	29
2026.04.24	17:05:00	4713.06	4731.00	4712.85	4728.08	2110	0	29
2026.04.24	17:10:00	4728.08	4740.20	4725.65	4731.41	2032	0	29
2026.04.24	17:15:00	4731.23	4733.52	4726.97	4731.40	1989	0	29
2026.04.24	17:20:00	4731.20	4733.97	4726.52	4728.24	1990	0	29
2026.04.24	17:25:00	4728.24	4728.52	4721.51	4725.53	1940	0	29
2026.04.24	17:30:00	4725.59	4731.54	4723.67	4728.88	1948	0	29
2026.04.24	17:35:00	4728.85	4731.96	4726.12	4729.81	1949	0	29
2026.04.24	17:40:00	4729.81	4732.88	4727.69	4730.34	1839	0	29
2026.04.24	17:45:00	4730.47	4731.19	4725.26	4727.70	1782	0	29
2026.04.24	17:50:00	4727.71	4729.31	4724.78	4725.65	1765	0	29
2026.04.24	17:55:00	4725.75	4727.21	4724.06	4726.37	1570	0	29
2026.04.24	18:00:00	4726.38	4727.20	4721.82	4722.21	1712	0	29
2026.04.24	18:05:00	4722.20	4724.59	4718.79	4724.22	1795	0	29
2026.04.24	18:10:00	4724.23	4725.12	4719.94	4721.82	1705	0	29
2026.04.24	18:15:00	4721.85	4723.11	4719.78	4721.52	1622	0	29
2026.04.24	18:20:00	4721.63	4726.32	4720.78	4721.54	1598	0	29
2026.04.24	18:25:00	4721.58	4722.69	4718.65	4721.86	1662	0	29
2026.04.24	18:30:00	4722.00	4724.79	4718.09	4718.26	1599	0	29
2026.04.24	18:35:00	4718.35	4720.17	4717.40	4718.78	1707	0	29
2026.04.24	18:40:00	4718.89	4729.43	4714.96	4727.73	1665	0	29
2026.04.24	18:45:00	4728.07	4733.35	4724.00	4724.00	2166	0	29
2026.04.24	18:50:00	4724.23	4730.68	4723.98	4729.18	2013	0	29
2026.04.24	18:55:00	4729.47	4729.96	4725.37	4727.16	1840	0	29
2026.04.24	19:00:00	4727.19	4729.67	4723.90	4725.79	1809	0	29
2026.04.24	19:05:00	4725.73	4726.58	4720.64	4721.72	1625	0	29
2026.04.24	19:10:00	4721.70	4723.77	4720.21	4720.51	1629	0	29
2026.04.24	19:15:00	4720.39	4720.94	4719.12	4720.55	1574	0	29
2026.04.24	19:20:00	4720.58	4724.57	4720.54	4724.13	1438	0	29
2026.04.24	19:25:00	4724.11	4725.80	4722.53	4723.26	1438	0	29
2026.04.24	19:30:00	4723.29	4727.11	4723.29	4725.75	1514	0	29
2026.04.24	19:35:00	4725.74	4725.79	4723.67	4724.14	1264	0	29
2026.04.24	19:40:00	4724.09	4724.28	4719.28	4722.55	1482	0	29
2026.04.24	19:45:00	4722.52	4724.61	4720.35	4721.72	1465	0	29
2026.04.24	19:50:00	4721.73	4724.70	4721.73	4724.21	1410	0	29
2026.04.24	19:55:00	4724.26	4727.70	4723.51	4726.83	1443	0	29
2026.04.24	20:00:00	4726.77	4729.95	4726.77	4728.15	1658	0	29
2026.04.24	20:05:00	4728.06	4729.05	4725.69	4727.69	1526	0	29
2026.04.24	20:10:00	4727.68	4728.18	4726.10	4727.81	1369	0	29
2026.04.24	20:15:00	4727.74	4729.30	4725.96	4728.82	1276	0	29
2026.04.24	20:20:00	4728.81	4728.95	4723.06	4726.61	1388	0	29
2026.04.24	20:25:00	4726.65	4727.90	4722.33	4722.91	1417	0	29
2026.04.24	20:30:00	4722.68	4723.39	4719.02	4720.88	1592	0	29
2026.04.24	20:35:00	4720.89	4725.51	4720.66	4721.78	1355	0	29
2026.04.24	20:40:00	4721.80	4723.27	4721.61	4722.53	1229	0	29
2026.04.24	20:45:00	4722.56	4723.17	4721.40	4722.06	1033	0	29
2026.04.24	20:50:00	4722.06	4727.58	4720.57	4724.88	1201	0	29
2026.04.24	20:55:00	4724.95	4726.33	4723.20	4723.36	1446	0	29
2026.04.24	21:00:00	4723.37	4724.78	4722.41	4722.59	1412	0	29
2026.04.24	21:05:00	4722.60	4722.78	4719.93	4722.46	1385	0	29
2026.04.24	21:10:00	4722.49	4724.81	4722.41	4723.75	1168	0	29
2026.04.24	21:15:00	4723.76	4724.28	4720.67	4721.33	1252	0	29
2026.04.24	21:20:00	4721.29	4722.48	4719.69	4721.15	1325	0	29
2026.04.24	21:25:00	4721.12	4721.12	4717.00	4717.15	1251	0	29
2026.04.24	21:30:00	4716.98	4720.38	4716.82	4719.66	1199	0	29
2026.04.24	21:35:00	4719.66	4720.46	4718.56	4719.90	1078	0	29
2026.04.24	21:40:00	4719.90	4720.47	4717.96	4718.86	945	0	29
2026.04.24	21:45:00	4718.87	4719.70	4717.75	4718.62	1059	0	29
2026.04.24	21:50:00	4718.61	4721.05	4718.11	4720.22	1181	0	29
2026.04.24	21:55:00	4720.05	4723.24	4719.71	4722.70	1075	0	29
2026.04.24	22:00:00	4722.70	4726.00	4721.62	4723.55	1156	0	29
2026.04.24	22:05:00	4723.52	4724.10	4722.09	4722.11	1079	0	29
2026.04.24	22:10:00	4722.12	4722.78	4720.95	4722.38	1140	0	29
2026.04.24	22:15:00	4722.38	4723.25	4720.15	4721.22	1087	0	29
2026.04.24	22:20:00	4721.20	4721.20	4717.38	4717.84	1023	0	29
2026.04.24	22:25:00	4717.87	4719.13	4717.54	4719.03	1230	0	29
2026.04.24	22:30:00	4719.03	4720.61	4718.30	4718.40	1188	0	29
2026.04.24	22:35:00	4718.40	4718.49	4715.98	4717.34	1172	0	29
2026.04.24	22:40:00	4717.34	4717.79	4716.04	4716.74	1138	0	29
2026.04.24	22:45:00	4716.52	4718.54	4715.76	4716.24	1223	0	29
2026.04.24	22:50:00	4716.25	4717.55	4715.71	4716.73	1341	0	29
2026.04.24	22:55:00	4716.69	4717.62	4713.62	4716.82	1558	0	29
2026.04.24	23:00:00	4716.27	4717.38	4711.09	4711.30	1098	0	29
2026.04.24	23:05:00	4711.28	4712.30	4708.71	4709.10	950	0	29
2026.04.24	23:10:00	4709.10	4710.33	4705.41	4706.69	915	0	29
2026.04.24	23:15:00	4706.67	4707.54	4705.38	4705.93	687	0	29
2026.04.24	23:20:00	4705.94	4708.12	4705.72	4707.28	834	0	29
2026.04.24	23:25:00	4707.09	4709.56	4706.32	4708.10	816	0	29
2026.04.24	23:30:00	4708.09	4708.48	4705.43	4705.46	671	0	29
2026.04.24	23:35:00	4705.49	4708.71	4705.28	4707.32	752	0	29
2026.04.24	23:40:00	4707.33	4707.70	4705.54	4707.50	754	0	29
2026.04.24	23:45:00	4707.47	4709.01	4706.92	4707.22	862	0	29
2026.04.24	23:50:00	4706.82	4709.46	4706.71	4708.18	851	0	29
2026.04.24	23:55:00	4708.17	4708.23	4707.09	4707.38	232	0	29
2026.04.27	01:00:00	4701.28	4704.79	4692.62	4697.05	1732	0	34
2026.04.27	01:05:00	4696.99	4696.99	4681.50	4681.60	1522	0	34
2026.04.27	01:10:00	4681.72	4685.79	4680.06	4685.38	1279	0	34
2026.04.27	01:15:00	4685.38	4688.59	4683.99	4688.59	1149	0	34
2026.04.27	01:20:00	4688.58	4688.58	4683.15	4684.68	1118	0	34
2026.04.27	01:25:00	4684.75	4687.34	4682.97	4686.78	904	0	34
2026.04.27	01:30:00	4686.81	4686.86	4682.20	4683.50	1137	0	29
2026.04.27	01:35:00	4683.49	4686.24	4683.32	4686.07	862	0	29
2026.04.27	01:40:00	4686.07	4686.15	4683.89	4684.50	877	0	29
2026.04.27	01:45:00	4684.49	4685.58	4683.41	4684.85	710	0	29
2026.04.27	01:50:00	4684.84	4685.49	4682.01	4684.35	788	0	29
2026.04.27	01:55:00	4684.29	4685.83	4683.71	4684.59	808	0	29
2026.04.27	02:00:00	4684.41	4684.41	4677.60	4681.30	1280	0	29
2026.04.27	02:05:00	4681.34	4684.41	4681.29	4683.31	940	0	29
2026.04.27	02:10:00	4683.31	4684.86	4682.88	4683.65	772	0	29
2026.04.27	02:15:00	4683.60	4684.47	4683.26	4683.54	685	0	29
2026.04.27	02:20:00	4683.54	4683.75	4681.13	4682.55	710	0	29
2026.04.27	02:25:00	4682.55	4682.64	4677.30	4677.39	831	0	29
2026.04.27	02:30:00	4677.14	4679.67	4676.52	4678.97	982	0	29
2026.04.27	02:35:00	4678.98	4679.97	4675.60	4676.66	828	0	29
2026.04.27	02:40:00	4676.66	4678.21	4675.02	4676.83	1025	0	29
2026.04.27	02:45:00	4676.84	4682.11	4676.84	4680.59	1041	0	29
2026.04.27	02:50:00	4680.59	4681.75	4678.90	4681.11	798	0	29
2026.04.27	02:55:00	4681.11	4681.79	4679.72	4679.83	835	0	29
2026.04.27	03:00:00	4680.03	4681.05	4675.17	4678.89	1462	0	29
2026.04.27	03:05:00	4678.91	4679.54	4672.18	4675.63	1547	0	29
2026.04.27	03:10:00	4675.66	4679.87	4675.66	4679.81	1101	0	29
2026.04.27	03:15:00	4679.77	4681.35	4677.73	4678.81	1347	0	29
2026.04.27	03:20:00	4678.82	4680.34	4677.64	4678.91	1176	0	29
2026.04.27	03:25:00	4678.90	4682.25	4677.77	4680.79	1126	0	29
2026.04.27	03:30:00	4681.03	4681.47	4677.25	4678.17	1112	0	29
2026.04.27	03:35:00	4678.17	4679.43	4676.80	4679.26	1044	0	29
2026.04.27	03:40:00	4679.25	4680.94	4678.07	4680.61	840	0	29
2026.04.27	03:45:00	4680.60	4682.93	4680.57	4682.44	951	0	29
2026.04.27	03:50:00	4682.45	4688.98	4682.44	4688.60	1050	0	29
2026.04.27	03:55:00	4688.66	4698.06	4688.66	4697.70	1448	0	29
2026.04.27	04:00:00	4697.82	4709.72	4694.60	4707.97	1998	0	29
2026.04.27	04:05:00	4708.01	4708.69	4696.91	4698.23	1842	0	29
2026.04.27	04:10:00	4698.19	4702.32	4692.14	4692.83	1674	0	29
2026.04.27	04:15:00	4692.80	4696.60	4690.87	4695.88	1671	0	29
2026.04.27	04:20:00	4695.93	4698.63	4694.46	4696.99	1585	0	29
2026.04.27	04:25:00	4696.98	4698.06	4692.81	4698.00	1635	0	29
2026.04.27	04:30:00	4698.02	4700.79	4695.71	4697.46	1647	0	29
2026.04.27	04:35:00	4697.47	4699.86	4696.30	4699.86	1529	0	29
2026.04.27	04:40:00	4699.86	4700.49	4696.70	4697.90	1506	0	29
2026.04.27	04:45:00	4697.91	4701.86	4697.76	4701.61	1463	0	29
2026.04.27	04:50:00	4701.77	4706.44	4701.26	4702.86	1491	0	29
2026.04.27	04:55:00	4702.85	4704.25	4700.02	4702.59	1477	0	29
2026.04.27	05:00:00	4702.60	4706.54	4700.70	4702.19	1494	0	29
2026.04.27	05:05:00	4702.21	4702.25	4696.47	4698.57	1414	0	29
2026.04.27	05:10:00	4698.55	4700.27	4696.21	4699.62	1259	0	29
2026.04.27	05:15:00	4699.61	4708.23	4698.88	4705.23	1285	0	29
2026.04.27	05:20:00	4705.23	4707.20	4704.29	4705.17	1083	0	29
2026.04.27	05:25:00	4705.16	4706.67	4704.79	4705.73	979	0	29
2026.04.27	05:30:00	4705.70	4707.64	4704.34	4705.50	1437	0	29
2026.04.27	05:35:00	4705.60	4714.41	4705.59	4712.12	1418	0	29
2026.04.27	05:40:00	4712.12	4714.01	4710.78	4713.41	1374	0	29
2026.04.27	05:45:00	4713.41	4719.16	4712.06	4718.39	1417	0	29
2026.04.27	05:50:00	4718.39	4722.82	4717.50	4721.34	1423	0	29
2026.04.27	05:55:00	4721.35	4723.38	4718.12	4718.12	1307	0	29
2026.04.27	06:00:00	4718.08	4722.17	4718.08	4720.27	1339	0	29
2026.04.27	06:05:00	4720.31	4721.03	4718.81	4720.35	1177	0	29
2026.04.27	06:10:00	4720.35	4721.74	4716.35	4717.78	1279	0	29
2026.04.27	06:15:00	4717.79	4718.48	4716.54	4716.86	1132	0	29
2026.04.27	06:20:00	4716.86	4718.45	4716.17	4716.31	995	0	29
2026.04.27	06:25:00	4716.36	4716.55	4714.42	4715.60	1065	0	29
2026.04.27	06:30:00	4715.65	4722.22	4715.36	4721.92	1127	0	29
2026.04.27	06:35:00	4721.92	4725.41	4721.00	4723.83	1047	0	29
2026.04.27	06:40:00	4723.70	4729.33	4723.38	4728.27	1164	0	29
2026.04.27	06:45:00	4728.27	4728.66	4723.13	4724.24	1030	0	29
2026.04.27	06:50:00	4724.23	4726.16	4722.42	4725.05	984	0	29
2026.04.27	06:55:00	4725.08	4726.33	4723.96	4724.14	878	0	29
2026.04.27	07:00:00	4724.13	4726.69	4723.57	4726.31	1003	0	29
2026.04.27	07:05:00	4726.30	4727.49	4726.15	4727.03	761	0	29
2026.04.27	07:10:00	4727.04	4727.93	4725.97	4727.43	695	0	29
2026.04.27	07:15:00	4727.44	4727.90	4724.91	4726.43	770	0	29
2026.04.27	07:20:00	4726.47	4727.55	4725.99	4726.37	704	0	29
2026.04.27	07:25:00	4726.38	4727.07	4725.01	4726.86	690	0	29
2026.04.27	07:30:00	4726.89	4729.96	4726.86	4727.20	875	0	29
2026.04.27	07:35:00	4727.22	4728.08	4725.33	4727.85	884	0	29
2026.04.27	07:40:00	4727.89	4728.09	4726.01	4726.16	805	0	29
2026.04.27	07:45:00	4726.16	4726.57	4723.96	4724.29	773	0	29
2026.04.27	07:50:00	4724.29	4724.84	4723.18	4724.49	800	0	29
2026.04.27	07:55:00	4724.49	4726.30	4722.68	4724.91	895	0	29
2026.04.27	08:00:00	4724.93	4725.44	4720.89	4721.20	1036	0	29
2026.04.27	08:05:00	4721.21	4722.02	4719.53	4719.53	1054	0	29
2026.04.27	08:10:00	4719.64	4720.38	4718.10	4718.30	962	0	29
2026.04.27	08:15:00	4718.30	4718.62	4716.08	4717.93	1056	0	29
2026.04.27	08:20:00	4717.93	4719.21	4717.76	4719.11	840	0	29
2026.04.27	08:25:00	4719.10	4719.86	4717.63	4718.18	904	0	29
2026.04.27	08:30:00	4718.16	4718.31	4711.60	4712.76	1486	0	29
2026.04.27	08:35:00	4712.81	4712.81	4709.53	4710.59	1473	0	29
2026.04.27	08:40:00	4710.59	4712.18	4709.05	4711.63	1235	0	29
2026.04.27	08:45:00	4711.64	4713.61	4711.20	4711.45	1045	0	29
2026.04.27	08:50:00	4711.45	4711.89	4708.65	4711.50	1285	0	29
2026.04.27	08:55:00	4711.42	4713.04	4709.74	4710.02	1222	0	29
2026.04.27	09:00:00	4710.04	4713.12	4709.27	4710.97	1415	0	29
2026.04.27	09:05:00	4710.94	4713.39	4709.28	4713.21	1511	0	29
2026.04.27	09:10:00	4713.21	4715.62	4713.13	4714.49	1276	0	29
2026.04.27	09:15:00	4714.41	4714.43	4711.58	4712.16	1213	0	29
2026.04.27	09:20:00	4712.14	4715.23	4711.36	4714.63	1137	0	29
2026.04.27	09:25:00	4714.62	4715.57	4712.43	4714.38	1115	0	29
2026.04.27	09:30:00	4714.39	4714.49	4709.33	4710.31	1335	0	29
2026.04.27	09:35:00	4710.31	4714.01	4709.62	4711.87	1265	0	29
2026.04.27	09:40:00	4711.87	4712.89	4710.29	4710.69	1193	0	29
2026.04.27	09:45:00	4710.70	4714.44	4709.93	4714.17	1158	0	29
2026.04.27	09:50:00	4714.17	4715.40	4713.23	4713.35	1036	0	29
2026.04.27	09:55:00	4713.34	4714.48	4711.98	4712.79	1092	0	29
2026.04.27	10:00:00	4712.79	4717.64	4710.87	4717.39	1368	0	29
2026.04.27	10:05:00	4717.39	4718.24	4714.73	4717.03	1346	0	29
2026.04.27	10:10:00	4717.04	4717.55	4714.14	4717.09	1162	0	29
2026.04.27	10:15:00	4717.09	4717.26	4712.31	4715.13	1220	0	29
2026.04.27	10:20:00	4715.11	4718.29	4713.59	4717.70	1179	0	29
2026.04.27	10:25:00	4717.70	4718.17	4714.21	4716.04	1147	0	29
2026.04.27	10:30:00	4716.05	4717.34	4713.70	4716.59	1152	0	29
2026.04.27	10:35:00	4716.59	4716.59	4713.44	4715.88	1098	0	29
2026.04.27	10:40:00	4715.82	4716.81	4714.54	4714.82	1147	0	29
2026.04.27	10:45:00	4714.82	4716.84	4713.08	4714.28	1126	0	29
2026.04.27	10:50:00	4714.28	4714.70	4709.92	4712.07	1286	0	29
2026.04.27	10:55:00	4712.07	4714.29	4711.75	4713.30	1268	0	29
2026.04.27	11:00:00	4713.32	4714.30	4710.30	4712.13	1512	0	29
2026.04.27	11:05:00	4712.15	4713.49	4710.30	4711.76	1352	0	29
2026.04.27	11:10:00	4711.81	4713.80	4710.20	4710.90	1342	0	29
2026.04.27	11:15:00	4710.91	4714.06	4710.45	4710.51	1264	0	29
2026.04.27	11:20:00	4710.53	4712.37	4709.43	4711.11	1134	0	29
2026.04.27	11:25:00	4711.10	4711.81	4709.41	4710.65	1309	0	29
2026.04.27	11:30:00	4710.67	4710.70	4707.01	4709.45	1358	0	29
2026.04.27	11:35:00	4709.45	4709.84	4706.95	4707.40	1132	0	29
2026.04.27	11:40:00	4707.40	4711.80	4705.32	4711.78	1249	0	29
2026.04.27	11:45:00	4711.78	4714.68	4711.40	4712.17	1138	0	29
2026.04.27	11:50:00	4712.15	4712.38	4706.81	4706.89	1188	0	29
2026.04.27	11:55:00	4706.89	4708.59	4705.49	4706.76	1077	0	29
2026.04.27	12:00:00	4706.75	4708.04	4705.58	4706.40	1092	0	29
2026.04.27	12:05:00	4706.38	4708.23	4704.29	4704.51	1006	0	29
2026.04.27	12:10:00	4704.51	4706.10	4702.48	4705.04	1108	0	29
2026.04.27	12:15:00	4705.04	4705.94	4703.43	4705.36	1095	0	29
2026.04.27	12:20:00	4705.37	4706.07	4704.77	4705.77	889	0	29
2026.04.27	12:25:00	4705.80	4706.52	4701.53	4702.25	988	0	29
2026.04.27	12:30:00	4702.21	4703.83	4699.50	4702.96	1097	0	29
2026.04.27	12:35:00	4702.94	4704.26	4700.68	4704.19	1061	0	29
2026.04.27	12:40:00	4704.19	4705.32	4703.24	4704.59	819	0	29
2026.04.27	12:45:00	4704.57	4704.57	4700.12	4700.31	915	0	29
2026.04.27	12:50:00	4700.27	4702.57	4699.51	4700.45	972	0	29
2026.04.27	12:55:00	4700.40	4704.35	4700.40	4703.54	993	0	29
2026.04.27	13:00:00	4703.55	4706.03	4702.71	4705.22	899	0	29
2026.04.27	13:05:00	4705.25	4706.81	4703.42	4703.78	991	0	29
2026.04.27	13:10:00	4703.78	4704.22	4701.53	4701.84	828	0	29
2026.04.27	13:15:00	4701.84	4703.04	4699.45	4702.16	908	0	29
2026.04.27	13:20:00	4702.17	4705.80	4702.17	4704.26	839	0	29
2026.04.27	13:25:00	4704.27	4705.50	4703.36	4705.08	841	0	29
2026.04.27	13:30:00	4705.11	4708.13	4704.59	4707.37	972	0	29
2026.04.27	13:35:00	4707.37	4709.55	4705.26	4708.24	1049	0	29
2026.04.27	13:40:00	4708.24	4710.54	4708.23	4708.97	1006	0	29
2026.04.27	13:45:00	4708.96	4710.61	4707.78	4708.34	1122	0	29
2026.04.27	13:50:00	4708.35	4710.22	4707.06	4709.26	1043	0	29
2026.04.27	13:55:00	4709.26	4710.74	4708.22	4708.71	1008	0	29
2026.04.27	14:00:00	4708.75	4709.06	4705.29	4705.74	1269	0	29
2026.04.27	14:05:00	4705.74	4707.80	4705.37	4706.94	1002	0	29
2026.04.27	14:10:00	4706.93	4706.98	4703.89	4704.05	1094	0	29
2026.04.27	14:15:00	4704.07	4704.78	4700.58	4704.03	1117	0	29
2026.04.27	14:20:00	4704.01	4704.73	4700.27	4703.99	1332	0	29
2026.04.27	14:25:00	4704.00	4706.94	4703.13	4705.15	1083	0	29
2026.04.27	14:30:00	4705.24	4708.51	4704.32	4705.41	1254	0	29
2026.04.27	14:35:00	4705.41	4705.70	4700.84	4701.98	1169	0	29
2026.04.27	14:40:00	4701.99	4704.19	4700.04	4702.61	1009	0	29
2026.04.27	14:45:00	4702.62	4705.25	4702.62	4702.81	885	0	29
2026.04.27	14:50:00	4702.81	4703.25	4700.98	4703.24	877	0	29
2026.04.27	14:55:00	4703.24	4705.08	4700.86	4704.80	983	0	29
2026.04.27	15:00:00	4704.96	4706.11	4702.54	4705.10	1285	0	29
2026.04.27	15:05:00	4705.06	4706.17	4702.52	4706.04	1205	0	29
2026.04.27	15:10:00	4706.07	4709.07	4704.11	4708.79	1292	0	29
2026.04.27	15:15:00	4708.81	4711.52	4707.27	4710.82	1414	0	29
2026.04.27	15:20:00	4710.82	4712.55	4708.00	4709.17	1287	0	29
2026.04.27	15:25:00	4709.19	4709.73	4702.05	4707.00	1584	0	29
2026.04.27	15:30:00	4707.01	4707.81	4704.00	4704.27	1295	0	29
2026.04.27	15:35:00	4704.42	4705.24	4701.13	4701.56	1361	0	29
2026.04.27	15:40:00	4701.52	4702.35	4697.09	4698.80	1526	0	29
2026.04.27	15:45:00	4698.76	4703.54	4697.55	4703.37	1407	0	29
2026.04.27	15:50:00	4703.35	4704.40	4701.50	4702.78	1255	0	29
2026.04.27	15:55:00	4702.82	4702.82	4696.94	4699.18	1489	0	29
2026.04.27	16:00:00	4699.37	4700.48	4693.30	4696.26	1839	0	29
2026.04.27	16:05:00	4696.20	4696.83	4693.30	4696.16	1663	0	29
2026.04.27	16:10:00	4696.17	4699.58	4694.00	4695.93	1667	0	29
2026.04.27	16:15:00	4695.92	4703.32	4695.48	4700.62	1572	0	29
2026.04.27	16:20:00	4700.62	4702.97	4699.04	4699.38	1416	0	29
2026.04.27	16:25:00	4699.38	4700.15	4697.55	4699.89	1380	0	29
2026.04.27	16:30:00	4699.87	4702.47	4693.66	4694.54	1992	0	29
2026.04.27	16:35:00	4694.54	4695.49	4689.18	4692.38	1911	0	29
2026.04.27	16:40:00	4692.35	4694.49	4691.01	4693.26	1829	0	29
2026.04.27	16:45:00	4693.37	4695.68	4689.55	4689.77	1905	0	29
2026.04.27	16:50:00	4689.73	4695.69	4689.32	4694.53	1877	0	29
2026.04.27	16:55:00	4694.58	4697.32	4692.70	4696.09	1781	0	29
2026.04.27	17:00:00	4696.10	4696.14	4691.89	4694.06	1918	0	29
2026.04.27	17:05:00	4694.04	4696.28	4688.51	4688.82	1893	0	29
2026.04.27	17:10:00	4688.90	4693.02	4687.96	4692.52	1813	0	29
2026.04.27	17:15:00	4692.46	4696.53	4690.71	4695.40	1863	0	29
2026.04.27	17:20:00	4695.20	4696.21	4691.82	4693.28	1721	0	29
2026.04.27	17:25:00	4693.14	4694.20	4686.22	4688.97	1782	0	29
2026.04.27	17:30:00	4689.02	4689.03	4683.54	4685.79	1892	0	29
2026.04.27	17:35:00	4685.80	4696.61	4685.52	4693.27	1882	0	29
2026.04.27	17:40:00	4693.37	4694.77	4690.02	4693.44	1749	0	29
2026.04.27	17:45:00	4693.43	4693.97	4690.50	4690.91	1599	0	29
2026.04.27	17:50:00	4690.86	4691.91	4679.94	4680.70	1771	0	29
2026.04.27	17:55:00	4680.59	4681.07	4676.60	4678.12	1754	0	29
2026.04.27	18:00:00	4678.38	4679.35	4667.91	4668.82	1861	0	29
2026.04.27	18:05:00	4668.91	4673.57	4667.19	4670.36	1843	0	29
2026.04.27	18:10:00	4670.38	4676.96	4670.38	4674.50	1834	0	29
2026.04.27	18:15:00	4674.52	4677.85	4672.86	4677.67	1685	0	29
2026.04.27	18:20:00	4677.73	4678.42	4671.94	4673.75	1727	0	29
2026.04.27	18:25:00	4673.72	4681.13	4671.96	4681.13	1602	0	29
2026.04.27	18:30:00	4681.17	4682.46	4676.97	4678.59	1669	0	29
2026.04.27	18:35:00	4678.58	4679.52	4677.17	4679.06	1464	0	29
2026.04.27	18:40:00	4679.05	4681.14	4677.31	4677.51	1533	0	29
2026.04.27	18:45:00	4677.46	4678.06	4674.20	4674.24	1591	0	29
2026.04.27	18:50:00	4674.24	4676.38	4670.99	4671.63	1692	0	29
2026.04.27	18:55:00	4671.48	4672.82	4668.03	4670.04	1686	0	29
2026.04.27	19:00:00	4670.04	4670.94	4667.30	4670.63	1508	0	29
2026.04.27	19:05:00	4670.69	4674.41	4670.47	4672.80	1517	0	29
2026.04.27	19:10:00	4672.80	4674.91	4672.68	4674.55	1366	0	29
2026.04.27	19:15:00	4674.53	4677.73	4674.03	4676.91	1267	0	29
2026.04.27	19:20:00	4676.87	4677.29	4674.72	4675.66	1399	0	29
2026.04.27	19:25:00	4675.68	4676.36	4673.65	4676.29	1320	0	29
2026.04.27	19:30:00	4676.30	4678.89	4676.01	4677.99	1298	0	29
2026.04.27	19:35:00	4677.95	4679.47	4677.08	4677.60	1387	0	29
2026.04.27	19:40:00	4677.50	4677.59	4674.32	4674.83	1149	0	29
2026.04.27	19:45:00	4674.82	4678.03	4674.73	4675.87	1129	0	29
2026.04.27	19:50:00	4675.88	4677.56	4675.05	4676.45	1134	0	29
2026.04.27	19:55:00	4676.48	4677.43	4675.80	4676.65	1175	0	29
2026.04.27	20:00:00	4676.70	4678.44	4673.92	4674.02	1367	0	29
2026.04.27	20:05:00	4674.02	4675.42	4673.03	4673.37	1267	0	29
2026.04.27	20:10:00	4673.37	4674.79	4671.68	4673.65	1395	0	29
2026.04.27	20:15:00	4673.67	4674.48	4668.25	4671.40	1440	0	29
2026.04.27	20:20:00	4671.41	4676.90	4670.05	4674.42	1513	0	29
2026.04.27	20:25:00	4674.40	4679.87	4674.40	4679.69	1544	0	29
2026.04.27	20:30:00	4679.82	4685.47	4679.39	4684.97	1497	0	29
2026.04.27	20:35:00	4685.03	4686.08	4679.88	4680.41	1396	0	29
2026.04.27	20:40:00	4680.51	4683.12	4680.33	4683.05	1335	0	29
2026.04.27	20:45:00	4683.03	4684.37	4680.95	4682.11	1323	0	29
2026.04.27	20:50:00	4682.09	4683.30	4681.38	4681.85	1264	0	29
2026.04.27	20:55:00	4681.87	4683.75	4681.86	4682.06	1202	0	29
2026.04.27	21:00:00	4682.03	4682.12	4680.09	4680.32	1311	0	29
2026.04.27	21:05:00	4680.32	4682.07	4678.88	4681.81	1222	0	29
2026.04.27	21:10:00	4681.82	4682.68	4680.68	4681.41	1012	0	29
2026.04.27	21:15:00	4681.32	4682.55	4680.53	4681.81	1259	0	29
2026.04.27	21:20:00	4681.77	4684.48	4681.55	4684.05	1095	0	29
2026.04.27	21:25:00	4684.05	4685.41	4683.15	4684.01	1301	0	29
2026.04.27	21:30:00	4684.01	4684.18	4682.98	4683.22	1029	0	29
2026.04.27	21:35:00	4683.22	4684.13	4682.42	4683.15	915	0	29
2026.04.27	21:40:00	4683.14	4685.17	4682.59	4682.79	1066	0	29
2026.04.27	21:45:00	4682.79	4684.00	4681.56	4683.61	994	0	29
2026.04.27	21:50:00	4683.57	4684.94	4683.17	4683.54	928	0	29
2026.04.27	21:55:00	4683.46	4683.70	4680.61	4680.65	963	0	29
2026.04.27	22:00:00	4680.65	4681.18	4678.44	4679.02	961	0	29
2026.04.27	22:05:00	4679.05	4680.36	4678.83	4679.39	906	0	29
2026.04.27	22:10:00	4679.39	4680.96	4678.94	4680.24	850	0	29
2026.04.27	22:15:00	4680.27	4681.94	4679.79	4681.68	924	0	29
2026.04.27	22:20:00	4681.65	4682.66	4681.09	4682.50	945	0	29
2026.04.27	22:25:00	4682.50	4682.61	4680.89	4682.17	899	0	29
2026.04.27	22:30:00	4682.15	4682.34	4678.37	4678.85	958	0	29
2026.04.27	22:35:00	4678.88	4679.04	4676.62	4677.49	1060	0	29
2026.04.27	22:40:00	4677.49	4680.13	4677.34	4679.90	1025	0	29
2026.04.27	22:45:00	4679.94	4681.37	4678.40	4680.99	1171	0	29
2026.04.27	22:50:00	4680.99	4681.17	4679.13	4679.84	1205	0	29
2026.04.27	22:55:00	4679.84	4681.15	4679.04	4680.72	1322	0	29
2026.04.27	23:00:00	4680.61	4681.41	4678.45	4679.09	730	0	29
2026.04.27	23:05:00	4679.10	4679.26	4677.49	4679.09	578	0	29
2026.04.27	23:10:00	4679.10	4679.41	4678.71	4679.10	487	0	29
2026.04.27	23:15:00	4679.10	4679.73	4679.04	4679.32	421	0	29
2026.04.27	23:20:00	4679.32	4679.62	4678.60	4679.12	455	0	29
2026.04.27	23:25:00	4679.11	4680.77	4678.99	4679.72	427	0	29
2026.04.27	23:30:00	4679.70	4680.43	4678.65	4679.21	478	0	34
2026.04.27	23:35:00	4679.21	4680.14	4679.04	4679.59	411	0	34
2026.04.27	23:40:00	4679.59	4680.06	4678.95	4680.04	431	0	34
2026.04.27	23:45:00	4680.03	4680.38	4679.18	4679.87	490	0	34
2026.04.27	23:50:00	4679.87	4680.03	4678.32	4679.07	503	0	34
2026.04.27	23:55:00	4679.07	4679.86	4678.77	4679.82	325	0	34
2026.04.28	01:00:00	4684.88	4687.15	4682.32	4682.49	902	0	34
2026.04.28	01:05:00	4682.49	4689.43	4682.35	4688.77	1070	0	34
2026.04.28	01:10:00	4688.82	4691.08	4688.47	4689.15	851	0	34
2026.04.28	01:15:00	4689.21	4689.75	4687.25	4688.27	789	0	34
2026.04.28	01:20:00	4688.26	4688.36	4686.90	4687.44	609	0	34
2026.04.28	01:25:00	4687.37	4689.29	4687.37	4688.98	555	0	34
2026.04.28	01:30:00	4689.02	4689.62	4688.48	4688.86	706	0	29
2026.04.28	01:35:00	4688.86	4688.86	4686.90	4688.05	540	0	29
2026.04.28	01:40:00	4688.05	4688.85	4686.40	4687.35	552	0	29
2026.04.28	01:45:00	4687.35	4687.61	4686.19	4687.03	583	0	29
2026.04.28	01:50:00	4687.04	4687.62	4686.31	4687.37	586	0	29
2026.04.28	01:55:00	4687.37	4688.07	4686.87	4687.89	513	0	29
2026.04.28	02:00:00	4687.89	4689.42	4687.25	4688.56	628	0	29
2026.04.28	02:05:00	4688.56	4688.60	4687.28	4688.09	457	0	29
2026.04.28	02:10:00	4688.10	4689.80	4687.36	4689.79	484	0	29
2026.04.28	02:15:00	4689.79	4691.24	4689.46	4690.99	717	0	29
2026.04.28	02:20:00	4691.01	4691.33	4689.91	4690.76	721	0	29
2026.04.28	02:25:00	4690.75	4691.58	4690.06	4690.67	672	0	29
2026.04.28	02:30:00	4690.67	4692.09	4690.44	4692.00	607	0	29
2026.04.28	02:35:00	4692.00	4694.21	4691.99	4693.44	653	0	29
2026.04.28	02:40:00	4693.44	4694.41	4691.86	4694.30	729	0	29
2026.04.28	02:45:00	4694.31	4695.01	4693.32	4694.63	755	0	29
2026.04.28	02:50:00	4694.57	4694.92	4693.81	4694.66	584	0	29
2026.04.28	02:55:00	4694.66	4694.70	4691.90	4691.93	594	0	29
2026.04.28	03:00:00	4691.93	4697.43	4691.78	4696.97	1174	0	29
2026.04.28	03:05:00	4696.98	4701.26	4696.66	4700.15	1252	0	29
2026.04.28	03:10:00	4700.17	4701.16	4697.73	4697.89	1143	0	29
2026.04.28	03:15:00	4697.87	4699.44	4696.55	4697.02	1118	0	29
2026.04.28	03:20:00	4697.00	4697.51	4695.51	4696.80	1170	0	29
2026.04.28	03:25:00	4696.80	4697.71	4692.20	4694.94	1317	0	29
2026.04.28	03:30:00	4694.99	4695.15	4692.44	4693.11	1180	0	29
2026.04.28	03:35:00	4693.10	4694.76	4691.79	4691.84	955	0	29
2026.04.28	03:40:00	4691.91	4694.62	4691.71	4693.64	981	0	29
2026.04.28	03:45:00	4693.62	4694.67	4692.44	4693.86	967	0	29
2026.04.28	03:50:00	4693.84	4694.17	4692.38	4693.09	968	0	29
2026.04.28	03:55:00	4693.06	4693.59	4690.40	4690.53	1029	0	29
2026.04.28	04:00:00	4690.48	4690.79	4684.56	4689.33	1768	0	29
2026.04.28	04:05:00	4689.35	4690.54	4686.58	4688.89	1438	0	29
2026.04.28	04:10:00	4688.92	4690.89	4687.18	4687.95	1337	0	29
2026.04.28	04:15:00	4687.96	4689.47	4685.72	4689.16	1357	0	29
2026.04.28	04:20:00	4689.15	4690.67	4686.48	4689.54	1330	0	29
2026.04.28	04:25:00	4689.47	4689.80	4686.99	4687.55	1190	0	29
2026.04.28	04:30:00	4687.54	4687.90	4683.94	4684.16	1392	0	29
2026.04.28	04:35:00	4684.29	4690.34	4684.29	4690.26	1345	0	29
2026.04.28	04:40:00	4690.42	4691.41	4687.07	4687.26	1282	0	29
2026.04.28	04:45:00	4687.24	4687.67	4684.98	4684.99	1301	0	29
2026.04.28	04:50:00	4684.97	4685.45	4680.73	4680.81	1615	0	29
2026.04.28	04:55:00	4680.85	4680.98	4669.40	4670.66	1713	0	29
2026.04.28	05:00:00	4670.66	4673.35	4666.50	4672.75	1688	0	29
2026.04.28	05:05:00	4672.67	4676.54	4672.25	4675.08	1524	0	29
2026.04.28	05:10:00	4675.09	4677.86	4674.16	4677.23	1397	0	29
2026.04.28	05:15:00	4677.23	4679.66	4677.13	4678.00	1052	0	29
2026.04.28	05:20:00	4678.00	4679.41	4675.30	4675.31	1015	0	29
2026.04.28	05:25:00	4675.56	4677.43	4674.48	4675.48	1105	0	29
2026.04.28	05:30:00	4675.53	4675.53	4671.44	4673.59	1540	0	29
2026.04.28	05:35:00	4673.61	4673.93	4670.85	4671.14	1295	0	29
2026.04.28	05:40:00	4671.14	4673.18	4670.50	4670.99	1300	0	29
2026.04.28	05:45:00	4670.99	4671.33	4668.66	4670.13	1286	0	29
2026.04.28	05:50:00	4670.14	4670.84	4668.54	4670.69	1312	0	29
2026.04.28	05:55:00	4670.63	4670.63	4666.57	4669.09	1340	0	29
2026.04.28	06:00:00	4669.09	4672.16	4668.39	4671.03	1284	0	29
2026.04.28	06:05:00	4670.96	4673.19	4670.52	4672.66	1284	0	29
2026.04.28	06:10:00	4672.71	4674.14	4672.24	4672.86	1170	0	29
2026.04.28	06:15:00	4672.85	4673.70	4671.30	4673.26	1066	0	29
2026.04.28	06:20:00	4673.26	4675.06	4672.24	4672.73	1094	0	29
2026.04.28	06:25:00	4672.77	4675.77	4671.42	4674.78	1136	0	29
2026.04.28	06:30:00	4674.79	4675.29	4671.69	4672.44	997	0	29
2026.04.28	06:35:00	4672.33	4674.01	4671.75	4673.17	909	0	29
2026.04.28	06:40:00	4673.19	4673.83	4671.73	4671.95	808	0	29
2026.04.28	06:45:00	4671.93	4672.60	4671.37	4671.49	789	0	29
2026.04.28	06:50:00	4671.51	4671.77	4669.60	4669.71	745	0	29
2026.04.28	06:55:00	4669.71	4671.63	4669.31	4670.96	867	0	29
2026.04.28	07:00:00	4670.92	4671.24	4666.80	4668.07	977	0	29
2026.04.28	07:05:00	4667.94	4668.96	4667.25	4667.90	852	0	29
2026.04.28	07:10:00	4667.90	4669.81	4667.48	4669.71	857	0	29
2026.04.28	07:15:00	4669.71	4669.72	4668.44	4668.52	730	0	29
2026.04.28	07:20:00	4668.44	4668.49	4666.69	4666.96	953	0	29
2026.04.28	07:25:00	4666.95	4667.67	4666.80	4667.36	740	0	29
2026.04.28	07:30:00	4667.36	4668.98	4666.79	4668.57	800	0	29
2026.04.28	07:35:00	4668.57	4669.08	4667.40	4668.86	755	0	29
2026.04.28	07:40:00	4668.86	4669.86	4667.53	4669.82	722	0	29
2026.04.28	07:45:00	4669.81	4669.92	4667.44	4667.53	676	0	29
2026.04.28	07:50:00	4667.53	4669.59	4667.27	4667.85	709	0	29
2026.04.28	07:55:00	4667.87	4668.41	4667.33	4667.57	719	0	29
2026.04.28	08:00:00	4667.57	4667.96	4661.67	4663.30	1245	0	29
2026.04.28	08:05:00	4663.32	4663.48	4649.11	4653.75	1482	0	29
2026.04.28	08:10:00	4653.81	4654.99	4648.95	4652.40	1431	0	29
2026.04.28	08:15:00	4652.38	4655.34	4651.16	4655.10	1153	0	29
2026.04.28	08:20:00	4655.15	4659.51	4655.10	4658.84	1066	0	29
2026.04.28	08:25:00	4658.80	4659.19	4657.00	4658.28	995	0	29
2026.04.28	08:30:00	4658.31	4658.48	4642.79	4644.44	1964	0	29
2026.04.28	08:35:00	4644.44	4644.49	4637.25	4638.06	1907	0	29
2026.04.28	08:40:00	4637.94	4637.94	4624.39	4624.82	1872	0	29
2026.04.28	08:45:00	4624.79	4630.52	4623.86	4627.85	1760	0	29
2026.04.28	08:50:00	4627.76	4631.86	4626.66	4631.77	1770	0	29
2026.04.28	08:55:00	4631.77	4634.23	4631.55	4632.14	1709	0	29
2026.04.28	09:00:00	4632.15	4634.09	4625.93	4634.04	1843	0	29
2026.04.28	09:05:00	4634.05	4642.86	4634.03	4640.06	1653	0	29
2026.04.28	09:10:00	4640.04	4641.79	4637.75	4640.58	1526	0	29
2026.04.28	09:15:00	4640.58	4641.07	4632.91	4633.90	1413	0	29
2026.04.28	09:20:00	4633.89	4633.89	4623.48	4626.01	1599	0	29
2026.04.28	09:25:00	4625.99	4632.38	4623.82	4631.58	1589	0	29
2026.04.28	09:30:00	4631.52	4634.32	4629.16	4629.68	1436	0	29
2026.04.28	09:35:00	4629.65	4631.75	4625.43	4631.62	1494	0	29
2026.04.28	09:40:00	4631.64	4634.67	4628.42	4629.68	1590	0	29
2026.04.28	09:45:00	4629.68	4631.66	4623.94	4625.54	1571	0	29
2026.04.28	09:50:00	4625.60	4631.14	4623.33	4626.39	1492	0	29
2026.04.28	09:55:00	4626.36	4631.65	4625.36	4628.98	1448	0	29
2026.04.28	10:00:00	4628.92	4639.17	4627.37	4639.00	1602	0	29
2026.04.28	10:05:00	4638.95	4639.35	4632.35	4633.78	1390	0	29
2026.04.28	10:10:00	4633.70	4636.32	4632.10	4634.19	1471	0	29
2026.04.28	10:15:00	4634.18	4634.83	4630.55	4632.61	1360	0	29
2026.04.28	10:20:00	4632.59	4633.77	4628.19	4629.74	1301	0	29
2026.04.28	10:25:00	4629.78	4630.89	4627.19	4629.58	1425	0	29
2026.04.28	10:30:00	4629.58	4635.22	4626.15	4626.83	1513	0	29
2026.04.28	10:35:00	4626.83	4630.29	4626.05	4627.76	1438	0	29
2026.04.28	10:40:00	4627.73	4633.42	4627.02	4629.30	1249	0	29
2026.04.28	10:45:00	4629.30	4629.42	4626.25	4628.21	1359	0	29
2026.04.28	10:50:00	4628.23	4628.23	4623.35	4626.48	1337	0	29
2026.04.28	10:55:00	4626.23	4633.57	4620.53	4633.19	1496	0	29
2026.04.28	11:00:00	4633.13	4633.51	4617.42	4620.31	1815	0	29
2026.04.28	11:05:00	4620.30	4624.77	4616.05	4621.85	1628	0	29
2026.04.28	11:10:00	4621.93	4623.29	4614.54	4620.25	1639	0	29
2026.04.28	11:15:00	4620.31	4623.68	4619.07	4621.76	1606	0	29
2026.04.28	11:20:00	4621.74	4623.48	4619.51	4621.37	1472	0	29
2026.04.28	11:25:00	4621.37	4627.03	4620.40	4626.82	1424	0	29
2026.04.28	11:30:00	4626.87	4635.29	4626.66	4632.58	1661	0	29
2026.04.28	11:35:00	4632.58	4632.61	4628.73	4629.07	1357	0	29
2026.04.28	11:40:00	4629.06	4630.58	4626.90	4628.17	1353	0	29
2026.04.28	11:45:00	4628.18	4629.25	4625.09	4625.99	1286	0	29
2026.04.28	11:50:00	4625.98	4629.35	4625.46	4627.50	1192	0	29
2026.04.28	11:55:00	4627.50	4630.42	4626.76	4629.62	1160	0	29
2026.04.28	12:00:00	4629.64	4629.98	4621.65	4622.67	1471	0	29
2026.04.28	12:05:00	4622.66	4627.60	4621.60	4627.17	1337	0	29
2026.04.28	12:10:00	4627.21	4627.90	4624.03	4625.34	1228	0	29
2026.04.28	12:15:00	4625.34	4625.83	4621.81	4622.02	1427	0	29
2026.04.28	12:20:00	4622.02	4622.17	4613.56	4616.09	1560	0	29
2026.04.28	12:25:00	4616.10	4618.65	4613.05	4618.21	1419	0	29
2026.04.28	12:30:00	4618.22	4619.07	4610.88	4611.77	1571	0	29
2026.04.28	12:35:00	4611.77	4614.38	4609.67	4610.51	1538	0	29
2026.04.28	12:40:00	4610.52	4613.58	4608.07	4613.58	1483	0	29
2026.04.28	12:45:00	4613.47	4615.06	4608.20	4610.42	1497	0	29
2026.04.28	12:50:00	4610.22	4612.90	4609.68	4611.17	1411	0	29
2026.04.28	12:55:00	4611.18	4611.78	4604.52	4604.69	1458	0	29
2026.04.28	13:00:00	4604.78	4612.22	4604.43	4607.47	1490	0	29
2026.04.28	13:05:00	4607.59	4611.49	4605.88	4609.83	1355	0	29
2026.04.28	13:10:00	4609.83	4613.49	4608.91	4612.56	1257	0	29
2026.04.28	13:15:00	4612.56	4615.72	4610.80	4614.50	1303	0	29
2026.04.28	13:20:00	4614.51	4616.50	4611.69	4612.66	1433	0	29
2026.04.28	13:25:00	4612.60	4613.51	4610.84	4611.45	1196	0	29
2026.04.28	13:30:00	4611.41	4614.88	4610.89	4612.34	1207	0	29
2026.04.28	13:35:00	4612.32	4615.20	4611.91	4614.69	1183	0	29
2026.04.28	13:40:00	4614.70	4615.82	4612.66	4613.11	1173	0	29
2026.04.28	13:45:00	4613.19	4615.44	4611.06	4613.49	1281	0	29
2026.04.28	13:50:00	4613.37	4614.14	4608.16	4609.55	1184	0	29
2026.04.28	13:55:00	4609.55	4610.06	4603.25	4603.25	1342	0	29
2026.04.28	14:00:00	4602.85	4608.72	4601.79	4604.57	1572	0	29
2026.04.28	14:05:00	4605.55	4606.23	4600.87	4601.96	1538	0	29
2026.04.28	14:10:00	4602.01	4602.35	4597.76	4598.51	1402	0	29
2026.04.28	14:15:00	4598.55	4600.37	4595.92	4597.41	1550	0	29
2026.04.28	14:20:00	4597.31	4604.12	4594.09	4601.80	1608	0	29
2026.04.28	14:25:00	4601.68	4603.18	4598.25	4599.37	1442	0	29
2026.04.28	14:30:00	4599.33	4599.78	4589.02	4590.79	1686	0	29
2026.04.28	14:35:00	4590.79	4591.59	4568.71	4569.93	1900	0	29
2026.04.28	14:40:00	4569.94	4574.69	4568.14	4572.10	1847	0	29
2026.04.28	14:45:00	4571.96	4574.03	4558.42	4559.08	1922	0	29
2026.04.28	14:50:00	4558.90	4563.09	4555.50	4559.21	1896	0	29
2026.04.28	14:55:00	4559.35	4564.29	4558.19	4562.57	1705	0	29
2026.04.28	15:00:00	4562.66	4570.12	4554.88	4569.18	1926	0	29
2026.04.28	15:05:00	4569.07	4573.69	4567.39	4570.05	1862	0	29
2026.04.28	15:10:00	4570.03	4581.73	4569.74	4581.60	1856	0	29
2026.04.28	15:15:00	4581.62	4586.78	4577.66	4579.20	1756	0	29
2026.04.28	15:20:00	4579.19	4597.66	4576.42	4577.93	2026	0	29
2026.04.28	15:25:00	4577.94	4581.50	4573.77	4580.16	1833	0	29
2026.04.28	15:30:00	4580.13	4582.13	4570.59	4579.05	1799	0	29
2026.04.28	15:35:00	4579.05	4585.75	4578.99	4583.93	1722	0	29
2026.04.28	15:40:00	4583.87	4588.66	4582.81	4586.88	1775	0	29
2026.04.28	15:45:00	4586.90	4599.44	4584.32	4599.04	1800	0	29
2026.04.28	15:50:00	4599.06	4599.98	4593.17	4594.55	1835	0	29
2026.04.28	15:55:00	4595.00	4599.99	4591.95	4593.65	1691	0	29
2026.04.28	16:00:00	4593.68	4594.51	4584.26	4584.26	1970	0	29
2026.04.28	16:05:00	4584.29	4584.30	4571.38	4572.94	1883	0	29
2026.04.28	16:10:00	4572.91	4581.48	4571.22	4576.13	1872	0	29
2026.04.28	16:15:00	4576.13	4579.51	4573.24	4576.70	1808	0	29
2026.04.28	16:20:00	4577.43	4581.11	4575.43	4576.19	1774	0	29
2026.04.28	16:25:00	4576.20	4584.39	4572.16	4581.79	1841	0	29
2026.04.28	16:30:00	4581.59	4581.82	4570.80	4577.80	2126	0	29
2026.04.28	16:35:00	4577.80	4582.72	4575.61	4579.73	2055	0	29
2026.04.28	16:40:00	4579.65	4591.54	4573.56	4581.72	2015	0	29
2026.04.28	16:45:00	4581.74	4592.54	4580.29	4586.38	1996	0	29
2026.04.28	16:50:00	4586.27	4590.61	4579.56	4581.10	1978	0	29
2026.04.28	16:55:00	4581.12	4582.33	4574.72	4580.35	1898	0	29
2026.04.28	17:00:00	4580.33	4580.60	4565.46	4565.99	2024	0	29
2026.04.28	17:05:00	4565.67	4574.88	4565.31	4569.34	2047	0	29
2026.04.28	17:10:00	4569.68	4572.29	4566.13	4568.23	2001	0	29
2026.04.28	17:15:00	4568.22	4577.80	4564.38	4571.39	2041	0	29
2026.04.28	17:20:00	4571.46	4574.38	4565.18	4568.02	1963	0	29
2026.04.28	17:25:00	4567.86	4573.06	4567.51	4571.45	1982	0	29
2026.04.28	17:30:00	4571.57	4578.05	4569.09	4569.93	1914	0	29
2026.04.28	17:35:00	4569.95	4570.47	4560.03	4560.24	2008	0	29
2026.04.28	17:40:00	4560.25	4565.61	4557.25	4564.10	2035	0	29
2026.04.28	17:45:00	4564.07	4567.31	4560.83	4562.98	1987	0	29
2026.04.28	17:50:00	4562.97	4565.32	4557.30	4563.67	2001	0	29
2026.04.28	17:55:00	4563.64	4574.74	4560.22	4574.41	2079	0	29
2026.04.28	18:00:00	4574.62	4581.73	4574.17	4576.12	2057	0	29
2026.04.28	18:05:00	4576.12	4580.00	4570.68	4572.70	1956	0	29
2026.04.28	18:10:00	4572.71	4574.75	4570.37	4572.66	1919	0	29
2026.04.28	18:15:00	4572.65	4575.95	4569.95	4572.62	1845	0	29
2026.04.28	18:20:00	4572.73	4573.20	4566.94	4571.87	1858	0	29
2026.04.28	18:25:00	4571.90	4577.29	4570.45	4576.93	1855	0	29
2026.04.28	18:30:00	4576.93	4577.65	4571.13	4571.54	1860	0	29
2026.04.28	18:35:00	4571.51	4581.35	4571.08	4578.76	1861	0	29
2026.04.28	18:40:00	4578.72	4580.82	4576.84	4577.75	1743	0	29
2026.04.28	18:45:00	4577.77	4583.16	4576.56	4581.74	1749	0	29
2026.04.28	18:50:00	4581.76	4586.12	4581.44	4583.81	1748	0	29
2026.04.28	18:55:00	4583.83	4586.46	4581.77	4586.44	1689	0	29
2026.04.28	19:00:00	4586.49	4586.79	4582.30	4583.85	1740	0	29
2026.04.28	19:05:00	4583.77	4586.31	4582.89	4585.07	1609	0	29
2026.04.28	19:10:00	4585.11	4585.89	4582.76	4585.25	1500	0	29
2026.04.28	19:15:00	4585.20	4585.67	4577.81	4580.70	1606	0	29
2026.04.28	19:20:00	4580.68	4583.26	4580.59	4581.93	1514	0	29
2026.04.28	19:25:00	4581.92	4585.50	4581.82	4582.92	1485	0	29
2026.04.28	19:30:00	4582.86	4585.19	4580.91	4581.09	1528	0	29
2026.04.28	19:35:00	4581.11	4586.80	4580.59	4584.71	1654	0	29
2026.04.28	19:40:00	4584.76	4585.74	4582.69	4584.96	1470	0	29
2026.04.28	19:45:00	4584.90	4588.42	4583.83	4586.52	1569	0	29
2026.04.28	19:50:00	4586.46	4594.50	4586.46	4593.43	1729	0	29
2026.04.28	19:55:00	4593.56	4594.84	4591.59	4592.24	1629	0	29
2026.04.28	20:00:00	4592.28	4593.97	4589.65	4589.85	1645	0	29
2026.04.28	20:05:00	4589.84	4591.84	4588.56	4591.30	1573	0	29
2026.04.28	20:10:00	4591.35	4594.79	4590.15	4593.70	1492	0	29
2026.04.28	20:15:00	4593.66	4594.11	4587.38	4588.32	1525	0	29
2026.04.28	20:20:00	4588.36	4595.49	4587.24	4595.11	1590	0	29
2026.04.28	20:25:00	4595.04	4597.21	4592.46	4593.45	1617	0	29
2026.04.28	20:30:00	4593.59	4597.22	4593.59	4595.59	1518	0	29
2026.04.28	20:35:00	4595.51	4599.30	4595.51	4598.45	1444	0	29
2026.04.28	20:40:00	4598.52	4601.50	4598.34	4599.02	1369	0	29
2026.04.28	20:45:00	4599.02	4600.51	4597.76	4598.13	1431	0	29
2026.04.28	20:50:00	4598.13	4598.37	4596.35	4597.29	1157	0	29
2026.04.28	20:55:00	4597.29	4598.00	4594.10	4594.68	1266	0	29
2026.04.28	21:00:00	4594.69	4598.49	4592.09	4593.77	1514	0	29
2026.04.28	21:05:00	4593.77	4597.62	4593.48	4596.28	1280	0	29
2026.04.28	21:10:00	4596.28	4596.76	4594.77	4596.02	1229	0	29
2026.04.28	21:15:00	4596.00	4599.31	4596.00	4597.79	1259	0	29
2026.04.28	21:20:00	4597.80	4600.11	4597.03	4599.22	1524	0	29
2026.04.28	21:25:00	4599.28	4600.42	4597.98	4598.93	1478	0	29
2026.04.28	21:30:00	4598.93	4599.49	4594.63	4595.01	1309	0	29
2026.04.28	21:35:00	4595.03	4596.71	4593.55	4596.11	1208	0	29
2026.04.28	21:40:00	4596.32	4598.03	4596.13	4597.74	1246	0	29
2026.04.28	21:45:00	4597.74	4598.88	4597.07	4598.03	1147	0	29
2026.04.28	21:50:00	4598.02	4598.56	4594.97	4595.23	951	0	29
2026.04.28	21:55:00	4595.10	4595.55	4593.10	4594.21	1114	0	29
2026.04.28	22:00:00	4594.25	4597.48	4593.88	4595.70	1125	0	29
2026.04.28	22:05:00	4595.69	4598.72	4595.69	4596.70	1048	0	29
2026.04.28	22:10:00	4596.67	4597.47	4595.57	4595.60	974	0	29
2026.04.28	22:15:00	4595.58	4595.72	4594.16	4594.93	1185	0	29
2026.04.28	22:20:00	4594.80	4596.19	4593.72	4595.90	1085	0	29
2026.04.28	22:25:00	4595.92	4597.12	4595.29	4596.24	1029	0	29
2026.04.28	22:30:00	4596.23	4596.65	4594.66	4596.38	1227	0	29
2026.04.28	22:35:00	4596.38	4598.69	4596.38	4598.48	1131	0	29
2026.04.28	22:40:00	4598.46	4599.95	4597.80	4598.48	1159	0	29
2026.04.28	22:45:00	4598.48	4599.27	4596.40	4597.92	1155	0	29
2026.04.28	22:50:00	4597.86	4598.31	4593.26	4595.16	1479	0	29
2026.04.28	22:55:00	4595.26	4596.49	4594.21	4595.57	1425	0	29
2026.04.28	23:00:00	4595.56	4596.83	4594.81	4596.77	898	0	29
2026.04.28	23:05:00	4596.72	4598.29	4595.92	4597.92	848	0	29
2026.04.28	23:10:00	4597.91	4598.60	4596.97	4597.28	814	0	29
2026.04.28	23:15:00	4597.29	4598.05	4594.16	4594.22	799	0	29
2026.04.28	23:20:00	4594.22	4594.23	4591.45	4592.72	777	0	29
2026.04.28	23:25:00	4592.71	4593.83	4591.16	4592.81	709	0	29
2026.04.28	23:30:00	4592.79	4595.34	4592.70	4593.88	593	0	34
2026.04.28	23:35:00	4593.92	4595.07	4592.88	4594.38	594	0	34
2026.04.28	23:40:00	4594.39	4594.70	4592.30	4593.33	608	0	34
2026.04.28	23:45:00	4593.32	4593.65	4592.87	4593.15	441	0	34
2026.04.28	23:50:00	4593.14	4595.82	4592.76	4595.82	541	0	34
2026.04.28	23:55:00	4595.77	4596.44	4595.23	4596.40	387	0	34
2026.04.29	01:00:00	4596.92	4600.20	4595.91	4598.49	1031	0	34
2026.04.29	01:05:00	4598.33	4598.46	4594.20	4595.34	812	0	34
2026.04.29	01:10:00	4595.26	4596.97	4595.07	4596.36	587	0	34
2026.04.29	01:15:00	4596.37	4597.19	4595.04	4596.76	558	0	34
2026.04.29	01:20:00	4596.70	4597.11	4596.14	4596.68	412	0	34
2026.04.29	01:25:00	4596.65	4596.83	4595.14	4595.80	354	0	34
2026.04.29	01:30:00	4595.78	4597.05	4595.78	4597.00	358	0	29
2026.04.29	01:35:00	4596.99	4597.21	4593.91	4594.19	365	0	29
2026.04.29	01:40:00	4594.18	4595.19	4593.01	4593.64	550	0	29
2026.04.29	01:45:00	4593.64	4595.29	4592.96	4594.01	446	0	29
2026.04.29	01:50:00	4594.01	4595.18	4592.62	4595.03	495	0	29
2026.04.29	01:55:00	4595.02	4595.10	4592.40	4594.12	534	0	29
2026.04.29	02:00:00	4594.11	4594.49	4592.35	4593.42	551	0	29
2026.04.29	02:05:00	4593.43	4593.55	4590.82	4590.92	671	0	29
2026.04.29	02:10:00	4590.92	4591.28	4589.26	4590.93	673	0	29
2026.04.29	02:15:00	4590.92	4592.72	4590.25	4592.09	684	0	29
2026.04.29	02:20:00	4592.09	4592.34	4591.30	4592.12	427	0	29
2026.04.29	02:25:00	4592.12	4592.36	4590.44	4592.21	526	0	29
2026.04.29	02:30:00	4592.21	4593.41	4590.60	4591.36	736	0	29
2026.04.29	02:35:00	4591.35	4591.38	4587.92	4588.35	715	0	29
2026.04.29	02:40:00	4588.35	4590.62	4588.03	4589.88	610	0	29
2026.04.29	02:45:00	4589.88	4592.90	4588.86	4589.20	848	0	29
2026.04.29	02:50:00	4589.21	4592.37	4589.17	4592.33	717	0	29
2026.04.29	02:55:00	4592.33	4596.12	4592.33	4595.61	751	0	29
2026.04.29	03:00:00	4595.61	4606.85	4594.87	4606.51	1608	0	29
2026.04.29	03:05:00	4606.50	4608.40	4605.16	4608.31	1282	0	29
2026.04.29	03:10:00	4608.30	4610.26	4606.84	4607.37	1235	0	29
2026.04.29	03:15:00	4607.39	4607.70	4600.73	4600.77	1112	0	29
2026.04.29	03:20:00	4600.73	4603.09	4599.60	4602.46	1175	0	29
2026.04.29	03:25:00	4602.46	4604.54	4598.68	4600.03	1078	0	29
2026.04.29	03:30:00	4600.02	4602.39	4599.75	4601.71	907	0	29
2026.04.29	03:35:00	4601.72	4602.94	4599.44	4602.91	854	0	29
2026.04.29	03:40:00	4602.95	4604.84	4602.58	4603.74	841	0	29
2026.04.29	03:45:00	4603.74	4604.11	4599.47	4600.02	1031	0	29
2026.04.29	03:50:00	4600.04	4600.05	4596.16	4598.14	1092	0	29
2026.04.29	03:55:00	4598.16	4601.95	4597.94	4600.18	950	0	29
2026.04.29	04:00:00	4600.18	4600.39	4580.32	4582.49	2018	0	29
2026.04.29	04:05:00	4582.60	4586.59	4576.18	4581.15	1909	0	29
2026.04.29	04:10:00	4581.12	4585.63	4581.11	4582.56	1614	0	29
2026.04.29	04:15:00	4582.32	4585.94	4579.15	4585.54	1550	0	29
2026.04.29	04:20:00	4585.57	4586.43	4582.25	4585.08	1475	0	29
2026.04.29	04:25:00	4585.09	4585.78	4580.25	4580.40	1450	0	29
2026.04.29	04:30:00	4580.40	4586.51	4578.97	4586.21	1780	0	29
2026.04.29	04:35:00	4586.25	4589.12	4584.04	4584.91	1612	0	29
2026.04.29	04:40:00	4584.90	4591.55	4582.52	4590.33	1469	0	29
2026.04.29	04:45:00	4590.47	4591.47	4582.18	4583.69	1539	0	29
2026.04.29	04:50:00	4583.73	4584.25	4580.39	4581.83	1555	0	29
2026.04.29	04:55:00	4581.84	4585.32	4580.86	4584.84	1500	0	29
2026.04.29	05:00:00	4584.85	4595.42	4584.85	4592.46	1659	0	29
2026.04.29	05:05:00	4592.45	4601.24	4591.78	4598.83	1552	0	29
2026.04.29	05:10:00	4598.81	4602.39	4598.80	4600.86	1461	0	29
2026.04.29	05:15:00	4601.04	4604.16	4599.98	4601.31	1153	0	29
2026.04.29	05:20:00	4601.30	4601.59	4598.47	4598.54	1108	0	29
2026.04.29	05:25:00	4598.57	4603.12	4598.23	4599.26	1279	0	29
2026.04.29	05:30:00	4599.26	4601.75	4598.48	4599.61	1486	0	29
2026.04.29	05:35:00	4599.60	4599.65	4595.77	4596.01	1400	0	29
2026.04.29	05:40:00	4596.04	4598.66	4595.52	4596.81	1237	0	29
2026.04.29	05:45:00	4596.82	4601.18	4596.35	4599.18	1286	0	29
2026.04.29	05:50:00	4599.19	4600.47	4592.82	4593.01	1433	0	29
2026.04.29	05:55:00	4593.01	4594.59	4592.21	4593.57	1300	0	29
2026.04.29	06:00:00	4593.66	4597.76	4592.84	4596.45	1297	0	29
2026.04.29	06:05:00	4597.02	4600.38	4596.27	4599.62	1246	0	29
2026.04.29	06:10:00	4599.62	4602.98	4598.48	4601.81	1173	0	29
2026.04.29	06:15:00	4601.85	4603.25	4599.65	4599.98	1041	0	29
2026.04.29	06:20:00	4599.97	4601.00	4598.89	4599.48	1162	0	29
2026.04.29	06:25:00	4599.49	4600.71	4597.11	4598.76	1125	0	29
2026.04.29	06:30:00	4598.72	4598.72	4595.97	4596.82	889	0	29
2026.04.29	06:35:00	4596.82	4597.38	4594.76	4595.00	781	0	29
2026.04.29	06:40:00	4595.01	4595.13	4592.42	4593.74	854	0	29
2026.04.29	06:45:00	4593.81	4595.19	4592.14	4592.75	836	0	29
2026.04.29	06:50:00	4592.76	4595.78	4592.74	4595.08	725	0	29
2026.04.29	06:55:00	4595.08	4596.49	4593.35	4595.38	803	0	29
2026.04.29	07:00:00	4595.59	4598.64	4595.29	4597.79	773	0	29
2026.04.29	07:05:00	4597.79	4600.10	4596.77	4599.88	673	0	29
2026.04.29	07:10:00	4599.89	4603.40	4599.50	4600.75	773	0	29
2026.04.29	07:15:00	4600.72	4601.91	4598.93	4599.89	969	0	29
2026.04.29	07:20:00	4599.89	4600.13	4599.02	4599.04	582	0	29
2026.04.29	07:25:00	4599.04	4601.85	4597.25	4601.65	687	0	29
2026.04.29	07:30:00	4601.65	4603.80	4601.65	4602.43	815	0	29
2026.04.29	07:35:00	4602.44	4605.52	4601.91	4603.05	845	0	29
2026.04.29	07:40:00	4603.05	4603.88	4601.62	4602.13	954	0	29
2026.04.29	07:45:00	4602.13	4604.19	4602.12	4603.90	811	0	29
2026.04.29	07:50:00	4603.86	4604.57	4602.71	4604.34	640	0	29
2026.04.29	07:55:00	4604.33	4605.56	4603.56	4604.75	678	0	29
2026.04.29	08:00:00	4604.77	4607.63	4602.72	4604.70	1070	0	29
2026.04.29	08:05:00	4604.72	4605.97	4601.89	4602.21	977	0	29
2026.04.29	08:10:00	4602.20	4602.96	4600.35	4600.98	855	0	29
2026.04.29	08:15:00	4600.98	4602.69	4600.38	4600.71	780	0	29
2026.04.29	08:20:00	4600.73	4601.71	4598.61	4599.92	748	0	29
2026.04.29	08:25:00	4599.92	4601.09	4599.19	4600.68	809	0	29
2026.04.29	08:30:00	4600.68	4601.57	4594.99	4595.44	1353	0	29
2026.04.29	08:35:00	4595.44	4596.87	4594.13	4595.40	1095	0	29
2026.04.29	08:40:00	4595.44	4599.26	4595.26	4598.99	1057	0	29
2026.04.29	08:45:00	4598.98	4601.30	4598.64	4599.40	1300	0	29
2026.04.29	08:50:00	4599.41	4603.15	4597.20	4597.51	1208	0	29
2026.04.29	08:55:00	4597.49	4597.59	4590.72	4590.97	1322	0	29
2026.04.29	09:00:00	4590.81	4598.63	4590.32	4597.09	1485	0	29
2026.04.29	09:05:00	4597.09	4598.49	4591.98	4592.57	1507	0	29
2026.04.29	09:10:00	4592.56	4592.83	4587.11	4588.51	1446	0	29
2026.04.29	09:15:00	4588.46	4589.32	4583.83	4585.79	1460	0	29
2026.04.29	09:20:00	4585.80	4586.52	4581.31	4584.66	1386	0	29
2026.04.29	09:25:00	4584.66	4587.98	4584.65	4584.93	1316	0	29
2026.04.29	09:30:00	4584.98	4586.81	4582.49	4583.37	1255	0	29
2026.04.29	09:35:00	4583.37	4585.30	4580.77	4585.03	1298	0	29
2026.04.29	09:40:00	4585.02	4587.45	4584.71	4584.83	1221	0	29
2026.04.29	09:45:00	4584.84	4586.82	4584.05	4584.95	1126	0	29
2026.04.29	09:50:00	4584.95	4584.95	4581.17	4583.48	1366	0	29
2026.04.29	09:55:00	4583.53	4585.04	4583.00	4584.49	1209	0	29
2026.04.29	10:00:00	4584.50	4588.80	4583.07	4588.12	1434	0	29
2026.04.29	10:05:00	4588.16	4588.54	4579.28	4579.54	1456	0	29
2026.04.29	10:10:00	4579.51	4581.37	4576.67	4578.61	1472	0	29
2026.04.29	10:15:00	4578.63	4581.18	4575.89	4576.59	1361	0	29
2026.04.29	10:20:00	4576.72	4579.70	4574.39	4575.52	1381	0	29
2026.04.29	10:25:00	4575.53	4576.61	4569.61	4575.09	1510	0	29
2026.04.29	10:30:00	4575.10	4578.72	4573.71	4577.82	1494	0	29
2026.04.29	10:35:00	4577.83	4578.01	4570.76	4571.65	1401	0	29
2026.04.29	10:40:00	4571.64	4575.13	4569.28	4570.37	1562	0	29
2026.04.29	10:45:00	4570.35	4572.38	4567.43	4570.16	1622	0	29
2026.04.29	10:50:00	4570.42	4572.39	4569.23	4570.13	1327	0	29
2026.04.29	10:55:00	4570.13	4571.00	4567.23	4567.75	1310	0	29
2026.04.29	11:00:00	4568.85	4573.26	4567.38	4568.83	1594	0	29
2026.04.29	11:05:00	4568.86	4570.08	4564.56	4567.57	1601	0	29
2026.04.29	11:10:00	4567.51	4569.36	4564.38	4565.20	1569	0	29
2026.04.29	11:15:00	4565.22	4570.04	4565.22	4569.59	1483	0	29
2026.04.29	11:20:00	4569.57	4571.12	4565.85	4568.45	1382	0	29
2026.04.29	11:25:00	4568.45	4571.34	4566.11	4566.19	1461	0	29
2026.04.29	11:30:00	4566.13	4568.12	4562.11	4562.37	1469	0	29
2026.04.29	11:35:00	4562.37	4563.20	4557.26	4562.43	1602	0	29
2026.04.29	11:40:00	4562.08	4568.79	4561.35	4568.28	1467	0	29
2026.04.29	11:45:00	4568.27	4572.91	4568.21	4570.80	1469	0	29
2026.04.29	11:50:00	4570.81	4575.32	4570.49	4574.78	1390	0	29
2026.04.29	11:55:00	4574.77	4576.69	4573.03	4573.10	1220	0	29
2026.04.29	12:00:00	4573.10	4575.04	4570.29	4574.42	1426	0	29
2026.04.29	12:05:00	4574.42	4575.56	4572.02	4572.20	1172	0	29
2026.04.29	12:10:00	4572.17	4575.09	4571.48	4574.01	1172	0	29
2026.04.29	12:15:00	4573.83	4580.55	4573.38	4579.52	1346	0	29
2026.04.29	12:20:00	4579.51	4580.71	4572.04	4572.06	1345	0	29
2026.04.29	12:25:00	4571.99	4571.99	4565.70	4565.73	1283	0	29
2026.04.29	12:30:00	4565.50	4567.29	4563.73	4567.25	1442	0	29
2026.04.29	12:35:00	4567.25	4569.58	4562.95	4564.52	1476	0	29
2026.04.29	12:40:00	4564.47	4565.56	4558.74	4558.96	1473	0	29
2026.04.29	12:45:00	4559.09	4562.02	4557.91	4559.51	1500	0	29
2026.04.29	12:50:00	4559.49	4559.53	4551.60	4555.08	1704	0	29
2026.04.29	12:55:00	4555.13	4556.95	4551.57	4555.66	1524	0	29
2026.04.29	13:00:00	4555.56	4563.03	4555.02	4562.27	1464	0	29
2026.04.29	13:05:00	4562.27	4565.44	4561.39	4565.27	1217	0	29
2026.04.29	13:10:00	4565.27	4568.16	4563.85	4567.95	1110	0	29
2026.04.29	13:15:00	4567.93	4573.22	4567.93	4571.23	1384	0	29
2026.04.29	13:20:00	4571.21	4571.62	4568.33	4571.60	1283	0	29
2026.04.29	13:25:00	4571.56	4573.17	4570.74	4571.72	1081	0	29
2026.04.29	13:30:00	4571.84	4576.54	4571.84	4573.19	1218	0	29
2026.04.29	13:35:00	4573.23	4574.44	4569.68	4570.47	1217	0	29
2026.04.29	13:40:00	4570.47	4570.53	4565.99	4566.29	1191	0	29
2026.04.29	13:45:00	4566.29	4568.44	4564.87	4567.87	1163	0	29
2026.04.29	13:50:00	4567.86	4570.63	4564.98	4566.30	1261	0	29
2026.04.29	13:55:00	4566.39	4569.90	4563.88	4569.83	1149	0	29
2026.04.29	14:00:00	4569.80	4571.87	4566.67	4568.08	1360	0	29
2026.04.29	14:05:00	4568.09	4569.58	4565.34	4567.05	1401	0	29
2026.04.29	14:10:00	4566.97	4570.72	4566.13	4567.94	1200	0	29
2026.04.29	14:15:00	4567.93	4570.21	4567.23	4568.08	1152	0	29
2026.04.29	14:20:00	4568.08	4568.27	4564.49	4566.16	1221	0	29
2026.04.29	14:25:00	4566.16	4569.08	4564.23	4564.66	1309	0	29
2026.04.29	14:30:00	4564.66	4567.72	4563.56	4567.49	1276	0	29
2026.04.29	14:35:00	4567.49	4571.75	4566.93	4567.11	1338	0	29
2026.04.29	14:40:00	4567.05	4568.13	4564.12	4566.88	1309	0	29
2026.04.29	14:45:00	4566.88	4566.88	4561.93	4563.47	1357	0	29
2026.04.29	14:50:00	4563.49	4564.58	4559.77	4560.42	1371	0	29
2026.04.29	14:55:00	4560.41	4563.22	4559.21	4561.71	1199	0	29
2026.04.29	15:00:00	4561.60	4564.86	4560.59	4563.46	1272	0	29
2026.04.29	15:05:00	4563.47	4568.23	4562.68	4562.75	1352	0	29
2026.04.29	15:10:00	4562.68	4566.47	4560.74	4564.55	1164	0	29
2026.04.29	15:15:00	4564.57	4568.99	4564.56	4565.89	1283	0	29
2026.04.29	15:20:00	4565.88	4567.58	4561.96	4562.15	1404	0	29
2026.04.29	15:25:00	4562.20	4564.52	4559.32	4559.42	1207	0	29
2026.04.29	15:30:00	4559.43	4559.64	4551.12	4554.93	1691	0	29
2026.04.29	15:35:00	4555.03	4557.72	4551.85	4555.81	1569	0	29
2026.04.29	15:40:00	4555.80	4559.69	4554.17	4557.65	1511	0	29
2026.04.29	15:45:00	4557.65	4559.92	4554.93	4555.79	1466	0	29
2026.04.29	15:50:00	4555.79	4555.83	4544.79	4545.08	1709	0	29
2026.04.29	15:55:00	4545.06	4548.57	4541.57	4544.84	1659	0	29
2026.04.29	16:00:00	4544.85	4553.29	4544.85	4547.71	1850	0	29
2026.04.29	16:05:00	4547.71	4549.96	4545.49	4546.42	1676	0	29
2026.04.29	16:10:00	4546.42	4550.78	4545.40	4549.86	1621	0	29
2026.04.29	16:15:00	4549.87	4551.57	4543.42	4543.64	1626	0	29
2026.04.29	16:20:00	4543.56	4543.80	4534.94	4538.31	1845	0	29
2026.04.29	16:25:00	4538.35	4539.34	4534.49	4537.77	1827	0	29
2026.04.29	16:30:00	4537.45	4539.35	4529.93	4532.94	2084	0	29
2026.04.29	16:35:00	4532.63	4533.93	4524.15	4525.49	1990	0	29
2026.04.29	16:40:00	4525.49	4526.22	4513.49	4514.69	1946	0	29
2026.04.29	16:45:00	4514.63	4517.17	4510.17	4514.42	1969	0	29
2026.04.29	16:50:00	4514.32	4521.35	4514.28	4520.82	1984	0	29
2026.04.29	16:55:00	4520.84	4530.01	4519.41	4521.75	1987	0	29
2026.04.29	17:00:00	4521.78	4525.36	4517.83	4525.33	2011	0	29
2026.04.29	17:05:00	4525.19	4526.58	4517.85	4520.14	1966	0	29
2026.04.29	17:10:00	4519.73	4528.24	4519.34	4526.11	1975	0	29
2026.04.29	17:15:00	4526.12	4534.78	4524.28	4534.34	1985	0	29
2026.04.29	17:20:00	4534.29	4537.00	4532.15	4536.48	1933	0	29
2026.04.29	17:25:00	4536.50	4537.59	4532.02	4533.15	1858	0	29
2026.04.29	17:30:00	4533.15	4541.79	4530.90	4539.52	1933	0	29
2026.04.29	17:35:00	4539.53	4542.61	4538.16	4540.84	1847	0	29
2026.04.29	17:40:00	4540.82	4540.82	4537.65	4538.73	1716	0	29
2026.04.29	17:45:00	4538.85	4538.85	4532.69	4532.75	1719	0	29
2026.04.29	17:50:00	4533.07	4539.49	4532.04	4539.13	1739	0	29
2026.04.29	17:55:00	4539.06	4540.53	4536.35	4539.35	1719	0	29
2026.04.29	18:00:00	4539.26	4545.92	4538.81	4542.97	1796	0	29
2026.04.29	18:05:00	4542.92	4546.86	4539.88	4539.90	1707	0	29
2026.04.29	18:10:00	4539.90	4542.80	4536.25	4537.96	1794	0	29
2026.04.29	18:15:00	4537.97	4543.47	4536.18	4541.62	1736	0	29
2026.04.29	18:20:00	4541.76	4544.60	4540.50	4544.04	1621	0	29
2026.04.29	18:25:00	4544.05	4546.44	4541.48	4543.53	1665	0	29
2026.04.29	18:30:00	4543.49	4544.81	4540.41	4543.80	1783	0	29
2026.04.29	18:35:00	4543.83	4552.71	4543.83	4551.06	1810	0	29
2026.04.29	18:40:00	4551.08	4556.22	4550.36	4553.12	1714	0	29
2026.04.29	18:45:00	4553.14	4558.85	4553.02	4554.22	1691	0	29
2026.04.29	18:50:00	4554.22	4556.76	4542.12	4546.82	1962	0	29
2026.04.29	18:55:00	4546.80	4548.42	4543.23	4547.68	1971	0	29
2026.04.29	19:00:00	4547.64	4564.25	4546.99	4562.11	1892	0	29
2026.04.29	19:05:00	4562.12	4564.87	4559.45	4561.03	1787	0	29
2026.04.29	19:10:00	4561.03	4563.72	4557.26	4559.06	1735	0	29
2026.04.29	19:15:00	4559.10	4560.60	4557.63	4560.22	1669	0	29
2026.04.29	19:20:00	4560.24	4562.91	4557.13	4562.13	1632	0	29
2026.04.29	19:25:00	4562.21	4564.22	4560.10	4560.10	1661	0	29
2026.04.29	19:30:00	4560.09	4560.10	4549.75	4550.58	1853	0	29
2026.04.29	19:35:00	4550.60	4552.67	4545.68	4550.19	1719	0	29
2026.04.29	19:40:00	4550.28	4551.88	4548.85	4550.37	1584	0	29
2026.04.29	19:45:00	4550.38	4551.49	4546.17	4546.37	1551	0	29
2026.04.29	19:50:00	4546.19	4548.57	4544.11	4544.51	1496	0	29
2026.04.29	19:55:00	4544.47	4546.06	4543.32	4545.44	1504	0	29
2026.04.29	20:00:00	4545.44	4546.55	4542.77	4544.98	1531	0	29
2026.04.29	20:05:00	4545.07	4550.93	4543.63	4550.72	1494	0	29
2026.04.29	20:10:00	4550.73	4552.16	4549.95	4550.67	1530	0	29
2026.04.29	20:15:00	4550.66	4550.69	4547.93	4549.59	1575	0	29
2026.04.29	20:20:00	4549.56	4554.43	4549.47	4553.26	1802	0	29
2026.04.29	20:25:00	4553.22	4553.69	4545.97	4547.13	1748	0	29
2026.04.29	20:30:00	4547.15	4548.56	4543.83	4544.29	1692	0	29
2026.04.29	20:35:00	4544.29	4546.51	4542.74	4545.23	1493	0	29
2026.04.29	20:40:00	4545.26	4545.44	4542.97	4544.69	1311	0	29
2026.04.29	20:45:00	4544.70	4546.09	4541.56	4543.33	1541	0	29
2026.04.29	20:50:00	4543.35	4547.50	4542.90	4543.57	1518	0	29
2026.04.29	20:55:00	4543.61	4547.68	4542.52	4547.68	1196	0	29
2026.04.29	21:00:00	4547.87	4552.78	4538.63	4541.00	1975	0	29
2026.04.29	21:05:00	4541.16	4542.07	4531.59	4533.16	2025	0	29
2026.04.29	21:10:00	4533.11	4535.30	4525.21	4525.50	1923	0	29
2026.04.29	21:15:00	4525.45	4539.64	4525.05	4531.69	1998	0	29
2026.04.29	21:20:00	4531.66	4537.47	4531.61	4535.16	1784	0	29
2026.04.29	21:25:00	4535.22	4535.33	4529.66	4532.90	1634	0	29
2026.04.29	21:30:00	4532.89	4534.05	4520.50	4521.43	1951	0	29
2026.04.29	21:35:00	4521.46	4540.62	4521.11	4528.83	2075	0	29
2026.04.29	21:40:00	4528.89	4528.89	4520.45	4520.45	1996	0	29
2026.04.29	21:45:00	4520.43	4530.34	4518.21	4528.74	1986	0	29
2026.04.29	21:50:00	4528.74	4534.90	4528.74	4532.08	1872	0	29
2026.04.29	21:55:00	4532.10	4541.25	4531.61	4538.03	1935	0	29
2026.04.29	22:00:00	4538.02	4545.27	4537.29	4537.30	1856	0	29
2026.04.29	22:05:00	4537.33	4541.44	4533.16	4538.91	1834	0	29
2026.04.29	22:10:00	4538.92	4548.81	4538.04	4547.70	1735	0	29
2026.04.29	22:15:00	4547.59	4550.63	4545.15	4547.34	1735	0	29
2026.04.29	22:20:00	4547.35	4547.71	4542.15	4544.88	1632	0	29
2026.04.29	22:25:00	4544.88	4545.47	4541.13	4542.74	1577	0	29
2026.04.29	22:30:00	4542.68	4544.91	4537.62	4539.07	1756	0	29
2026.04.29	22:35:00	4539.08	4541.91	4537.53	4540.76	1619	0	29
2026.04.29	22:40:00	4540.73	4542.31	4537.70	4539.51	1548	0	29
2026.04.29	22:45:00	4539.46	4548.02	4539.31	4548.02	1518	0	29
2026.04.29	22:50:00	4548.01	4549.77	4546.47	4547.85	1625	0	29
2026.04.29	22:55:00	4547.86	4549.23	4544.14	4546.89	1641	0	29
2026.04.29	23:00:00	4547.02	4548.01	4542.61	4547.23	1922	0	29
2026.04.29	23:05:00	4547.16	4553.53	4543.94	4552.21	1631	0	29
2026.04.29	23:10:00	4552.20	4553.06	4545.33	4546.39	1634	0	29
2026.04.29	23:15:00	4546.33	4547.92	4541.31	4544.92	1781	0	29
2026.04.29	23:20:00	4544.87	4546.91	4544.01	4544.07	1449	0	29
2026.04.29	23:25:00	4544.08	4545.65	4542.61	4543.30	1262	0	29
2026.04.29	23:30:00	4543.15	4545.96	4542.38	4543.97	1219	0	34
2026.04.29	23:35:00	4543.97	4546.53	4543.54	4546.42	1027	0	34
2026.04.29	23:40:00	4546.39	4546.52	4543.78	4543.83	1180	0	34
2026.04.29	23:45:00	4543.77	4544.70	4541.82	4541.93	1141	0	34
2026.04.29	23:50:00	4541.89	4543.73	4541.38	4542.43	1074	0	34
2026.04.29	23:55:00	4542.41	4543.72	4542.10	4543.40	637	0	34
2026.04.30	01:00:00	4545.66	4545.66	4539.25	4539.53	1008	0	34
2026.04.30	01:05:00	4539.58	4546.61	4539.53	4545.98	652	0	34
2026.04.30	01:10:00	4545.98	4548.73	4545.29	4546.28	869	0	34
2026.04.30	01:15:00	4546.37	4550.36	4546.33	4549.85	1127	0	34
2026.04.30	01:20:00	4549.87	4550.77	4548.46	4549.34	885	0	34
2026.04.30	01:25:00	4549.35	4550.14	4548.01	4549.10	686	0	34
2026.04.30	01:30:00	4549.09	4552.12	4548.06	4549.80	824	0	29
2026.04.30	01:35:00	4549.80	4550.14	4547.84	4548.50	626	0	29
2026.04.30	01:40:00	4548.53	4549.41	4547.45	4548.39	624	0	29
2026.04.30	01:45:00	4548.39	4551.67	4547.75	4551.43	812	0	29
2026.04.30	01:50:00	4551.44	4552.33	4550.47	4550.63	668	0	29
2026.04.30	01:55:00	4550.64	4552.55	4549.65	4552.08	782	0	29
2026.04.30	02:00:00	4552.09	4554.02	4552.07	4553.13	768	0	29
2026.04.30	02:05:00	4553.15	4553.15	4550.51	4551.81	704	0	29
2026.04.30	02:10:00	4551.80	4553.45	4551.33	4553.32	596	0	29
2026.04.30	02:15:00	4553.33	4555.08	4549.67	4551.54	863	0	29
2026.04.30	02:20:00	4551.54	4552.22	4550.85	4550.93	726	0	29
2026.04.30	02:25:00	4550.93	4552.60	4550.93	4551.64	661	0	29
2026.04.30	02:30:00	4551.65	4553.57	4551.40	4552.67	688	0	29
2026.04.30	02:35:00	4552.66	4554.77	4552.31	4554.65	770	0	29
2026.04.30	02:40:00	4554.64	4554.85	4553.72	4554.45	652	0	29
2026.04.30	02:45:00	4554.45	4558.22	4554.01	4557.96	874	0	29
2026.04.30	02:50:00	4557.96	4559.71	4557.46	4557.98	953	0	29
2026.04.30	02:55:00	4557.88	4561.92	4557.23	4561.69	1046	0	29
2026.04.30	03:00:00	4561.68	4568.47	4558.06	4559.17	1584	0	29
2026.04.30	03:05:00	4559.24	4565.01	4558.04	4561.97	1590	0	29
2026.04.30	03:10:00	4561.97	4563.10	4557.67	4558.03	1427	0	29
2026.04.30	03:15:00	4558.09	4564.57	4556.46	4561.89	1650	0	29
2026.04.30	03:20:00	4561.90	4561.90	4558.45	4561.12	1276	0	29
2026.04.30	03:25:00	4561.16	4564.03	4560.15	4563.59	1333	0	29
2026.04.30	03:30:00	4563.61	4566.42	4562.55	4564.47	1231	0	29
2026.04.30	03:35:00	4564.48	4565.22	4562.21	4565.13	1068	0	29
2026.04.30	03:40:00	4565.14	4566.94	4563.69	4566.89	1142	0	29
2026.04.30	03:45:00	4566.89	4574.01	4566.49	4573.24	1324	0	29
2026.04.30	03:50:00	4573.28	4573.63	4570.47	4573.17	1276	0	29
2026.04.30	03:55:00	4573.16	4573.53	4569.01	4569.86	1285	0	29
2026.04.30	04:00:00	4569.86	4571.21	4567.08	4567.84	1630	0	29
2026.04.30	04:05:00	4567.86	4568.46	4565.52	4565.59	1427	0	29
2026.04.30	04:10:00	4565.58	4568.69	4564.52	4568.37	1521	0	29
2026.04.30	04:15:00	4568.44	4571.00	4568.44	4570.92	1475	0	29
2026.04.30	04:20:00	4570.93	4571.39	4565.85	4569.15	1390	0	29
2026.04.30	04:25:00	4569.13	4580.97	4568.40	4579.81	1557	0	29
2026.04.30	04:30:00	4579.95	4581.39	4577.17	4577.38	1525	0	29
2026.04.30	04:35:00	4577.38	4577.46	4570.92	4575.65	1675	0	29
2026.04.30	04:40:00	4575.58	4579.06	4575.19	4576.29	1494	0	29
2026.04.30	04:45:00	4576.25	4578.94	4574.00	4578.72	1351	0	29
2026.04.30	04:50:00	4578.73	4582.39	4577.16	4581.93	1383	0	29
2026.04.30	04:55:00	4582.03	4582.07	4578.42	4579.09	1422	0	29
2026.04.30	05:00:00	4579.08	4581.81	4576.37	4577.39	1454	0	29
2026.04.30	05:05:00	4577.38	4578.88	4576.35	4576.66	1210	0	29
2026.04.30	05:10:00	4576.64	4579.96	4574.78	4579.63	1159	0	29
2026.04.30	05:15:00	4579.64	4580.70	4574.63	4575.24	1067	0	29
2026.04.30	05:20:00	4575.54	4576.81	4573.89	4575.34	1126	0	29
2026.04.30	05:25:00	4575.34	4576.04	4571.84	4573.07	976	0	29
2026.04.30	05:30:00	4573.08	4573.73	4566.88	4567.58	1913	0	29
2026.04.30	05:35:00	4567.57	4569.34	4561.67	4563.67	1619	0	29
2026.04.30	05:40:00	4563.70	4565.05	4560.21	4562.30	1405	0	29
2026.04.30	05:45:00	4562.32	4563.85	4559.85	4561.83	1406	0	29
2026.04.30	05:50:00	4561.85	4564.17	4560.68	4563.67	1354	0	29
2026.04.30	05:55:00	4563.66	4565.23	4562.25	4564.87	1355	0	29
2026.04.30	06:00:00	4564.87	4569.04	4564.03	4566.95	1280	0	29
2026.04.30	06:05:00	4566.96	4568.52	4564.90	4567.24	1128	0	29
2026.04.30	06:10:00	4567.22	4568.35	4562.47	4564.86	1401	0	29
2026.04.30	06:15:00	4565.09	4566.65	4563.19	4565.57	1122	0	29
2026.04.30	06:20:00	4565.58	4565.61	4563.22	4564.80	1029	0	29
2026.04.30	06:25:00	4564.79	4566.82	4562.79	4563.20	1164	0	29
2026.04.30	06:30:00	4563.20	4563.86	4560.11	4560.50	1229	0	29
2026.04.30	06:35:00	4560.50	4560.76	4557.77	4558.88	1041	0	29
2026.04.30	06:40:00	4558.88	4562.20	4557.64	4561.47	1159	0	29
2026.04.30	06:45:00	4561.52	4561.52	4558.24	4558.36	1134	0	29
2026.04.30	06:50:00	4558.38	4558.81	4556.23	4557.30	1050	0	29
2026.04.30	06:55:00	4557.31	4557.52	4555.66	4556.07	954	0	29
2026.04.30	07:00:00	4555.94	4556.51	4550.90	4553.45	1199	0	29
2026.04.30	07:05:00	4553.44	4555.84	4551.89	4553.66	1243	0	29
2026.04.30	07:10:00	4553.67	4556.46	4553.13	4555.32	1253	0	29
2026.04.30	07:15:00	4555.33	4556.93	4551.91	4552.56	1233	0	29
2026.04.30	07:20:00	4552.56	4552.96	4549.44	4550.07	1274	0	29
2026.04.30	07:25:00	4550.10	4550.95	4545.85	4547.30	1336	0	29
2026.04.30	07:30:00	4547.08	4547.61	4540.85	4541.17	1487	0	29
2026.04.30	07:35:00	4541.03	4543.30	4540.84	4542.35	1255	0	29
2026.04.30	07:40:00	4542.37	4544.78	4541.64	4544.59	1167	0	29
2026.04.30	07:45:00	4544.60	4549.42	4544.58	4546.86	1260	0	29
2026.04.30	07:50:00	4546.85	4548.11	4545.47	4547.17	1079	0	29
2026.04.30	07:55:00	4547.18	4547.83	4541.94	4542.02	1114	0	29
2026.04.30	08:00:00	4541.93	4548.92	4541.93	4546.79	1444	0	29
2026.04.30	08:05:00	4546.79	4553.37	4546.24	4552.60	1256	0	29
2026.04.30	08:10:00	4552.59	4553.52	4551.34	4553.15	1225	0	29
2026.04.30	08:15:00	4553.19	4554.12	4551.80	4553.72	1210	0	29
2026.04.30	08:20:00	4553.73	4558.95	4552.21	4557.00	1134	0	29
2026.04.30	08:25:00	4557.00	4557.00	4553.96	4555.62	1067	0	29
2026.04.30	08:30:00	4555.62	4562.36	4553.74	4562.22	1532	0	29
2026.04.30	08:35:00	4562.22	4566.67	4562.05	4565.63	1379	0	29
2026.04.30	08:40:00	4565.58	4566.58	4562.15	4563.90	1444	0	29
2026.04.30	08:45:00	4563.90	4567.79	4563.69	4566.87	1233	0	29
2026.04.30	08:50:00	4566.91	4569.59	4565.38	4565.52	1295	0	29
2026.04.30	08:55:00	4565.48	4566.05	4562.20	4562.57	1344	0	29
2026.04.30	09:00:00	4562.58	4567.83	4560.12	4562.01	1642	0	29
2026.04.30	09:05:00	4562.02	4566.02	4562.02	4565.08	1576	0	29
2026.04.30	09:10:00	4565.03	4567.51	4562.80	4566.06	1652	0	29
2026.04.30	09:15:00	4566.12	4568.07	4563.60	4566.97	1464	0	29
2026.04.30	09:20:00	4566.98	4571.01	4565.80	4570.88	1301	0	29
2026.04.30	09:25:00	4570.87	4570.94	4567.03	4569.43	1328	0	29
2026.04.30	09:30:00	4569.44	4578.22	4569.44	4576.94	1683	0	29
2026.04.30	09:35:00	4576.93	4578.42	4575.23	4575.30	1511	0	29
2026.04.30	09:40:00	4575.34	4575.46	4572.05	4575.08	1387	0	29
2026.04.30	09:45:00	4575.09	4579.09	4574.63	4578.21	1334	0	29
2026.04.30	09:50:00	4578.21	4583.95	4577.89	4583.79	1357	0	29
2026.04.30	09:55:00	4583.75	4591.50	4583.65	4589.44	1615	0	29
2026.04.30	10:00:00	4589.44	4590.92	4586.23	4586.24	1658	0	29
2026.04.30	10:05:00	4586.20	4594.77	4586.18	4594.70	1600	0	29
2026.04.30	10:10:00	4594.67	4595.45	4590.27	4591.59	1580	0	29
2026.04.30	10:15:00	4591.60	4593.60	4587.51	4588.10	1616	0	29
2026.04.30	10:20:00	4588.17	4588.86	4584.80	4588.05	1380	0	29
2026.04.30	10:25:00	4588.04	4591.50	4586.90	4591.50	1321	0	29
2026.04.30	10:30:00	4591.51	4592.74	4588.57	4588.87	1405	0	29
2026.04.30	10:35:00	4588.84	4592.43	4587.99	4589.93	1299	0	29
2026.04.30	10:40:00	4589.96	4597.95	4589.90	4596.67	1283	0	29
2026.04.30	10:45:00	4596.70	4600.74	4593.43	4600.59	1377	0	29
2026.04.30	10:50:00	4600.60	4601.14	4596.59	4600.37	1254	0	29
2026.04.30	10:55:00	4600.35	4605.35	4596.54	4598.41	1497	0	29
2026.04.30	11:00:00	4598.41	4628.00	4597.31	4626.82	1747	0	29
2026.04.30	11:05:00	4627.22	4629.62	4616.80	4619.78	1969	0	29
2026.04.30	11:10:00	4619.77	4621.75	4615.33	4618.76	1675	0	29
2026.04.30	11:15:00	4618.78	4620.39	4613.42	4614.39	1504	0	29
2026.04.30	11:20:00	4614.41	4616.34	4612.08	4615.22	1545	0	29
2026.04.30	11:25:00	4615.18	4620.32	4614.98	4617.48	1594	0	29
2026.04.30	11:30:00	4617.49	4620.66	4615.33	4616.85	1537	0	29
2026.04.30	11:35:00	4616.89	4620.69	4614.14	4616.16	1567	0	29
2026.04.30	11:40:00	4616.19	4616.25	4613.69	4614.86	1421	0	29
2026.04.30	11:45:00	4615.01	4619.30	4614.24	4617.45	1425	0	29
2026.04.30	11:50:00	4617.38	4618.48	4615.50	4616.85	1356	0	29
2026.04.30	11:55:00	4616.84	4617.42	4615.57	4616.31	1294	0	29
2026.04.30	12:00:00	4616.34	4617.83	4615.08	4617.09	1354	0	29
2026.04.30	12:05:00	4617.10	4620.07	4614.21	4619.86	1467	0	29
2026.04.30	12:10:00	4619.82	4619.95	4615.07	4618.85	1452	0	29
2026.04.30	12:15:00	4618.82	4620.45	4616.06	4616.74	1353	0	29
2026.04.30	12:20:00	4616.62	4620.29	4615.45	4619.23	1474	0	29
2026.04.30	12:25:00	4619.20	4626.70	4617.62	4625.47	1594	0	29
2026.04.30	12:30:00	4625.52	4631.68	4623.22	4624.24	1952	0	29
2026.04.30	12:35:00	4624.33	4626.48	4620.92	4624.16	1641	0	29
2026.04.30	12:40:00	4624.15	4624.59	4618.41	4619.22	1527	0	29
2026.04.30	12:45:00	4619.26	4624.27	4618.12	4623.57	1358	0	29
2026.04.30	12:50:00	4623.65	4627.15	4621.70	4626.63	1391	0	29
2026.04.30	12:55:00	4626.65	4626.65	4623.39	4625.12	1259	0	29
2026.04.30	13:00:00	4625.12	4628.85	4623.74	4624.02	1510	0	29
2026.04.30	13:05:00	4624.03	4629.16	4623.71	4625.82	1349	0	29
2026.04.30	13:10:00	4625.81	4628.32	4625.13	4626.69	1272	0	29
2026.04.30	13:15:00	4626.90	4631.93	4626.11	4629.03	1256	0	29
2026.04.30	13:20:00	4629.03	4635.46	4628.45	4634.26	1291	0	29
2026.04.30	13:25:00	4634.27	4644.01	4633.32	4643.64	1688	0	29
2026.04.30	13:30:00	4643.67	4646.80	4635.71	4635.76	1891	0	29
2026.04.30	13:35:00	4635.70	4638.93	4634.22	4637.79	1725	0	29
2026.04.30	13:40:00	4637.83	4641.05	4636.44	4636.55	1593	0	29
2026.04.30	13:45:00	4636.58	4638.26	4634.18	4636.79	1639	0	29
2026.04.30	13:50:00	4636.86	4638.16	4635.66	4636.98	1618	0	29
2026.04.30	13:55:00	4636.98	4639.78	4633.84	4639.73	1355	0	29
2026.04.30	14:00:00	4639.73	4643.04	4637.76	4641.71	1726	0	29
2026.04.30	14:05:00	4641.72	4645.30	4638.63	4644.91	1644	0	29
2026.04.30	14:10:00	4644.62	4644.75	4635.91	4635.93	1707	0	29
2026.04.30	14:15:00	4635.95	4638.60	4633.57	4635.90	1589	0	29
2026.04.30	14:20:00	4635.91	4643.56	4633.89	4636.48	1644	0	29
2026.04.30	14:25:00	4636.74	4637.84	4630.39	4637.61	1837	0	29
2026.04.30	14:30:00	4637.61	4637.69	4628.27	4630.00	1786	0	29
2026.04.30	14:35:00	4630.00	4632.62	4628.95	4629.25	1621	0	29
2026.04.30	14:40:00	4629.22	4630.93	4626.83	4629.69	1556	0	29
2026.04.30	14:45:00	4629.63	4635.23	4628.63	4634.94	1525	0	29
2026.04.30	14:50:00	4634.93	4635.32	4628.06	4630.41	1422	0	29
2026.04.30	14:55:00	4630.43	4631.58	4628.30	4630.13	1310	0	29
2026.04.30	15:00:00	4630.15	4636.74	4629.46	4635.79	1451	0	29
2026.04.30	15:05:00	4635.79	4637.44	4630.60	4631.14	1495	0	29
2026.04.30	15:10:00	4631.17	4635.94	4631.12	4635.79	1106	0	29
2026.04.30	15:15:00	4635.79	4636.71	4628.42	4631.27	1667	0	29
2026.04.30	15:20:00	4632.21	4637.43	4631.16	4633.14	1697	0	29
2026.04.30	15:25:00	4633.15	4635.18	4628.97	4629.88	1441	0	29
2026.04.30	15:30:00	4630.03	4636.24	4625.46	4627.62	1770	0	29
2026.04.30	15:35:00	4627.72	4633.66	4626.54	4631.65	1552	0	29
2026.04.30	15:40:00	4631.54	4631.77	4625.45	4625.74	1558	0	29
2026.04.30	15:45:00	4625.75	4631.52	4624.58	4626.91	1591	0	29
2026.04.30	15:50:00	4626.92	4635.50	4625.82	4635.17	1581	0	29
2026.04.30	15:55:00	4634.93	4640.05	4632.83	4639.50	1496	0	29
2026.04.30	16:00:00	4639.50	4644.01	4638.31	4640.12	1836	0	29
2026.04.30	16:05:00	4640.12	4640.63	4634.56	4639.93	1720	0	29
2026.04.30	16:10:00	4639.96	4642.34	4636.92	4641.01	1644	0	29
2026.04.30	16:15:00	4641.04	4645.85	4635.42	4638.40	1616	0	29
2026.04.30	16:20:00	4638.40	4639.03	4634.18	4635.30	1597	0	29
2026.04.30	16:25:00	4635.35	4638.60	4632.96	4633.54	1709	0	29
2026.04.30	16:30:00	4633.51	4634.54	4628.46	4628.69	2042	0	29
2026.04.30	16:35:00	4628.80	4629.66	4623.53	4624.10	1965	0	29
2026.04.30	16:40:00	4624.32	4626.66	4620.16	4625.42	1840	0	29
2026.04.30	16:45:00	4625.45	4625.45	4613.54	4618.40	2031	0	29
2026.04.30	16:50:00	4618.46	4619.93	4611.56	4613.81	2038	0	29
2026.04.30	16:55:00	4613.77	4614.40	4610.55	4610.97	1919	0	29
2026.04.30	17:00:00	4610.90	4624.92	4609.49	4620.34	2014	0	29
2026.04.30	17:05:00	4620.31	4625.63	4617.27	4620.92	1990	0	29
2026.04.30	17:10:00	4620.91	4622.38	4616.16	4620.39	1949	0	29
2026.04.30	17:15:00	4620.37	4624.56	4616.18	4622.06	2037	0	29
2026.04.30	17:20:00	4622.02	4625.90	4619.42	4623.71	1986	0	29
2026.04.30	17:25:00	4623.70	4624.20	4618.96	4622.95	1980	0	29
2026.04.30	17:30:00	4622.68	4622.68	4613.15	4617.21	1973	0	29
2026.04.30	17:35:00	4617.08	4617.08	4610.84	4612.34	1965	0	29
2026.04.30	17:40:00	4612.34	4620.69	4612.34	4617.70	1996	0	29
2026.04.30	17:45:00	4617.69	4622.97	4617.12	4619.22	1865	0	29
2026.04.30	17:50:00	4619.24	4623.83	4618.67	4621.52	1920	0	29
2026.04.30	17:55:00	4621.55	4622.57	4617.86	4619.71	1856	0	29
2026.04.30	18:00:00	4619.78	4622.87	4615.64	4617.15	1866	0	29
2026.04.30	18:05:00	4616.75	4623.81	4614.87	4623.27	1847	0	29
2026.04.30	18:10:00	4623.26	4624.05	4616.51	4619.95	1787	0	29
2026.04.30	18:15:00	4619.90	4623.12	4617.04	4619.58	1826	0	29
2026.04.30	18:20:00	4619.58	4620.96	4615.59	4620.57	1706	0	29
2026.04.30	18:25:00	4620.59	4624.46	4619.50	4622.89	1749	0	29
2026.04.30	18:30:00	4622.93	4625.30	4621.56	4623.15	1805	0	29
2026.04.30	18:35:00	4622.93	4624.33	4615.19	4615.19	1663	0	29
2026.04.30	18:40:00	4615.10	4617.70	4613.36	4615.56	1636	0	29
2026.04.30	18:45:00	4615.53	4615.59	4612.69	4614.37	1712	0	29
2026.04.30	18:50:00	4614.42	4615.51	4611.23	4614.46	1583	0	29
2026.04.30	18:55:00	4614.52	4617.19	4613.85	4615.29	1427	0	29
2026.04.30	19:00:00	4615.24	4615.92	4610.01	4614.33	1533	0	29
2026.04.30	19:05:00	4614.47	4617.41	4613.79	4613.84	1512	0	29
2026.04.30	19:10:00	4613.88	4615.30	4611.46	4611.62	1383	0	29
2026.04.30	19:15:00	4611.63	4611.81	4605.56	4607.68	1588	0	29
2026.04.30	19:20:00	4607.65	4611.27	4606.62	4611.00	1396	0	29
2026.04.30	19:25:00	4610.90	4611.68	4606.84	4607.99	1289	0	29
2026.04.30	19:30:00	4607.98	4613.72	4607.04	4612.79	1343	0	29
2026.04.30	19:35:00	4612.82	4612.84	4609.57	4610.63	1214	0	29
2026.04.30	19:40:00	4610.67	4611.34	4608.62	4609.05	1191	0	29
2026.04.30	19:45:00	4609.05	4613.55	4608.55	4613.29	1206	0	29
2026.04.30	19:50:00	4613.28	4617.70	4612.04	4616.50	1408	0	29
2026.04.30	19:55:00	4616.46	4616.46	4605.35	4607.52	1592	0	29
2026.04.30	20:00:00	4607.55	4617.13	4607.55	4617.10	1601	0	29
2026.04.30	20:05:00	4617.10	4618.32	4614.31	4617.64	1422	0	29
2026.04.30	20:10:00	4617.65	4619.86	4615.81	4615.87	1400	0	29
2026.04.30	20:15:00	4615.85	4617.88	4612.83	4617.88	1360	0	29
2026.04.30	20:20:00	4617.80	4620.71	4616.60	4619.50	1386	0	29
2026.04.30	20:25:00	4619.51	4620.16	4614.94	4617.86	1373	0	29
2026.04.30	20:30:00	4617.50	4621.54	4616.39	4617.56	1630	0	29
2026.04.30	20:35:00	4617.57	4620.48	4615.58	4617.00	1390	0	29
2026.04.30	20:40:00	4617.04	4618.39	4614.97	4617.89	1275	0	29
2026.04.30	20:45:00	4617.79	4619.84	4615.83	4616.17	1257	0	29
2026.04.30	20:50:00	4616.18	4616.94	4615.23	4615.98	1194	0	29
2026.04.30	20:55:00	4615.94	4617.66	4615.40	4616.79	1147	0	29
2026.04.30	21:00:00	4616.77	4624.46	4616.72	4623.44	1572	0	29
2026.04.30	21:05:00	4623.51	4624.38	4621.84	4622.21	1433	0	29
2026.04.30	21:10:00	4622.20	4623.37	4620.36	4620.59	1296	0	29
2026.04.30	21:15:00	4620.58	4625.16	4620.06	4623.92	1318	0	29
2026.04.30	21:20:00	4623.92	4624.40	4621.32	4621.68	1355	0	29
2026.04.30	21:25:00	4621.69	4623.29	4619.87	4620.73	1227	0	29
2026.04.30	21:30:00	4620.77	4622.99	4619.51	4619.91	1225	0	29
2026.04.30	21:35:00	4619.92	4621.57	4619.13	4620.82	1145	0	29
2026.04.30	21:40:00	4620.78	4621.47	4619.06	4620.57	1046	0	29
2026.04.30	21:45:00	4620.57	4622.86	4620.03	4621.67	1113	0	29
2026.04.30	21:50:00	4621.56	4624.30	4620.94	4623.54	1289	0	29
2026.04.30	21:55:00	4623.54	4625.01	4621.94	4622.40	1290	0	29
2026.04.30	22:00:00	4622.39	4625.88	4622.10	4624.36	1279	0	29
2026.04.30	22:05:00	4624.36	4627.31	4623.62	4625.52	1319	0	29
2026.04.30	22:10:00	4625.52	4626.73	4623.72	4624.12	1144	0	29
2026.04.30	22:15:00	4624.12	4625.27	4621.65	4621.67	1089	0	29
2026.04.30	22:20:00	4621.66	4621.66	4617.44	4619.96	1341	0	29
2026.04.30	22:25:00	4619.92	4619.96	4617.00	4617.64	1280	0	29
2026.04.30	22:30:00	4617.60	4618.70	4615.19	4617.93	1358	0	29
2026.04.30	22:35:00	4617.92	4621.51	4616.76	4621.28	1331	0	29
2026.04.30	22:40:00	4621.28	4622.93	4619.61	4622.51	1199	0	29
2026.04.30	22:45:00	4622.52	4623.15	4620.52	4620.62	1203	0	29
2026.04.30	22:50:00	4620.87	4620.87	4614.51	4617.17	1706	0	29
2026.04.30	22:55:00	4617.17	4618.01	4615.07	4616.95	1646	0	29
2026.04.30	23:00:00	4617.08	4620.36	4615.84	4616.68	1494	0	29
2026.04.30	23:05:00	4616.66	4618.27	4615.81	4616.65	1221	0	29
2026.04.30	23:10:00	4616.76	4617.56	4616.05	4616.11	909	0	29
2026.04.30	23:15:00	4616.15	4619.45	4615.91	4618.44	1004	0	29
2026.04.30	23:20:00	4618.44	4619.25	4616.28	4617.21	827	0	29
2026.04.30	23:25:00	4617.21	4617.34	4615.75	4616.64	762	0	29
2026.04.30	23:30:00	4616.61	4618.53	4615.38	4618.19	1051	0	34
2026.04.30	23:35:00	4618.20	4618.32	4616.93	4617.38	670	0	34
2026.04.30	23:40:00	4617.41	4617.73	4616.51	4617.30	867	0	34
2026.04.30	23:45:00	4617.23	4618.57	4616.78	4618.54	753	0	34
2026.04.30	23:50:00	4618.54	4621.02	4618.34	4621.02	711	0	34
2026.04.30	23:55:00	4621.02	4621.96	4620.33	4620.54	469	0	34
2026.05.01	01:00:00	4634.52	4635.71	4625.48	4628.84	993	0	34
2026.05.01	01:05:00	4628.79	4631.95	4626.50	4631.10	663	0	34
2026.05.01	01:10:00	4631.12	4632.66	4629.67	4631.24	649	0	34
2026.05.01	01:15:00	4631.25	4631.46	4628.72	4630.30	766	0	34
2026.05.01	01:20:00	4630.31	4630.96	4629.64	4630.30	543	0	34
2026.05.01	01:25:00	4630.32	4631.15	4629.21	4631.14	496	0	34
2026.05.01	01:30:00	4631.17	4631.87	4628.00	4628.00	702	0	29
2026.05.01	01:35:00	4627.99	4630.65	4626.82	4629.93	921	0	29
2026.05.01	01:40:00	4629.97	4632.17	4629.97	4632.17	654	0	29
2026.05.01	01:45:00	4632.24	4632.24	4628.48	4631.72	757	0	29
2026.05.01	01:50:00	4631.72	4631.75	4629.19	4629.57	764	0	29
2026.05.01	01:55:00	4629.57	4631.57	4629.41	4630.29	784	0	29
2026.05.01	02:00:00	4630.28	4630.66	4628.31	4629.41	734	0	29
2026.05.01	02:05:00	4629.41	4631.20	4628.86	4629.22	749	0	29
2026.05.01	02:10:00	4629.23	4631.57	4628.86	4630.08	631	0	29
2026.05.01	02:15:00	4630.08	4631.19	4629.00	4629.85	726	0	29
2026.05.01	02:20:00	4629.81	4630.73	4629.78	4630.11	601	0	29
2026.05.01	02:25:00	4630.10	4632.09	4630.10	4630.73	617	0	29
2026.05.01	02:30:00	4630.73	4633.44	4630.62	4632.77	739	0	29
2026.05.01	02:35:00	4632.76	4633.96	4631.76	4633.22	665	0	29
2026.05.01	02:40:00	4633.22	4633.94	4631.29	4631.29	655	0	29
2026.05.01	02:45:00	4631.27	4633.16	4630.48	4631.36	856	0	29
2026.05.01	02:50:00	4631.35	4632.24	4629.96	4631.80	729	0	29
2026.05.01	02:55:00	4631.79	4632.58	4626.31	4626.42	959	0	29
2026.05.01	03:00:00	4626.38	4628.74	4623.26	4627.92	1490	0	29
2026.05.01	03:05:00	4627.84	4631.04	4625.37	4626.77	1318	0	29
2026.05.01	03:10:00	4626.86	4627.61	4620.73	4622.36	1322	0	29
2026.05.01	03:15:00	4622.28	4627.39	4620.89	4625.98	1260	0	29
2026.05.01	03:20:00	4625.99	4628.37	4623.46	4623.47	1129	0	29
2026.05.01	03:25:00	4623.47	4625.56	4623.18	4623.71	1157	0	29
2026.05.01	03:30:00	4623.74	4624.92	4621.28	4621.58	1114	0	29
2026.05.01	03:35:00	4621.58	4622.25	4618.42	4621.04	1213	0	29
2026.05.01	03:40:00	4621.05	4621.98	4618.81	4620.70	1043	0	29
2026.05.01	03:45:00	4620.70	4623.43	4620.53	4622.27	1176	0	29
2026.05.01	03:50:00	4622.28	4624.11	4620.97	4624.05	979	0	29
2026.05.01	03:55:00	4624.13	4624.99	4619.49	4619.64	1159	0	29
2026.05.01	04:00:00	4619.64	4620.85	4616.82	4617.38	1319	0	29
2026.05.01	04:05:00	4617.39	4619.56	4616.07	4617.98	938	0	29
2026.05.01	04:10:00	4617.92	4619.26	4615.47	4618.39	1024	0	29
2026.05.01	04:15:00	4618.32	4618.95	4614.54	4614.72	1046	0	29
2026.05.01	04:20:00	4614.67	4616.53	4613.86	4614.93	934	0	29
2026.05.01	04:25:00	4614.93	4616.57	4614.51	4616.20	749	0	29
2026.05.01	04:30:00	4616.17	4620.76	4616.09	4619.37	1082	0	29
2026.05.01	04:35:00	4619.36	4621.27	4619.04	4620.97	943	0	29
2026.05.01	04:40:00	4620.98	4621.84	4619.04	4620.13	1045	0	29
2026.05.01	04:45:00	4620.13	4620.70	4618.80	4619.82	989	0	29
2026.05.01	04:50:00	4619.82	4621.61	4618.74	4619.18	935	0	29
2026.05.01	04:55:00	4619.18	4622.16	4618.73	4620.88	840	0	29
2026.05.01	05:00:00	4620.89	4625.32	4619.70	4624.62	922	0	29
2026.05.01	05:05:00	4624.60	4626.18	4623.37	4626.16	897	0	29
2026.05.01	05:10:00	4626.16	4634.41	4626.14	4630.84	1115	0	29
2026.05.01	05:15:00	4630.85	4635.94	4630.36	4633.63	1122	0	29
2026.05.01	05:20:00	4633.63	4633.93	4628.85	4629.93	993	0	29
2026.05.01	05:25:00	4629.92	4631.06	4628.45	4629.35	667	0	29
2026.05.01	05:30:00	4629.35	4631.03	4628.42	4628.79	862	0	29
2026.05.01	05:35:00	4628.80	4630.61	4627.99	4628.23	739	0	29
2026.05.01	05:40:00	4628.24	4628.52	4623.88	4624.26	920	0	29
2026.05.01	05:45:00	4624.25	4624.44	4619.36	4620.77	1012	0	29
2026.05.01	05:50:00	4620.76	4620.76	4618.27	4619.93	1113	0	29
2026.05.01	05:55:00	4619.93	4619.93	4616.49	4619.02	865	0	29
2026.05.01	06:00:00	4619.04	4620.48	4617.78	4618.52	939	0	29
2026.05.01	06:05:00	4618.52	4619.66	4617.76	4619.00	694	0	29
2026.05.01	06:10:00	4619.01	4621.31	4618.81	4620.61	759	0	29
2026.05.01	06:15:00	4620.61	4622.49	4620.58	4620.78	658	0	29
2026.05.01	06:20:00	4620.79	4624.48	4620.70	4623.54	719	0	29
2026.05.01	06:25:00	4623.54	4626.64	4623.22	4626.19	643	0	29
2026.05.01	06:30:00	4626.39	4630.40	4626.39	4630.26	971	0	29
2026.05.01	06:35:00	4630.25	4631.99	4629.81	4630.23	964	0	29
2026.05.01	06:40:00	4630.23	4630.34	4625.36	4626.12	1156	0	29
2026.05.01	06:45:00	4626.12	4627.89	4625.85	4626.52	797	0	29
2026.05.01	06:50:00	4626.50	4627.95	4625.55	4625.57	672	0	29
2026.05.01	06:55:00	4625.58	4627.95	4625.58	4626.62	788	0	29
2026.05.01	07:00:00	4626.62	4628.64	4624.14	4624.85	952	0	29
2026.05.01	07:05:00	4624.87	4626.48	4619.94	4620.89	1043	0	29
2026.05.01	07:10:00	4620.88	4623.28	4620.00	4621.68	824	0	29
2026.05.01	07:15:00	4621.68	4623.23	4621.09	4623.06	728	0	29
2026.05.01	07:20:00	4623.07	4623.30	4620.98	4621.43	703	0	29
2026.05.01	07:25:00	4621.42	4621.95	4617.16	4617.54	902	0	29
2026.05.01	07:30:00	4617.53	4618.10	4612.37	4614.03	1114	0	29
2026.05.01	07:35:00	4614.06	4617.29	4613.87	4615.83	977	0	29
2026.05.01	07:40:00	4615.83	4615.92	4612.12	4613.41	850	0	29
2026.05.01	07:45:00	4613.41	4614.49	4610.53	4610.79	809	0	29
2026.05.01	07:50:00	4610.79	4610.84	4609.29	4610.20	793	0	29
2026.05.01	07:55:00	4610.19	4611.61	4609.15	4609.15	695	0	29
2026.05.01	08:00:00	4609.15	4609.64	4607.52	4609.05	921	0	29
2026.05.01	08:05:00	4609.05	4614.11	4608.93	4612.72	1084	0	29
2026.05.01	08:10:00	4612.74	4614.72	4612.74	4614.27	823	0	29
2026.05.01	08:15:00	4614.28	4614.54	4611.65	4613.90	696	0	29
2026.05.01	08:20:00	4613.89	4615.21	4613.89	4614.61	725	0	29
2026.05.01	08:25:00	4614.59	4616.09	4612.55	4614.63	671	0	29
2026.05.01	08:30:00	4614.64	4615.33	4612.65	4614.88	800	0	29
2026.05.01	08:35:00	4614.88	4614.88	4609.47	4610.70	912	0	29
2026.05.01	08:40:00	4610.69	4611.71	4609.60	4609.81	939	0	29
2026.05.01	08:45:00	4609.81	4613.51	4607.22	4611.88	936	0	29
2026.05.01	08:50:00	4611.90	4612.08	4608.33	4608.42	708	0	29
2026.05.01	08:55:00	4608.41	4608.41	4602.90	4604.84	1173	0	29
2026.05.01	09:00:00	4604.85	4607.77	4603.87	4605.16	1236	0	29
2026.05.01	09:05:00	4605.36	4607.08	4601.43	4602.94	1205	0	29
2026.05.01	09:10:00	4602.96	4603.55	4601.15	4601.44	947	0	29
2026.05.01	09:15:00	4601.49	4601.97	4596.09	4596.78	950	0	29
2026.05.01	09:20:00	4596.77	4599.35	4595.51	4598.69	1141	0	29
2026.05.01	09:25:00	4598.68	4598.91	4593.36	4593.41	1130	0	29
2026.05.01	09:30:00	4593.49	4595.57	4592.10	4594.95	997	0	29
2026.05.01	09:35:00	4594.96	4597.52	4591.16	4592.30	1107	0	29
2026.05.01	09:40:00	4592.35	4593.67	4590.80	4593.37	1027	0	29
2026.05.01	09:45:00	4593.39	4595.97	4591.99	4592.26	1585	0	29
2026.05.01	09:50:00	4592.25	4594.37	4591.23	4592.33	1276	0	29
2026.05.01	09:55:00	4592.42	4595.23	4591.93	4594.80	1222	0	29
2026.05.01	10:00:00	4594.66	4596.21	4592.56	4592.69	1345	0	29
2026.05.01	10:05:00	4592.68	4596.24	4590.12	4593.12	1513	0	29
2026.05.01	10:10:00	4593.12	4596.37	4592.80	4595.96	1127	0	29
2026.05.01	10:15:00	4595.93	4598.02	4594.62	4595.81	1144	0	29
2026.05.01	10:20:00	4595.94	4596.57	4585.21	4591.23	1429	0	29
2026.05.01	10:25:00	4591.21	4593.13	4587.62	4592.31	1166	0	29
2026.05.01	10:30:00	4592.31	4592.53	4583.63	4585.72	1247	0	29
2026.05.01	10:35:00	4585.77	4589.99	4584.16	4584.88	1251	0	29
2026.05.01	10:40:00	4584.88	4587.11	4584.25	4585.36	972	0	29
2026.05.01	10:45:00	4585.36	4585.95	4582.36	4583.52	1029	0	29
2026.05.01	10:50:00	4583.51	4584.85	4579.61	4579.61	1085	0	29
2026.05.01	10:55:00	4579.60	4581.11	4575.85	4578.14	1300	0	29
2026.05.01	11:00:00	4578.14	4582.38	4577.23	4581.69	1303	0	29
2026.05.01	11:05:00	4581.68	4582.49	4579.66	4579.66	1200	0	29
2026.05.01	11:10:00	4579.68	4579.85	4573.46	4573.90	1301	0	29
2026.05.01	11:15:00	4573.91	4576.90	4570.97	4571.54	1240	0	29
2026.05.01	11:20:00	4571.56	4572.86	4568.17	4568.69	1241	0	29
2026.05.01	11:25:00	4568.51	4569.21	4566.42	4567.26	1336	0	29
2026.05.01	11:30:00	4567.26	4571.93	4566.04	4571.83	1211	0	29
2026.05.01	11:35:00	4571.84	4572.09	4566.13	4570.34	1151	0	29
2026.05.01	11:40:00	4570.36	4571.36	4568.81	4571.00	947	0	29
2026.05.01	11:45:00	4570.98	4572.57	4568.45	4571.14	1013	0	29
2026.05.01	11:50:00	4571.05	4571.05	4565.10	4568.23	1063	0	29
2026.05.01	11:55:00	4568.23	4569.61	4567.05	4568.91	963	0	29
2026.05.01	12:00:00	4568.91	4569.16	4564.46	4565.75	1124	0	29
2026.05.01	12:05:00	4565.72	4567.56	4564.44	4566.36	1035	0	29
2026.05.01	12:10:00	4566.38	4567.68	4564.24	4565.72	998	0	29
2026.05.01	12:15:00	4565.72	4568.14	4564.60	4568.14	1078	0	29
2026.05.01	12:20:00	4568.16	4571.31	4568.08	4569.94	1045	0	29
2026.05.01	12:25:00	4570.00	4571.09	4567.59	4569.18	1021	0	29
2026.05.01	12:30:00	4569.16	4571.79	4567.52	4571.52	1083	0	29
2026.05.01	12:35:00	4571.49	4572.93	4569.64	4571.70	940	0	29
2026.05.01	12:40:00	4571.70	4572.41	4570.08	4570.31	780	0	29
2026.05.01	12:45:00	4570.29	4570.71	4567.78	4569.19	955	0	29
2026.05.01	12:50:00	4569.07	4570.06	4560.79	4560.96	1142	0	29
2026.05.01	12:55:00	4560.95	4564.00	4560.25	4562.67	1193	0	29
2026.05.01	13:00:00	4562.69	4564.33	4561.36	4563.41	975	0	29
2026.05.01	13:05:00	4563.40	4567.95	4563.28	4566.60	848	0	29
2026.05.01	13:10:00	4566.60	4567.77	4565.08	4566.64	792	0	29
2026.05.01	13:15:00	4566.63	4568.99	4566.56	4568.99	822	0	29
2026.05.01	13:20:00	4568.97	4571.91	4568.49	4571.47	853	0	29
2026.05.01	13:25:00	4571.46	4572.66	4570.66	4572.08	865	0	29
2026.05.01	13:30:00	4572.06	4575.96	4570.86	4571.04	998	0	29
2026.05.01	13:35:00	4571.04	4571.35	4567.39	4568.25	895	0	29
2026.05.01	13:40:00	4568.23	4570.65	4567.65	4570.32	918	0	29
2026.05.01	13:45:00	4570.32	4572.03	4568.87	4568.98	888	0	29
2026.05.01	13:50:00	4569.00	4569.27	4566.45	4567.16	855	0	29
2026.05.01	13:55:00	4567.16	4568.79	4566.06	4566.77	957	0	29
2026.05.01	14:00:00	4566.77	4567.97	4563.87	4567.28	1240	0	29
2026.05.01	14:05:00	4567.27	4568.87	4565.10	4567.10	1038	0	29
2026.05.01	14:10:00	4567.06	4567.10	4562.42	4565.84	1086	0	29
2026.05.01	14:15:00	4565.69	4571.67	4564.57	4571.67	1158	0	29
2026.05.01	14:20:00	4571.67	4574.15	4571.66	4573.24	1249	0	29
2026.05.01	14:25:00	4573.16	4576.37	4571.61	4571.85	1137	0	29
2026.05.01	14:30:00	4571.86	4575.28	4570.30	4574.98	1249	0	29
2026.05.01	14:35:00	4574.98	4577.02	4574.09	4575.87	1132	0	29
2026.05.01	14:40:00	4575.95	4577.70	4575.10	4575.63	1050	0	29
2026.05.01	14:45:00	4575.62	4575.94	4573.08	4574.24	982	0	29
2026.05.01	14:50:00	4574.20	4578.16	4572.74	4578.11	1001	0	29
2026.05.01	14:55:00	4577.98	4579.47	4576.80	4578.66	1079	0	29
2026.05.01	15:00:00	4578.65	4578.65	4575.01	4578.02	1187	0	29
2026.05.01	15:05:00	4578.02	4579.76	4576.02	4576.63	1218	0	29
2026.05.01	15:10:00	4576.54	4590.48	4574.91	4584.71	1418	0	29
2026.05.01	15:15:00	4584.59	4590.04	4582.73	4588.42	1700	0	29
2026.05.01	15:20:00	4588.44	4598.03	4587.56	4597.41	1725	0	29
2026.05.01	15:25:00	4597.41	4607.74	4597.41	4602.83	1821	0	29
2026.05.01	15:30:00	4602.95	4603.19	4596.20	4597.69	1545	0	29
2026.05.01	15:35:00	4597.68	4601.40	4595.72	4597.87	1421	0	29
2026.05.01	15:40:00	4597.87	4600.02	4588.95	4591.94	1568	0	29
2026.05.01	15:45:00	4591.93	4595.40	4590.77	4592.53	1356	0	29
2026.05.01	15:50:00	4592.55	4595.16	4592.23	4593.03	1256	0	29
2026.05.01	15:55:00	4593.01	4593.51	4589.65	4591.13	1356	0	29
2026.05.01	16:00:00	4591.10	4595.93	4589.69	4592.50	1406	0	29
2026.05.01	16:05:00	4592.50	4596.50	4591.80	4596.11	1263	0	29
2026.05.01	16:10:00	4596.04	4597.20	4589.92	4591.25	1199	0	29
2026.05.01	16:15:00	4591.27	4592.49	4587.60	4591.21	1279	0	29
2026.05.01	16:20:00	4591.22	4592.79	4590.13	4592.70	1239	0	29
2026.05.01	16:25:00	4592.66	4593.13	4586.63	4589.17	1485	0	29
2026.05.01	16:30:00	4589.18	4601.51	4586.49	4598.58	1965	0	29
2026.05.01	16:35:00	4598.56	4605.32	4598.56	4602.76	1930	0	29
2026.05.01	16:40:00	4602.69	4608.87	4602.69	4607.83	1806	0	29
2026.05.01	16:45:00	4607.89	4609.30	4598.76	4601.19	1866	0	29
2026.05.01	16:50:00	4601.22	4620.75	4599.36	4616.87	1997	0	29
2026.05.01	16:55:00	4616.90	4628.77	4616.43	4625.65	1859	0	29
2026.05.01	17:00:00	4625.65	4641.91	4625.65	4634.64	2060	0	29
2026.05.01	17:05:00	4634.71	4640.31	4632.64	4634.67	1962	0	29
2026.05.01	17:10:00	4634.64	4659.79	4634.52	4656.05	2047	0	29
2026.05.01	17:15:00	4656.15	4660.12	4649.27	4654.54	1999	0	29
2026.05.01	17:20:00	4654.54	4658.01	4649.15	4649.21	1903	0	29
2026.05.01	17:25:00	4649.40	4651.50	4643.88	4644.55	1886	0	29
2026.05.01	17:30:00	4644.58	4646.08	4639.56	4643.12	1939	0	29
2026.05.01	17:35:00	4643.08	4643.21	4635.85	4638.50	1948	0	29
2026.05.01	17:40:00	4638.53	4639.70	4630.45	4633.21	1930	0	29
2026.05.01	17:45:00	4633.09	4635.09	4629.10	4630.87	1875	0	29
2026.05.01	17:50:00	4630.88	4633.95	4627.25	4630.80	1866	0	29
2026.05.01	17:55:00	4630.79	4635.31	4629.96	4632.08	1704	0	29
2026.05.01	18:00:00	4632.12	4633.31	4624.85	4626.57	1864	0	29
2026.05.01	18:05:00	4626.84	4628.02	4619.04	4626.61	1858	0	29
2026.05.01	18:10:00	4626.69	4636.50	4623.64	4636.50	1771	0	29
2026.05.01	18:15:00	4636.21	4640.33	4635.28	4639.39	1745	0	29
2026.05.01	18:20:00	4639.39	4640.62	4634.93	4635.85	1497	0	29
2026.05.01	18:25:00	4635.84	4637.12	4634.07	4636.43	1488	0	29
2026.05.01	18:30:00	4636.43	4641.15	4636.43	4637.98	1537	0	29
2026.05.01	18:35:00	4637.95	4642.89	4635.42	4641.07	1546	0	29
2026.05.01	18:40:00	4641.06	4644.64	4640.76	4643.55	1517	0	29
2026.05.01	18:45:00	4643.53	4647.99	4643.19	4644.26	1425	0	29
2026.05.01	18:50:00	4644.29	4646.77	4633.33	4645.49	1724	0	29
2026.05.01	18:55:00	4645.73	4646.16	4642.35	4643.19	1444	0	29
2026.05.01	19:00:00	4643.15	4645.41	4641.47	4643.77	1445	0	29
2026.05.01	19:05:00	4643.78	4645.31	4639.20	4639.23	1552	0	29
2026.05.01	19:10:00	4639.21	4643.61	4638.14	4642.69	1413	0	29
2026.05.01	19:15:00	4642.66	4649.97	4642.66	4647.12	1472	0	29
2026.05.01	19:20:00	4647.07	4649.67	4639.31	4643.69	1507	0	29
2026.05.01	19:25:00	4643.65	4643.68	4637.69	4637.91	1862	0	29
2026.05.01	19:30:00	4637.93	4640.35	4634.83	4636.98	1733	0	29
2026.05.01	19:35:00	4637.09	4640.75	4633.90	4640.43	1619	0	29
2026.05.01	19:40:00	4640.42	4641.33	4637.50	4638.87	1437	0	29
2026.05.01	19:45:00	4638.77	4640.22	4637.04	4640.18	1447	0	29
2026.05.01	19:50:00	4640.18	4642.83	4636.66	4640.99	1393	0	29
2026.05.01	19:55:00	4640.99	4642.72	4638.48	4638.78	1233	0	29
2026.05.01	20:00:00	4638.78	4642.62	4638.45	4638.53	1421	0	29
2026.05.01	20:05:00	4638.51	4640.22	4637.52	4638.88	1217	0	29
2026.05.01	20:10:00	4638.89	4639.87	4638.07	4639.76	1024	0	29
2026.05.01	20:15:00	4639.79	4640.04	4636.93	4638.42	1235	0	29
2026.05.01	20:20:00	4638.40	4638.75	4634.28	4635.01	1323	0	29
2026.05.01	20:25:00	4635.00	4636.64	4630.95	4631.76	1373	0	29
2026.05.01	20:30:00	4631.72	4632.20	4628.65	4630.05	1317	0	29
2026.05.01	20:35:00	4630.05	4630.78	4628.07	4630.75	1256	0	29
2026.05.01	20:40:00	4630.76	4631.89	4626.73	4628.02	1217	0	29
2026.05.01	20:45:00	4627.91	4629.61	4627.21	4627.32	1153	0	29
2026.05.01	20:50:00	4627.37	4634.93	4627.19	4630.07	1445	0	29
2026.05.01	20:55:00	4630.12	4631.34	4628.65	4629.45	1273	0	29
2026.05.01	21:00:00	4629.46	4630.61	4623.34	4624.50	1395	0	29
2026.05.01	21:05:00	4624.48	4625.67	4622.34	4624.29	1466	0	29
2026.05.01	21:10:00	4624.30	4624.42	4615.57	4615.78	1257	0	29
2026.05.01	21:15:00	4615.78	4618.97	4613.72	4618.56	1421	0	29
2026.05.01	21:20:00	4618.59	4622.48	4618.57	4622.22	1230	0	29
2026.05.01	21:25:00	4622.23	4623.52	4618.83	4623.17	1303	0	29
2026.05.01	21:30:00	4623.49	4624.31	4617.52	4617.52	1436	0	29
2026.05.01	21:35:00	4617.51	4618.74	4616.10	4617.52	1304	0	29
2026.05.01	21:40:00	4617.52	4622.36	4617.23	4622.18	1319	0	29
2026.05.01	21:45:00	4622.21	4624.14	4619.95	4623.93	1307	0	29
2026.05.01	21:50:00	4623.93	4625.82	4623.38	4624.02	1203	0	29
2026.05.01	21:55:00	4624.02	4624.57	4623.02	4624.23	1225	0	29
2026.05.01	22:00:00	4624.24	4624.91	4620.42	4620.92	1238	0	29
2026.05.01	22:05:00	4620.96	4623.07	4620.70	4622.71	1054	0	29
2026.05.01	22:10:00	4622.72	4626.53	4621.76	4626.16	1028	0	29
2026.05.01	22:15:00	4626.17	4627.33	4625.88	4627.10	1045	0	29
2026.05.01	22:20:00	4627.10	4627.45	4625.53	4626.55	925	0	29
2026.05.01	22:25:00	4626.57	4627.63	4624.25	4624.28	1030	0	29
2026.05.01	22:30:00	4624.28	4624.50	4616.75	4618.12	1281	0	29
2026.05.01	22:35:00	4618.12	4619.00	4614.98	4617.12	1215	0	29
2026.05.01	22:40:00	4617.13	4617.20	4611.28	4611.83	1349	0	29
2026.05.01	22:45:00	4611.82	4614.51	4611.06	4614.45	1235	0	29
2026.05.01	22:50:00	4614.83	4615.25	4608.85	4610.77	1334	0	29
2026.05.01	22:55:00	4610.76	4612.28	4608.83	4610.77	1660	0	29
2026.05.01	23:00:00	4610.77	4612.60	4607.44	4609.17	1024	0	29
2026.05.01	23:05:00	4609.17	4610.30	4606.95	4610.22	812	0	29
2026.05.01	23:10:00	4610.22	4611.83	4608.91	4611.16	709	0	29
2026.05.01	23:15:00	4611.28	4611.65	4610.00	4610.12	778	0	29
2026.05.01	23:20:00	4610.20	4612.25	4609.79	4611.46	650	0	29
2026.05.01	23:25:00	4611.46	4616.12	4611.23	4613.28	786	0	29
2026.05.01	23:30:00	4613.25	4615.03	4612.33	4614.38	675	0	34
2026.05.01	23:35:00	4614.41	4614.58	4610.13	4611.87	701	0	34
2026.05.01	23:40:00	4611.74	4614.54	4610.89	4613.70	744	0	34
2026.05.01	23:45:00	4613.72	4614.42	4612.51	4613.10	699	0	34
2026.05.01	23:50:00	4613.13	4617.26	4613.03	4616.19	834	0	34
2026.05.01	23:55:00	4616.13	4616.13	4614.89	4615.52	387	0	34
2026.05.04	01:00:00	4635.62	4636.41	4616.98	4625.51	1445	0	34
2026.05.04	01:05:00	4625.53	4627.09	4621.18	4621.89	966	0	34
2026.05.04	01:10:00	4621.90	4623.57	4619.09	4622.95	1087	0	34
2026.05.04	01:15:00	4622.54	4623.07	4617.25	4621.87	964	0	34
2026.05.04	01:20:00	4621.87	4621.88	4612.54	4617.05	1015	0	34
2026.05.04	01:25:00	4617.05	4622.65	4616.84	4620.73	847	0	34
2026.05.04	01:30:00	4620.76	4623.88	4619.73	4623.45	821	0	29
2026.05.04	01:35:00	4623.46	4626.80	4622.78	4625.44	806	0	29
2026.05.04	01:40:00	4625.43	4629.29	4625.43	4628.06	757	0	29
2026.05.04	01:45:00	4628.08	4629.11	4625.70	4626.23	738	0	29
2026.05.04	01:50:00	4626.22	4627.48	4619.62	4619.74	942	0	29
2026.05.04	01:55:00	4619.73	4621.16	4618.26	4618.79	886	0	29
2026.05.04	02:00:00	4618.80	4620.83	4615.28	4619.21	1057	0	29
2026.05.04	02:05:00	4619.21	4619.87	4613.20	4615.37	838	0	29
2026.05.04	02:10:00	4615.37	4615.81	4611.30	4614.98	975	0	29
2026.05.04	02:15:00	4614.98	4616.87	4613.13	4616.23	839	0	29
2026.05.04	02:20:00	4616.23	4616.23	4613.90	4615.73	713	0	29
2026.05.04	02:25:00	4615.72	4617.59	4614.74	4617.04	662	0	29
2026.05.04	02:30:00	4617.03	4618.32	4615.33	4617.49	696	0	29
2026.05.04	02:35:00	4617.47	4618.39	4614.72	4614.76	817	0	29
2026.05.04	02:40:00	4614.76	4615.02	4612.82	4613.57	851	0	29
2026.05.04	02:45:00	4613.60	4616.18	4611.58	4614.28	1009	0	29
2026.05.04	02:50:00	4614.28	4616.73	4613.44	4616.14	726	0	29
2026.05.04	02:55:00	4616.14	4616.96	4612.24	4613.87	911	0	29
2026.05.04	03:00:00	4613.84	4613.84	4604.67	4608.44	1433	0	29
2026.05.04	03:05:00	4608.44	4616.45	4606.85	4615.22	1292	0	29
2026.05.04	03:10:00	4615.22	4615.86	4610.00	4612.12	1266	0	29
2026.05.04	03:15:00	4612.13	4614.65	4604.96	4607.75	1441	0	29
2026.05.04	03:20:00	4607.76	4609.46	4602.17	4604.41	1452	0	29
2026.05.04	03:25:00	4604.40	4606.48	4601.93	4605.93	1298	0	29
2026.05.04	03:30:00	4605.91	4609.93	4604.93	4608.26	1207	0	29
2026.05.04	03:35:00	4608.25	4609.93	4605.29	4606.34	1137	0	29
2026.05.04	03:40:00	4606.34	4608.80	4605.73	4605.73	928	0	29
2026.05.04	03:45:00	4605.74	4610.22	4604.83	4609.42	1088	0	29
2026.05.04	03:50:00	4609.43	4609.82	4606.90	4609.50	1011	0	29
2026.05.04	03:55:00	4609.50	4613.42	4609.26	4612.98	1146	0	29
2026.05.04	04:00:00	4612.99	4613.99	4600.48	4601.19	1391	0	29
2026.05.04	04:05:00	4601.18	4603.42	4597.63	4599.07	1483	0	29
2026.05.04	04:10:00	4599.07	4601.68	4595.90	4600.54	1254	0	29
2026.05.04	04:15:00	4600.55	4604.35	4598.58	4599.07	1339	0	29
2026.05.04	04:20:00	4599.08	4600.12	4597.24	4598.00	1056	0	29
2026.05.04	04:25:00	4598.00	4598.38	4594.13	4594.57	1087	0	29
2026.05.04	04:30:00	4594.58	4599.51	4592.65	4599.16	1226	0	29
2026.05.04	04:35:00	4598.95	4600.34	4598.12	4600.17	991	0	29
2026.05.04	04:40:00	4600.17	4601.57	4599.06	4601.41	896	0	29
2026.05.04	04:45:00	4601.41	4603.31	4600.93	4601.16	943	0	29
2026.05.04	04:50:00	4601.15	4606.63	4601.06	4606.12	917	0	29
2026.05.04	04:55:00	4606.11	4613.68	4605.75	4612.99	989	0	29
2026.05.04	05:00:00	4613.01	4618.46	4612.19	4613.13	1276	0	29
2026.05.04	05:05:00	4613.12	4613.36	4607.67	4608.79	1095	0	29
2026.05.04	05:10:00	4608.82	4610.12	4603.49	4608.30	1138	0	29
2026.05.04	05:15:00	4608.30	4608.30	4602.54	4605.01	1183	0	29
2026.05.04	05:20:00	4605.00	4605.10	4597.33	4598.33	1112	0	29
2026.05.04	05:25:00	4598.33	4599.03	4591.50	4593.02	1144	0	29
2026.05.04	05:30:00	4593.03	4595.96	4591.03	4595.43	1137	0	29
2026.05.04	05:35:00	4595.43	4601.65	4595.17	4600.61	1168	0	29
2026.05.04	05:40:00	4600.61	4603.90	4599.36	4603.90	1047	0	29
2026.05.04	05:45:00	4603.87	4605.11	4601.17	4604.50	1103	0	29
2026.05.04	05:50:00	4604.57	4610.27	4602.66	4609.50	1034	0	29
2026.05.04	05:55:00	4609.46	4611.02	4605.67	4605.79	1056	0	29
2026.05.04	06:00:00	4605.76	4607.20	4604.39	4605.31	941	0	29
2026.05.04	06:05:00	4605.25	4608.93	4604.95	4608.25	974	0	29
2026.05.04	06:10:00	4608.26	4611.70	4606.11	4609.99	1037	0	29
2026.05.04	06:15:00	4609.99	4610.67	4608.16	4608.84	884	0	29
2026.05.04	06:20:00	4608.84	4610.28	4608.26	4609.82	791	0	29
2026.05.04	06:25:00	4609.87	4610.90	4608.25	4609.72	755	0	29
2026.05.04	06:30:00	4609.55	4611.16	4607.57	4607.99	1018	0	29
2026.05.04	06:35:00	4608.00	4608.00	4601.33	4601.36	934	0	29
2026.05.04	06:40:00	4601.36	4605.13	4598.53	4604.94	1054	0	29
2026.05.04	06:45:00	4604.92	4612.76	4604.92	4610.16	1669	0	29
2026.05.04	06:50:00	4610.17	4614.21	4609.38	4613.38	1463	0	29
2026.05.04	06:55:00	4613.38	4617.14	4612.28	4615.05	1271	0	29
2026.05.04	07:00:00	4615.04	4615.39	4607.77	4610.25	1233	0	29
2026.05.04	07:05:00	4610.25	4612.14	4609.36	4610.78	1075	0	29
2026.05.04	07:10:00	4610.73	4612.12	4610.06	4611.18	821	0	29
2026.05.04	07:15:00	4611.19	4613.12	4610.21	4611.16	735	0	29
2026.05.04	07:20:00	4611.22	4611.78	4608.08	4609.29	1029	0	29
2026.05.04	07:25:00	4609.29	4610.68	4607.09	4607.97	885	0	29
2026.05.04	07:30:00	4607.95	4612.24	4607.27	4611.04	1010	0	29
2026.05.04	07:35:00	4610.98	4612.83	4610.12	4610.20	926	0	29
2026.05.04	07:40:00	4610.20	4610.94	4607.20	4609.19	749	0	29
2026.05.04	07:45:00	4609.18	4609.49	4607.24	4607.60	614	0	29
2026.05.04	07:50:00	4607.63	4610.43	4607.18	4607.40	691	0	29
2026.05.04	07:55:00	4607.39	4607.54	4605.25	4605.86	1011	0	29
2026.05.04	08:00:00	4605.86	4606.41	4603.33	4604.34	1097	0	29
2026.05.04	08:05:00	4604.34	4606.70	4603.55	4606.09	824	0	29
2026.05.04	08:10:00	4606.09	4606.72	4601.92	4603.72	1021	0	29
2026.05.04	08:15:00	4603.76	4613.09	4600.91	4611.09	1303	0	29
2026.05.04	08:20:00	4611.08	4612.71	4604.38	4604.76	1362	0	29
2026.05.04	08:25:00	4604.49	4605.28	4595.68	4596.45	1416	0	29
2026.05.04	08:30:00	4596.46	4598.84	4592.30	4595.58	1376	0	29
2026.05.04	08:35:00	4595.58	4596.68	4593.18	4596.11	1224	0	29
2026.05.04	08:40:00	4596.10	4598.97	4593.15	4598.87	1281	0	29
2026.05.04	08:45:00	4598.91	4601.83	4597.00	4597.71	1023	0	29
2026.05.04	08:50:00	4597.62	4598.78	4594.31	4598.38	1063	0	29
2026.05.04	08:55:00	4598.41	4601.57	4597.21	4599.01	1299	0	29
2026.05.04	09:00:00	4598.88	4600.67	4591.47	4594.02	1499	0	29
2026.05.04	09:05:00	4593.85	4598.44	4587.79	4596.84	1439	0	29
2026.05.04	09:10:00	4596.97	4598.53	4593.36	4597.49	1234	0	29
2026.05.04	09:15:00	4597.48	4597.81	4591.41	4596.65	1213	0	29
2026.05.04	09:20:00	4596.64	4596.64	4589.95	4592.37	1161	0	29
2026.05.04	09:25:00	4592.40	4594.23	4589.09	4593.88	1029	0	29
2026.05.04	09:30:00	4594.13	4595.49	4587.38	4589.98	1362	0	29
2026.05.04	09:35:00	4589.96	4591.60	4584.98	4586.68	1355	0	29
2026.05.04	09:40:00	4586.65	4588.20	4584.45	4585.39	1237	0	29
2026.05.04	09:45:00	4585.40	4590.01	4583.66	4589.94	1263	0	29
2026.05.04	09:50:00	4589.94	4592.34	4588.49	4588.85	1221	0	29
2026.05.04	09:55:00	4588.79	4590.85	4587.06	4588.61	1083	0	29
2026.05.04	10:00:00	4588.56	4591.40	4585.59	4587.99	1454	0	29
2026.05.04	10:05:00	4588.02	4591.61	4587.50	4590.82	1279	0	29
2026.05.04	10:10:00	4590.88	4593.33	4588.07	4592.03	1038	0	29
2026.05.04	10:15:00	4591.99	4592.74	4586.93	4588.24	1103	0	29
2026.05.04	10:20:00	4588.23	4590.98	4587.41	4587.96	1076	0	29
2026.05.04	10:25:00	4587.96	4589.07	4583.34	4585.90	1097	0	29
2026.05.04	10:30:00	4585.90	4587.02	4583.03	4586.02	1256	0	29
2026.05.04	10:35:00	4586.00	4588.12	4582.72	4585.09	1232	0	29
2026.05.04	10:40:00	4585.04	4587.96	4582.73	4587.96	1225	0	29
2026.05.04	10:45:00	4587.96	4590.79	4586.76	4587.53	1232	0	29
2026.05.04	10:50:00	4587.54	4587.59	4581.25	4582.15	1246	0	29
2026.05.04	10:55:00	4582.15	4583.14	4577.97	4578.93	1337	0	29
2026.05.04	11:00:00	4579.06	4580.96	4575.38	4575.42	1545	0	29
2026.05.04	11:05:00	4575.43	4578.66	4574.22	4578.66	1491	0	29
2026.05.04	11:10:00	4578.52	4580.20	4577.02	4580.09	1253	0	29
2026.05.04	11:15:00	4580.09	4581.07	4574.27	4575.87	1344	0	29
2026.05.04	11:20:00	4575.87	4578.56	4575.74	4577.06	1256	0	29
2026.05.04	11:25:00	4577.05	4579.11	4574.13	4574.93	1301	0	29
2026.05.04	11:30:00	4574.98	4578.38	4573.66	4577.51	1277	0	29
2026.05.04	11:35:00	4577.47	4579.29	4575.68	4579.02	1123	0	29
2026.05.04	11:40:00	4579.02	4581.36	4577.92	4578.01	1180	0	29
2026.05.04	11:45:00	4578.13	4578.89	4576.59	4577.37	1143	0	29
2026.05.04	11:50:00	4577.37	4579.44	4576.47	4577.59	1092	0	29
2026.05.04	11:55:00	4577.57	4579.65	4575.79	4576.98	1163	0	29
2026.05.04	12:00:00	4576.99	4580.69	4576.17	4580.62	1342	0	29
2026.05.04	12:05:00	4580.69	4581.41	4579.53	4580.07	1088	0	29
2026.05.04	12:10:00	4580.06	4584.23	4579.34	4583.97	993	0	29
2026.05.04	12:15:00	4583.98	4584.47	4581.00	4582.60	1133	0	29
2026.05.04	12:20:00	4582.61	4583.36	4580.68	4580.69	1019	0	29
2026.05.04	12:25:00	4580.69	4582.15	4580.37	4581.29	841	0	29
2026.05.04	12:30:00	4581.32	4582.57	4580.39	4582.38	890	0	29
2026.05.04	12:35:00	4582.29	4584.42	4582.28	4583.72	803	0	29
2026.05.04	12:40:00	4583.81	4584.19	4580.93	4581.27	806	0	29
2026.05.04	12:45:00	4581.27	4582.23	4579.26	4581.94	938	0	29
2026.05.04	12:50:00	4581.97	4581.97	4577.66	4579.14	914	0	29
2026.05.04	12:55:00	4579.14	4579.47	4572.33	4575.38	1126	0	29
2026.05.04	13:00:00	4575.40	4575.81	4551.23	4560.20	1865	0	29
2026.05.04	13:05:00	4560.20	4560.20	4543.05	4547.31	2106	0	29
2026.05.04	13:10:00	4547.32	4548.74	4537.55	4541.93	2039	0	29
2026.05.04	13:15:00	4541.85	4543.51	4534.53	4538.02	2011	0	29
2026.05.04	13:20:00	4538.11	4539.50	4525.98	4536.19	1960	0	29
2026.05.04	13:25:00	4536.25	4545.16	4536.20	4544.89	1804	0	29
2026.05.04	13:30:00	4544.95	4558.32	4543.03	4557.68	1880	0	29
2026.05.04	13:35:00	4557.67	4562.70	4555.76	4561.42	1768	0	29
2026.05.04	13:40:00	4561.18	4564.05	4558.14	4558.62	1592	0	29
2026.05.04	13:45:00	4558.52	4566.84	4558.29	4566.49	1467	0	29
2026.05.04	13:50:00	4566.36	4566.56	4561.57	4561.68	1454	0	29
2026.05.04	13:55:00	4561.71	4564.51	4560.51	4562.61	1430	0	29
2026.05.04	14:00:00	4562.60	4570.71	4562.51	4562.67	1705	0	29
2026.05.04	14:05:00	4562.62	4567.61	4561.26	4566.73	1453	0	29
2026.05.04	14:10:00	4566.73	4567.79	4563.70	4565.31	1381	0	29
2026.05.04	14:15:00	4565.26	4569.89	4565.26	4568.73	1462	0	29
2026.05.04	14:20:00	4568.73	4568.91	4563.94	4564.16	1278	0	29
2026.05.04	14:25:00	4564.17	4565.20	4561.69	4562.25	1238	0	29
2026.05.04	14:30:00	4562.14	4562.52	4556.73	4556.73	1318	0	29
2026.05.04	14:35:00	4556.70	4560.29	4551.45	4553.91	1531	0	29
2026.05.04	14:40:00	4553.96	4557.31	4553.22	4553.47	1473	0	29
2026.05.04	14:45:00	4553.41	4557.87	4553.08	4555.70	1345	0	29
2026.05.04	14:50:00	4555.89	4559.69	4555.32	4558.81	1359	0	29
2026.05.04	14:55:00	4558.87	4563.00	4557.88	4559.86	1390	0	29
2026.05.04	15:00:00	4560.27	4563.76	4559.28	4563.03	1405	0	29
2026.05.04	15:05:00	4563.02	4563.24	4559.57	4560.60	1310	0	29
2026.05.04	15:10:00	4560.60	4565.73	4560.03	4563.66	1251	0	29
2026.05.04	15:15:00	4563.71	4574.65	4563.30	4573.30	1628	0	29
2026.05.04	15:20:00	4573.30	4579.25	4572.11	4572.30	1640	0	29
2026.05.04	15:25:00	4572.30	4572.70	4565.38	4568.53	1507	0	29
2026.05.04	15:30:00	4568.52	4570.25	4564.89	4565.97	1403	0	29
2026.05.04	15:35:00	4566.01	4569.78	4561.13	4568.40	1350	0	29
2026.05.04	15:40:00	4568.40	4571.61	4567.62	4570.02	1346	0	29
2026.05.04	15:45:00	4570.03	4572.83	4566.42	4570.49	1258	0	29
2026.05.04	15:50:00	4570.47	4575.83	4570.04	4571.97	1345	0	29
2026.05.04	15:55:00	4571.89	4573.61	4568.02	4568.35	1373	0	29
2026.05.04	16:00:00	4568.32	4568.62	4557.36	4565.43	1923	0	29
2026.05.04	16:05:00	4565.73	4573.24	4564.07	4572.30	1613	0	29
2026.05.04	16:10:00	4573.09	4575.81	4563.34	4565.86	1658	0	29
2026.05.04	16:15:00	4565.87	4567.52	4563.51	4564.64	1506	0	29
2026.05.04	16:20:00	4564.65	4567.09	4561.71	4562.59	1389	0	29
2026.05.04	16:25:00	4562.63	4565.34	4561.01	4561.01	1346	0	29
2026.05.04	16:30:00	4561.09	4570.72	4555.62	4569.87	2008	0	29
2026.05.04	16:35:00	4569.99	4570.71	4563.94	4566.77	1866	0	29
2026.05.04	16:40:00	4566.72	4570.54	4562.65	4565.37	1754	0	29
2026.05.04	16:45:00	4565.29	4566.75	4561.30	4561.45	1848	0	29
2026.05.04	16:50:00	4561.39	4565.52	4557.49	4563.14	1820	0	29
2026.05.04	16:55:00	4563.12	4566.14	4560.13	4563.99	1691	0	29
2026.05.04	17:00:00	4564.00	4565.40	4559.29	4560.17	1806	0	29
2026.05.04	17:05:00	4560.15	4561.19	4553.51	4554.98	1907	0	29
2026.05.04	17:10:00	4555.09	4562.96	4553.67	4560.16	1860	0	29
2026.05.04	17:15:00	4560.14	4573.87	4559.62	4572.85	1860	0	29
2026.05.04	17:20:00	4572.74	4582.22	4572.31	4576.86	1819	0	29
2026.05.04	17:25:00	4576.87	4577.44	4570.55	4571.20	1726	0	29
2026.05.04	17:30:00	4571.26	4579.25	4570.21	4575.83	1744	0	29
2026.05.04	17:35:00	4575.76	4581.43	4575.32	4579.57	1657	0	29
2026.05.04	17:40:00	4579.57	4583.11	4574.38	4574.43	1654	0	29
2026.05.04	17:45:00	4574.50	4576.95	4569.27	4570.85	1650	0	29
2026.05.04	17:50:00	4570.88	4571.31	4567.12	4570.17	1562	0	29
2026.05.04	17:55:00	4570.25	4572.21	4559.80	4561.43	1831	0	29
2026.05.04	18:00:00	4561.42	4565.98	4554.71	4561.19	1954	0	29
2026.05.04	18:05:00	4561.12	4561.77	4555.40	4557.90	1793	0	29
2026.05.04	18:10:00	4557.92	4559.83	4548.23	4548.51	1764	0	29
2026.05.04	18:15:00	4548.55	4555.36	4538.12	4540.25	1984	0	29
2026.05.04	18:20:00	4539.75	4540.84	4514.45	4521.68	2193	0	29
2026.05.04	18:25:00	4521.67	4539.78	4515.50	4537.79	2130	0	29
2026.05.04	18:30:00	4538.47	4539.01	4527.69	4534.97	2051	0	29
2026.05.04	18:35:00	4535.04	4542.81	4530.22	4534.84	2012	0	29
2026.05.04	18:40:00	4534.54	4537.28	4531.96	4534.98	1888	0	29
2026.05.04	18:45:00	4534.96	4535.02	4522.94	4522.97	1808	0	29
2026.05.04	18:50:00	4522.96	4530.20	4513.13	4528.22	2080	0	29
2026.05.04	18:55:00	4528.16	4530.32	4521.07	4521.51	1894	0	29
2026.05.04	19:00:00	4521.42	4525.38	4516.70	4522.07	1923	0	29
2026.05.04	19:05:00	4522.09	4523.66	4504.50	4510.94	2024	0	29
2026.05.04	19:10:00	4510.78	4516.12	4500.66	4509.64	2083	0	29
2026.05.04	19:15:00	4509.66	4526.54	4508.74	4522.60	2087	0	29
2026.05.04	19:20:00	4523.34	4526.82	4520.59	4521.33	1941	0	29
2026.05.04	19:25:00	4521.32	4523.68	4513.05	4514.81	1839	0	29
2026.05.04	19:30:00	4514.60	4518.76	4513.19	4517.84	1753	0	29
2026.05.04	19:35:00	4517.73	4518.51	4512.11	4513.45	1654	0	29
2026.05.04	19:40:00	4513.39	4516.49	4511.50	4512.47	1662	0	29
2026.05.04	19:45:00	4512.48	4515.96	4508.51	4509.79	1689	0	29
2026.05.04	19:50:00	4509.79	4512.34	4507.39	4509.10	1727	0	29
2026.05.04	19:55:00	4509.09	4511.57	4507.44	4510.59	1644	0	29
2026.05.04	20:00:00	4510.65	4521.22	4510.65	4520.81	1865	0	29
2026.05.04	20:05:00	4520.78	4526.04	4520.39	4523.81	1728	0	29
2026.05.04	20:10:00	4523.81	4526.07	4521.80	4522.30	1537	0	29
2026.05.04	20:15:00	4522.37	4531.55	4521.70	4529.01	1749	0	29
2026.05.04	20:20:00	4528.99	4530.69	4525.48	4525.64	1659	0	29
2026.05.04	20:25:00	4525.66	4526.93	4521.66	4524.35	1673	0	29
2026.05.04	20:30:00	4524.24	4527.49	4523.79	4525.58	1406	0	29
2026.05.04	20:35:00	4525.64	4526.43	4521.83	4525.00	1478	0	29
2026.05.04	20:40:00	4525.01	4526.17	4523.05	4525.97	1354	0	29
2026.05.04	20:45:00	4525.95	4526.66	4522.41	4522.43	1243	0	29
2026.05.04	20:50:00	4522.40	4525.76	4522.01	4522.88	1271	0	29
2026.05.04	20:55:00	4522.82	4523.80	4521.56	4522.26	1251	0	29
2026.05.04	21:00:00	4522.25	4525.27	4521.07	4523.36	1322	0	29
2026.05.04	21:05:00	4523.36	4524.36	4518.66	4519.33	1321	0	29
2026.05.04	21:10:00	4519.37	4521.67	4518.86	4519.94	1176	0	29
2026.05.04	21:15:00	4519.91	4520.19	4516.86	4517.94	1293	0	29
2026.05.04	21:20:00	4517.92	4517.95	4514.15	4514.15	1354	0	29
2026.05.04	21:25:00	4514.14	4515.07	4509.85	4511.92	1499	0	29
2026.05.04	21:30:00	4511.85	4514.65	4510.67	4514.55	1465	0	29
2026.05.04	21:35:00	4514.55	4514.91	4511.48	4514.79	1374	0	29
2026.05.04	21:40:00	4514.78	4514.86	4510.56	4511.79	1212	0	29
2026.05.04	21:45:00	4511.85	4515.20	4510.76	4514.86	1243	0	29
2026.05.04	21:50:00	4514.84	4515.79	4511.66	4513.65	1258	0	29
2026.05.04	21:55:00	4513.54	4516.32	4512.55	4516.22	1234	0	29
2026.05.04	22:00:00	4516.22	4516.94	4511.39	4511.55	1277	0	29
2026.05.04	22:05:00	4511.53	4523.29	4511.50	4517.78	1684	0	29
2026.05.04	22:10:00	4517.91	4520.03	4516.58	4518.89	1359	0	29
2026.05.04	22:15:00	4518.87	4521.72	4517.43	4520.55	1279	0	29
2026.05.04	22:20:00	4520.56	4524.47	4519.58	4524.44	1384	0	29
2026.05.04	22:25:00	4524.49	4525.86	4519.93	4522.38	1399	0	29
2026.05.04	22:30:00	4522.34	4523.78	4520.87	4522.72	1229	0	29
2026.05.04	22:35:00	4522.76	4527.10	4522.76	4524.21	1231	0	29
2026.05.04	22:40:00	4524.21	4525.91	4520.44	4521.15	1241	0	29
2026.05.04	22:45:00	4521.12	4523.33	4519.44	4521.23	1206	0	29
2026.05.04	22:50:00	4520.74	4520.74	4518.52	4519.15	1314	0	29
2026.05.04	22:55:00	4519.18	4520.22	4515.30	4517.78	1470	0	29
2026.05.04	23:00:00	4517.83	4518.09	4513.95	4515.10	859	0	29
2026.05.04	23:05:00	4515.10	4515.97	4513.52	4513.93	750	0	29
2026.05.04	23:10:00	4513.95	4514.90	4511.72	4514.68	907	0	29
2026.05.04	23:15:00	4514.62	4514.78	4512.31	4512.92	576	0	29
2026.05.04	23:20:00	4512.92	4513.78	4511.88	4512.92	615	0	29
2026.05.04	23:25:00	4512.92	4515.58	4512.89	4515.15	590	0	29
2026.05.04	23:30:00	4515.13	4517.40	4515.08	4517.21	607	0	34
2026.05.04	23:35:00	4517.20	4517.66	4516.03	4516.93	586	0	34
2026.05.04	23:40:00	4516.94	4518.80	4514.58	4518.65	684	0	34
2026.05.04	23:45:00	4518.65	4522.42	4518.60	4521.48	728	0	34
2026.05.04	23:50:00	4521.47	4521.60	4519.79	4521.24	508	0	34
2026.05.04	23:55:00	4521.28	4523.16	4521.28	4523.11	354	0	34
2026.05.05	01:00:00	4524.23	4525.07	4520.31	4520.39	701	0	34
2026.05.05	01:05:00	4520.36	4522.61	4518.00	4522.44	698	0	34
2026.05.05	01:10:00	4522.42	4522.81	4520.51	4521.11	547	0	34
2026.05.05	01:15:00	4521.10	4522.68	4519.80	4520.21	472	0	34
2026.05.05	01:20:00	4520.20	4522.30	4519.76	4519.79	460	0	34
2026.05.05	01:25:00	4519.79	4520.91	4519.32	4519.78	404	0	34
2026.05.05	01:30:00	4519.80	4522.15	4519.75	4521.22	527	0	29
2026.05.05	01:35:00	4521.22	4521.30	4519.44	4519.71	493	0	29
2026.05.05	01:40:00	4519.71	4520.61	4518.88	4519.13	491	0	29
2026.05.05	01:45:00	4519.13	4519.38	4516.89	4518.23	569	0	29
2026.05.05	01:50:00	4518.25	4518.26	4515.64	4516.43	605	0	29
2026.05.05	01:55:00	4516.45	4517.89	4515.66	4517.43	447	0	29
2026.05.05	02:00:00	4517.41	4518.56	4516.16	4518.12	558	0	29
2026.05.05	02:05:00	4518.11	4520.27	4517.92	4519.46	539	0	29
2026.05.05	02:10:00	4519.49	4520.97	4518.10	4520.38	552	0	29
2026.05.05	02:15:00	4520.36	4520.94	4519.13	4519.81	486	0	29
2026.05.05	02:20:00	4519.79	4521.50	4519.79	4521.45	435	0	29
2026.05.05	02:25:00	4521.45	4521.52	4520.46	4521.06	344	0	29
2026.05.05	02:30:00	4521.03	4521.20	4519.75	4521.05	472	0	29
2026.05.05	02:35:00	4521.05	4521.08	4519.77	4520.48	379	0	29
2026.05.05	02:40:00	4520.48	4521.28	4518.29	4518.43	513	0	29
2026.05.05	02:45:00	4518.44	4520.64	4517.86	4520.08	575	0	29
2026.05.05	02:50:00	4520.08	4520.08	4517.28	4519.05	652	0	29
2026.05.05	02:55:00	4519.02	4520.30	4518.41	4519.00	660	0	29
2026.05.05	03:00:00	4518.95	4524.08	4517.64	4522.81	1254	0	29
2026.05.05	03:05:00	4522.80	4526.61	4522.35	4526.25	1142	0	29
2026.05.05	03:10:00	4526.26	4528.50	4525.26	4527.87	1011	0	29
2026.05.05	03:15:00	4527.82	4527.82	4522.63	4523.40	1233	0	29
2026.05.05	03:20:00	4523.40	4523.73	4516.83	4519.40	1241	0	29
2026.05.05	03:25:00	4519.40	4519.82	4513.56	4517.01	1163	0	29
2026.05.05	03:30:00	4516.98	4518.58	4516.01	4518.02	1028	0	29
2026.05.05	03:35:00	4517.99	4521.41	4517.64	4520.92	914	0	29
2026.05.05	03:40:00	4520.99	4524.22	4519.84	4523.76	968	0	29
2026.05.05	03:45:00	4523.80	4527.80	4523.80	4526.69	1055	0	29
2026.05.05	03:50:00	4526.70	4529.52	4525.79	4528.56	1058	0	29
2026.05.05	03:55:00	4528.56	4530.33	4527.08	4530.03	941	0	29
2026.05.05	04:00:00	4529.65	4534.53	4525.40	4534.53	1392	0	29
2026.05.05	04:05:00	4534.61	4535.66	4533.30	4534.61	1068	0	29
2026.05.05	04:10:00	4534.61	4539.41	4533.88	4538.72	1107	0	29
2026.05.05	04:15:00	4538.72	4539.98	4535.96	4536.90	1026	0	29
2026.05.05	04:20:00	4536.93	4539.79	4536.72	4537.87	1154	0	29
2026.05.05	04:25:00	4537.86	4538.30	4535.16	4537.77	1047	0	29
2026.05.05	04:30:00	4537.78	4538.23	4534.05	4534.74	1237	0	29
2026.05.05	04:35:00	4534.76	4542.16	4534.29	4537.11	1335	0	29
2026.05.05	04:40:00	4537.18	4539.29	4535.87	4536.88	1208	0	29
2026.05.05	04:45:00	4536.88	4540.64	4536.16	4539.55	976	0	29
2026.05.05	04:50:00	4539.55	4540.50	4537.89	4538.11	957	0	29
2026.05.05	04:55:00	4538.08	4541.27	4537.28	4540.88	893	0	29
2026.05.05	05:00:00	4540.96	4542.50	4539.23	4539.24	1008	0	29
2026.05.05	05:05:00	4539.24	4539.78	4537.46	4538.46	867	0	29
2026.05.05	05:10:00	4538.39	4539.95	4537.66	4538.57	814	0	29
2026.05.05	05:15:00	4538.60	4539.33	4535.43	4535.43	797	0	29
2026.05.05	05:20:00	4535.42	4538.24	4534.64	4538.23	819	0	29
2026.05.05	05:25:00	4538.21	4541.69	4537.54	4541.43	846	0	29
2026.05.05	05:30:00	4541.45	4543.53	4540.13	4541.50	911	0	29
2026.05.05	05:35:00	4541.48	4542.72	4540.44	4542.30	823	0	29
2026.05.05	05:40:00	4542.30	4545.83	4541.91	4544.41	877	0	29
2026.05.05	05:45:00	4544.39	4546.59	4542.96	4544.12	1105	0	29
2026.05.05	05:50:00	4544.13	4544.34	4541.57	4541.89	879	0	29
2026.05.05	05:55:00	4541.89	4541.99	4538.79	4539.00	795	0	29
2026.05.05	06:00:00	4539.00	4540.98	4537.51	4540.98	1002	0	29
2026.05.05	06:05:00	4540.98	4542.17	4539.97	4540.92	673	0	29
2026.05.05	06:10:00	4540.91	4542.11	4539.74	4542.02	602	0	29
2026.05.05	06:15:00	4542.02	4542.62	4539.80	4540.64	549	0	29
2026.05.05	06:20:00	4540.63	4541.94	4537.51	4538.20	601	0	29
2026.05.05	06:25:00	4538.20	4539.51	4537.30	4537.94	755	0	29
2026.05.05	06:30:00	4537.95	4538.37	4536.78	4538.23	724	0	29
2026.05.05	06:35:00	4538.22	4539.18	4537.48	4538.51	627	0	29
2026.05.05	06:40:00	4538.51	4538.51	4535.61	4536.08	638	0	29
2026.05.05	06:45:00	4536.08	4537.06	4535.71	4536.43	591	0	29
2026.05.05	06:50:00	4536.42	4536.56	4535.07	4535.20	616	0	29
2026.05.05	06:55:00	4535.20	4535.91	4532.39	4534.53	953	0	29
2026.05.05	07:00:00	4534.52	4535.69	4533.25	4535.04	766	0	29
2026.05.05	07:05:00	4534.95	4535.58	4533.23	4533.79	726	0	29
2026.05.05	07:10:00	4533.76	4534.10	4532.56	4532.90	543	0	29
2026.05.05	07:15:00	4532.90	4533.83	4530.64	4530.79	721	0	29
2026.05.05	07:20:00	4530.79	4532.87	4529.72	4530.65	836	0	29
2026.05.05	07:25:00	4530.65	4531.13	4529.42	4529.57	663	0	29
2026.05.05	07:30:00	4529.50	4533.67	4527.98	4532.96	1003	0	29
2026.05.05	07:35:00	4532.96	4533.40	4531.43	4531.81	710	0	29
2026.05.05	07:40:00	4531.85	4532.16	4531.28	4531.64	562	0	29
2026.05.05	07:45:00	4531.64	4534.54	4531.25	4534.53	653	0	29
2026.05.05	07:50:00	4534.55	4536.56	4533.61	4534.81	744	0	29
2026.05.05	07:55:00	4534.81	4534.82	4531.35	4533.63	957	0	29
2026.05.05	08:00:00	4533.62	4536.97	4531.42	4536.91	1100	0	29
2026.05.05	08:05:00	4536.92	4545.44	4536.21	4543.03	1167	0	29
2026.05.05	08:10:00	4543.08	4544.16	4539.63	4540.31	1029	0	29
2026.05.05	08:15:00	4540.27	4540.41	4535.66	4536.60	1045	0	29
2026.05.05	08:20:00	4536.59	4539.46	4536.51	4539.33	874	0	29
2026.05.05	08:25:00	4539.33	4540.04	4537.72	4539.90	872	0	29
2026.05.05	08:30:00	4539.91	4547.14	4539.77	4547.06	1118	0	29
2026.05.05	08:35:00	4547.11	4550.99	4546.62	4548.32	1453	0	29
2026.05.05	08:40:00	4548.34	4551.63	4545.92	4546.07	1180	0	29
2026.05.05	08:45:00	4546.07	4548.05	4545.23	4547.41	1079	0	29
2026.05.05	08:50:00	4547.42	4548.83	4544.69	4545.53	872	0	29
2026.05.05	08:55:00	4545.54	4547.14	4543.60	4545.65	910	0	29
2026.05.05	09:00:00	4545.67	4551.99	4543.84	4543.86	1416	0	29
2026.05.05	09:05:00	4543.96	4545.59	4541.61	4543.93	1189	0	29
2026.05.05	09:10:00	4543.94	4545.82	4542.17	4543.54	1173	0	29
2026.05.05	09:15:00	4543.62	4544.77	4538.96	4539.16	1098	0	29
2026.05.05	09:20:00	4538.99	4539.72	4533.77	4535.10	1101	0	29
2026.05.05	09:25:00	4535.10	4537.78	4534.30	4536.86	1104	0	29
2026.05.05	09:30:00	4536.85	4544.15	4536.25	4542.84	1210	0	29
2026.05.05	09:35:00	4542.84	4549.41	4542.52	4548.02	1230	0	29
2026.05.05	09:40:00	4547.90	4548.51	4544.81	4546.22	1214	0	29
2026.05.05	09:45:00	4546.22	4548.44	4545.46	4548.42	1082	0	29
2026.05.05	09:50:00	4548.53	4550.88	4547.77	4550.19	1034	0	29
2026.05.05	09:55:00	4550.15	4550.89	4547.00	4548.05	1080	0	29
2026.05.05	10:00:00	4548.05	4554.12	4547.51	4552.87	1313	0	29
2026.05.05	10:05:00	4552.80	4554.64	4551.22	4552.24	1156	0	29
2026.05.05	10:10:00	4552.22	4555.10	4550.71	4554.00	1141	0	29
2026.05.05	10:15:00	4554.00	4555.58	4552.44	4554.84	1177	0	29
2026.05.05	10:20:00	4554.83	4555.46	4551.19	4551.21	1017	0	29
2026.05.05	10:25:00	4551.20	4551.52	4548.43	4548.86	1037	0	29
2026.05.05	10:30:00	4548.85	4552.41	4548.85	4552.36	1051	0	29
2026.05.05	10:35:00	4552.37	4558.27	4551.84	4554.49	1515	0	29
2026.05.05	10:40:00	4554.47	4556.09	4551.18	4551.18	1270	0	29
2026.05.05	10:45:00	4551.19	4551.83	4545.54	4545.54	1270	0	29
2026.05.05	10:50:00	4545.54	4547.98	4544.28	4545.71	1059	0	29
2026.05.05	10:55:00	4545.67	4545.91	4543.29	4545.47	1188	0	29
2026.05.05	11:00:00	4545.53	4550.05	4545.44	4549.97	1290	0	29
2026.05.05	11:05:00	4549.96	4551.56	4546.93	4547.79	1211	0	29
2026.05.05	11:10:00	4547.78	4553.42	4546.59	4551.08	1140	0	29
2026.05.05	11:15:00	4551.06	4552.69	4549.02	4550.78	1107	0	29
2026.05.05	11:20:00	4550.79	4553.84	4549.48	4551.90	1208	0	29
2026.05.05	11:25:00	4551.90	4554.67	4551.20	4551.26	1394	0	29
2026.05.05	11:30:00	4551.07	4553.02	4550.44	4551.39	1137	0	29
2026.05.05	11:35:00	4551.36	4553.11	4547.85	4549.98	1076	0	29
2026.05.05	11:40:00	4550.00	4551.45	4548.25	4549.81	1176	0	29
2026.05.05	11:45:00	4549.81	4551.97	4548.14	4551.78	1100	0	29
2026.05.05	11:50:00	4551.81	4557.77	4551.74	4557.17	1195	0	29
2026.05.05	11:55:00	4557.07	4559.62	4555.46	4558.43	1235	0	29
2026.05.05	12:00:00	4558.42	4558.94	4553.58	4555.08	1442	0	29
2026.05.05	12:05:00	4555.09	4560.41	4555.08	4559.12	1284	0	29
2026.05.05	12:10:00	4559.15	4560.22	4556.79	4557.70	1052	0	29
2026.05.05	12:15:00	4557.67	4557.81	4553.90	4554.15	1187	0	29
2026.05.05	12:20:00	4554.16	4556.77	4553.23	4554.88	1058	0	29
2026.05.05	12:25:00	4554.92	4555.81	4552.24	4552.29	938	0	29
2026.05.05	12:30:00	4552.29	4558.23	4551.08	4553.46	1282	0	29
2026.05.05	12:35:00	4553.45	4556.85	4553.00	4555.05	945	0	29
2026.05.05	12:40:00	4555.03	4556.30	4553.78	4555.45	894	0	29
2026.05.05	12:45:00	4555.44	4557.21	4553.09	4553.88	839	0	29
2026.05.05	12:50:00	4553.88	4554.64	4552.78	4554.05	996	0	29
2026.05.05	12:55:00	4554.14	4556.44	4553.35	4556.20	922	0	29
2026.05.05	13:00:00	4556.21	4556.85	4554.52	4555.72	982	0	29
2026.05.05	13:05:00	4555.73	4556.41	4552.11	4552.23	891	0	29
2026.05.05	13:10:00	4552.19	4554.65	4550.67	4553.02	1039	0	29
2026.05.05	13:15:00	4553.03	4555.02	4551.31	4552.48	1016	0	29
2026.05.05	13:20:00	4552.52	4553.83	4552.24	4552.77	789	0	29
2026.05.05	13:25:00	4552.76	4552.76	4546.89	4547.86	1160	0	29
2026.05.05	13:30:00	4547.86	4554.02	4546.59	4553.44	1125	0	29
2026.05.05	13:35:00	4553.54	4553.97	4550.84	4550.84	1129	0	29
2026.05.05	13:40:00	4550.86	4550.86	4544.27	4545.03	1112	0	29
2026.05.05	13:45:00	4545.14	4545.69	4544.16	4544.48	983	0	29
2026.05.05	13:50:00	4544.47	4544.93	4540.19	4540.96	943	0	29
2026.05.05	13:55:00	4540.98	4544.88	4540.95	4543.74	1099	0	29
2026.05.05	14:00:00	4543.73	4544.65	4539.84	4543.32	1506	0	29
2026.05.05	14:05:00	4543.34	4549.98	4542.78	4549.95	1226	0	29
2026.05.05	14:10:00	4549.95	4553.06	4549.44	4552.61	1200	0	29
2026.05.05	14:15:00	4552.67	4555.85	4549.75	4550.07	1283	0	29
2026.05.05	14:20:00	4550.07	4556.41	4549.90	4554.23	1230	0	29
2026.05.05	14:25:00	4554.23	4557.55	4553.54	4556.02	1205	0	29
2026.05.05	14:30:00	4556.02	4558.82	4555.00	4557.07	1348	0	29
2026.05.05	14:35:00	4556.99	4560.32	4556.45	4556.69	1136	0	29
2026.05.05	14:40:00	4556.70	4564.57	4556.11	4563.31	1327	0	29
2026.05.05	14:45:00	4563.35	4564.82	4560.42	4562.17	1254	0	29
2026.05.05	14:50:00	4562.17	4562.24	4559.51	4560.82	1142	0	29
2026.05.05	14:55:00	4560.84	4562.76	4559.15	4562.76	1121	0	29
2026.05.05	15:00:00	4562.49	4563.09	4554.20	4556.71	1399	0	29
2026.05.05	15:05:00	4556.70	4563.75	4555.78	4558.20	1664	0	29
2026.05.05	15:10:00	4558.20	4566.93	4557.97	4564.96	1748	0	29
2026.05.05	15:15:00	4564.95	4566.52	4561.14	4561.82	1466	0	29
2026.05.05	15:20:00	4561.82	4572.25	4561.82	4572.13	1654	0	29
2026.05.05	15:25:00	4572.11	4574.22	4571.28	4573.81	1343	0	29
2026.05.05	15:30:00	4573.81	4574.60	4566.79	4569.21	1436	0	29
2026.05.05	15:35:00	4569.18	4571.00	4566.70	4570.07	1301	0	29
2026.05.05	15:40:00	4570.07	4570.26	4566.94	4567.11	1226	0	29
2026.05.05	15:45:00	4567.13	4568.52	4562.98	4563.71	1318	0	29
2026.05.05	15:50:00	4563.75	4564.72	4561.73	4563.02	1172	0	29
2026.05.05	15:55:00	4563.09	4565.89	4562.59	4564.56	1195	0	29
2026.05.05	16:00:00	4564.53	4575.29	4564.26	4574.15	1498	0	29
2026.05.05	16:05:00	4574.14	4580.56	4574.02	4576.11	1569	0	29
2026.05.05	16:10:00	4576.10	4580.98	4574.69	4578.74	1592	0	29
2026.05.05	16:15:00	4578.79	4584.89	4578.31	4580.94	1558	0	29
2026.05.05	16:20:00	4580.95	4581.71	4576.15	4576.54	1446	0	29
2026.05.05	16:25:00	4576.75	4581.30	4576.30	4576.75	1448	0	29
2026.05.05	16:30:00	4577.08	4581.67	4576.38	4580.37	1891	0	29
2026.05.05	16:35:00	4580.44	4581.21	4572.64	4574.34	1778	0	29
2026.05.05	16:40:00	4574.50	4577.18	4571.61	4573.97	1644	0	29
2026.05.05	16:45:00	4574.00	4577.20	4572.85	4575.83	1664	0	29
2026.05.05	16:50:00	4575.87	4583.07	4575.35	4580.73	1632	0	29
2026.05.05	16:55:00	4580.73	4581.14	4577.51	4579.31	1420	0	29
2026.05.05	17:00:00	4579.35	4583.97	4575.70	4578.72	1640	0	29
2026.05.05	17:05:00	4579.28	4584.26	4577.39	4583.67	1696	0	29
2026.05.05	17:10:00	4583.66	4583.86	4570.82	4573.60	1793	0	29
2026.05.05	17:15:00	4573.65	4573.71	4565.89	4570.29	1945	0	29
2026.05.05	17:20:00	4570.31	4579.53	4568.40	4579.13	1759	0	29
2026.05.05	17:25:00	4579.02	4586.52	4579.02	4584.09	1749	0	29
2026.05.05	17:30:00	4584.07	4585.70	4580.25	4581.88	1657	0	29
2026.05.05	17:35:00	4581.86	4582.65	4577.48	4581.23	1588	0	29
2026.05.05	17:40:00	4581.22	4585.40	4580.68	4582.97	1488	0	29
2026.05.05	17:45:00	4582.98	4583.02	4576.04	4577.66	1589	0	29
2026.05.05	17:50:00	4577.69	4579.26	4575.49	4578.44	1475	0	29
2026.05.05	17:55:00	4578.44	4582.43	4578.15	4582.31	1456	0	29
2026.05.05	18:00:00	4582.43	4583.79	4577.72	4583.60	1506	0	29
2026.05.05	18:05:00	4583.61	4583.61	4580.18	4580.19	1383	0	29
2026.05.05	18:10:00	4580.21	4581.80	4579.48	4580.79	1365	0	29
2026.05.05	18:15:00	4580.79	4581.41	4578.03	4578.40	1407	0	29
2026.05.05	18:20:00	4578.40	4579.91	4575.62	4576.53	1359	0	29
2026.05.05	18:25:00	4576.56	4579.39	4575.48	4579.16	1483	0	29
2026.05.05	18:30:00	4579.14	4580.97	4576.53	4577.58	1458	0	29
2026.05.05	18:35:00	4577.58	4579.25	4575.11	4575.77	1441	0	29
2026.05.05	18:40:00	4576.01	4576.11	4572.54	4572.91	1300	0	29
2026.05.05	18:45:00	4572.84	4575.32	4572.25	4574.16	1484	0	29
2026.05.05	18:50:00	4574.07	4575.83	4570.14	4570.88	1321	0	29
2026.05.05	18:55:00	4570.85	4571.11	4568.32	4568.49	1313	0	29
2026.05.05	19:00:00	4568.51	4568.96	4564.59	4567.02	1425	0	29
2026.05.05	19:05:00	4567.00	4567.90	4562.75	4564.32	1313	0	29
2026.05.05	19:10:00	4564.31	4566.48	4562.31	4566.26	1098	0	29
2026.05.05	19:15:00	4566.26	4566.26	4563.62	4564.54	1096	0	29
2026.05.05	19:20:00	4564.53	4565.59	4561.63	4561.67	1132	0	29
2026.05.05	19:25:00	4561.67	4561.86	4556.15	4559.67	1618	0	29
2026.05.05	19:30:00	4559.76	4560.07	4553.69	4557.88	1452	0	29
2026.05.05	19:35:00	4557.91	4559.27	4555.72	4555.92	1283	0	29
2026.05.05	19:40:00	4555.91	4558.70	4555.89	4556.60	1247	0	29
2026.05.05	19:45:00	4556.55	4558.04	4555.67	4557.30	1230	0	29
2026.05.05	19:50:00	4557.28	4560.35	4557.27	4560.10	1197	0	29
2026.05.05	19:55:00	4560.09	4562.79	4560.00	4561.17	1164	0	29
2026.05.05	20:00:00	4561.14	4562.52	4558.76	4559.31	1328	0	29
2026.05.05	20:05:00	4559.18	4559.77	4553.32	4554.68	1303	0	29
2026.05.05	20:10:00	4554.68	4556.18	4553.24	4556.12	1279	0	29
2026.05.05	20:15:00	4556.14	4560.89	4556.04	4560.85	1177	0	29
2026.05.05	20:20:00	4560.77	4561.42	4559.13	4559.25	1262	0	29
2026.05.05	20:25:00	4559.22	4560.14	4557.52	4558.58	1336	0	29
2026.05.05	20:30:00	4558.57	4561.65	4556.04	4561.31	1352	0	29
2026.05.05	20:35:00	4561.30	4562.69	4559.78	4560.75	1254	0	29
2026.05.05	20:40:00	4560.75	4562.33	4560.36	4560.39	1051	0	29
2026.05.05	20:45:00	4560.40	4562.21	4559.69	4562.09	1062	0	29
2026.05.05	20:50:00	4562.10	4562.12	4558.19	4558.70	1179	0	29
2026.05.05	20:55:00	4558.67	4560.16	4558.38	4559.74	898	0	29
2026.05.05	21:00:00	4559.77	4561.21	4558.66	4559.55	978	0	29
2026.05.05	21:05:00	4559.55	4561.94	4559.55	4560.82	897	0	29
2026.05.05	21:10:00	4560.81	4564.85	4559.88	4564.20	1090	0	29
2026.05.05	21:15:00	4564.31	4565.43	4562.50	4562.50	1025	0	29
2026.05.05	21:20:00	4562.49	4563.54	4561.18	4561.96	944	0	29
2026.05.05	21:25:00	4561.87	4563.23	4561.31	4562.11	932	0	29
2026.05.05	21:30:00	4562.12	4562.54	4558.88	4558.94	914	0	29
2026.05.05	21:35:00	4558.93	4559.93	4558.47	4559.61	945	0	29
2026.05.05	21:40:00	4559.60	4562.50	4557.61	4561.52	1055	0	29
2026.05.05	21:45:00	4561.53	4565.68	4561.48	4562.77	1238	0	29
2026.05.05	21:50:00	4562.79	4563.34	4560.57	4560.62	1153	0	29
2026.05.05	21:55:00	4560.63	4561.37	4559.60	4560.99	1020	0	29
2026.05.05	22:00:00	4560.99	4561.44	4558.34	4558.77	1054	0	29
2026.05.05	22:05:00	4558.80	4560.22	4557.60	4557.79	1024	0	29
2026.05.05	22:10:00	4557.80	4558.74	4556.85	4557.20	907	0	29
2026.05.05	22:15:00	4557.13	4558.34	4554.91	4558.16	982	0	29
2026.05.05	22:20:00	4558.15	4558.83	4556.76	4557.09	826	0	29
2026.05.05	22:25:00	4557.08	4557.24	4555.49	4556.15	891	0	29
2026.05.05	22:30:00	4556.13	4557.43	4556.07	4556.40	894	0	29
2026.05.05	22:35:00	4556.41	4558.11	4555.67	4556.86	868	0	29
2026.05.05	22:40:00	4556.90	4557.01	4555.57	4555.62	786	0	29
2026.05.05	22:45:00	4555.63	4558.84	4554.94	4558.83	843	0	29
2026.05.05	22:50:00	4558.80	4558.80	4554.27	4554.90	1141	0	29
2026.05.05	22:55:00	4555.00	4555.59	4551.53	4554.67	1459	0	29
2026.05.05	23:00:00	4555.01	4555.67	4553.95	4554.32	749	0	29
2026.05.05	23:05:00	4554.32	4556.26	4554.27	4555.75	567	0	29
2026.05.05	23:10:00	4555.75	4557.12	4555.50	4556.88	460	0	29
2026.05.05	23:15:00	4556.94	4557.76	4556.00	4556.40	781	0	29
2026.05.05	23:20:00	4556.40	4556.73	4555.41	4556.17	649	0	29
2026.05.05	23:25:00	4556.20	4559.75	4556.20	4559.15	844	0	29
2026.05.05	23:30:00	4559.13	4559.95	4557.52	4557.72	763	0	34
2026.05.05	23:35:00	4557.72	4557.72	4555.73	4555.88	540	0	34
2026.05.05	23:40:00	4555.88	4556.51	4554.83	4555.54	562	0	34
2026.05.05	23:45:00	4555.58	4556.44	4554.77	4555.98	584	0	34
2026.05.05	23:50:00	4555.98	4556.59	4554.48	4554.95	387	0	34
2026.05.05	23:55:00	4554.95	4556.88	4554.76	4556.18	443	0	34
2026.05.06	01:00:00	4558.84	4559.77	4550.31	4552.56	935	0	34
2026.05.06	01:05:00	4552.31	4552.45	4549.01	4551.37	652	0	34
2026.05.06	01:10:00	4551.39	4552.11	4549.74	4550.50	666	0	34
2026.05.06	01:15:00	4550.48	4550.85	4548.45	4548.93	701	0	34
2026.05.06	01:20:00	4548.77	4549.91	4547.56	4549.67	627	0	34
2026.05.06	01:25:00	4549.68	4549.76	4546.41	4546.60	671	0	34
2026.05.06	01:30:00	4546.69	4549.31	4546.26	4549.15	623	0	29
2026.05.06	01:35:00	4549.19	4550.78	4548.98	4549.94	562	0	29
2026.05.06	01:40:00	4549.93	4550.74	4548.69	4548.74	605	0	29
2026.05.06	01:45:00	4548.72	4548.72	4546.99	4547.62	598	0	29
2026.05.06	01:50:00	4547.62	4558.84	4547.34	4558.70	1134	0	29
2026.05.06	01:55:00	4558.73	4577.16	4558.73	4573.26	1558	0	29
2026.05.06	02:00:00	4573.33	4575.61	4569.45	4574.92	1259	0	29
2026.05.06	02:05:00	4574.94	4580.43	4572.91	4579.49	1238	0	29
2026.05.06	02:10:00	4579.48	4590.43	4577.71	4588.70	1538	0	29
2026.05.06	02:15:00	4588.70	4589.50	4583.54	4585.71	1367	0	29
2026.05.06	02:20:00	4585.77	4589.09	4583.31	4584.55	1275	0	29
2026.05.06	02:25:00	4584.56	4585.22	4582.06	4582.14	1128	0	29
2026.05.06	02:30:00	4582.15	4585.61	4579.50	4584.27	1146	0	29
2026.05.06	02:35:00	4584.27	4587.51	4583.63	4586.71	856	0	29
2026.05.06	02:40:00	4586.71	4588.43	4584.93	4585.23	914	0	29
2026.05.06	02:45:00	4585.29	4593.96	4584.62	4593.66	1048	0	29
2026.05.06	02:50:00	4593.67	4594.87	4591.97	4592.05	1058	0	29
2026.05.06	02:55:00	4592.05	4595.66	4591.15	4593.96	936	0	29
2026.05.06	03:00:00	4593.98	4598.00	4591.75	4595.57	1543	0	29
2026.05.06	03:05:00	4595.52	4596.15	4591.18	4592.49	1430	0	29
2026.05.06	03:10:00	4592.50	4593.01	4589.28	4591.68	1336	0	29
2026.05.06	03:15:00	4591.65	4597.38	4588.21	4596.25	1463	0	29
2026.05.06	03:20:00	4596.26	4602.82	4596.14	4602.37	1504	0	29
2026.05.06	03:25:00	4602.36	4604.16	4600.00	4602.24	1292	0	29
2026.05.06	03:30:00	4602.23	4608.96	4602.03	4608.81	1302	0	29
2026.05.06	03:35:00	4608.81	4610.29	4607.81	4608.31	1241	0	29
2026.05.06	03:40:00	4608.26	4610.84	4607.68	4610.19	1185	0	29
2026.05.06	03:45:00	4610.15	4610.90	4609.50	4609.87	1218	0	29
2026.05.06	03:50:00	4609.88	4611.20	4609.88	4610.86	1034	0	29
2026.05.06	03:55:00	4610.87	4619.74	4610.81	4618.70	1488	0	29
2026.05.06	04:00:00	4618.68	4622.54	4613.01	4615.46	1866	0	29
2026.05.06	04:05:00	4615.45	4615.63	4610.95	4612.50	1520	0	29
2026.05.06	04:10:00	4612.49	4612.84	4609.50	4611.48	1363	0	29
2026.05.06	04:15:00	4611.49	4618.59	4609.75	4617.66	1461	0	29
2026.05.06	04:20:00	4617.66	4623.86	4616.24	4623.53	1432	0	29
2026.05.06	04:25:00	4623.53	4625.54	4621.37	4624.91	1442	0	29
2026.05.06	04:30:00	4624.93	4626.06	4620.61	4622.59	1588	0	29
2026.05.06	04:35:00	4622.60	4624.57	4620.35	4623.92	1448	0	29
2026.05.06	04:40:00	4623.93	4624.90	4621.78	4623.84	1421	0	29
2026.05.06	04:45:00	4623.82	4628.56	4623.45	4628.36	1484	0	29
2026.05.06	04:50:00	4628.38	4628.53	4623.83	4624.74	1241	0	29
2026.05.06	04:55:00	4624.80	4626.71	4623.78	4626.03	1278	0	29
2026.05.06	05:00:00	4625.76	4628.78	4625.30	4627.89	1285	0	29
2026.05.06	05:05:00	4627.89	4633.53	4627.38	4632.95	1323	0	29
2026.05.06	05:10:00	4632.95	4634.28	4630.13	4633.35	1242	0	29
2026.05.06	05:15:00	4633.32	4636.30	4632.39	4634.17	1172	0	29
2026.05.06	05:20:00	4634.17	4635.73	4631.88	4633.56	1053	0	29
2026.05.06	05:25:00	4633.50	4634.39	4629.70	4629.97	991	0	29
2026.05.06	05:30:00	4629.96	4632.09	4626.77	4631.26	1361	0	29
2026.05.06	05:35:00	4631.49	4634.20	4630.46	4630.79	1146	0	29
2026.05.06	05:40:00	4630.80	4634.94	4630.11	4634.56	1140	0	29
2026.05.06	05:45:00	4634.53	4638.44	4633.92	4635.63	1290	0	29
2026.05.06	05:50:00	4635.64	4638.73	4634.53	4638.62	1097	0	29
2026.05.06	05:55:00	4638.62	4641.81	4638.45	4640.72	1161	0	29
2026.05.06	06:00:00	4640.70	4642.51	4638.53	4641.07	1349	0	29
2026.05.06	06:05:00	4641.07	4645.50	4640.41	4644.66	1229	0	29
2026.05.06	06:10:00	4644.66	4650.24	4643.08	4647.73	1221	0	29
2026.05.06	06:15:00	4647.76	4650.25	4646.28	4649.48	1259	0	29
2026.05.06	06:20:00	4649.43	4651.11	4644.82	4645.76	1148	0	29
2026.05.06	06:25:00	4645.76	4646.80	4644.47	4645.66	1029	0	29
2026.05.06	06:30:00	4645.69	4645.69	4642.59	4643.89	959	0	29
2026.05.06	06:35:00	4643.88	4651.91	4643.63	4651.33	1098	0	29
2026.05.06	06:40:00	4651.34	4651.35	4645.23	4647.77	1069	0	29
2026.05.06	06:45:00	4647.74	4648.34	4644.23	4644.44	919	0	29
2026.05.06	06:50:00	4644.44	4646.59	4643.84	4644.06	806	0	29
2026.05.06	06:55:00	4644.09	4645.00	4642.94	4643.69	781	0	29
2026.05.06	07:00:00	4643.67	4645.78	4643.42	4644.63	780	0	29
2026.05.06	07:05:00	4644.63	4647.77	4643.40	4645.97	860	0	29
2026.05.06	07:10:00	4645.96	4647.66	4645.49	4647.62	753	0	29
2026.05.06	07:15:00	4647.68	4648.91	4645.72	4645.89	793	0	29
2026.05.06	07:20:00	4645.92	4646.52	4645.65	4646.46	635	0	29
2026.05.06	07:25:00	4646.53	4653.60	4645.65	4652.63	1267	0	29
2026.05.06	07:30:00	4652.71	4652.71	4649.30	4649.74	1309	0	29
2026.05.06	07:35:00	4649.73	4651.47	4648.28	4649.21	1336	0	29
2026.05.06	07:40:00	4649.21	4650.35	4645.98	4647.75	1330	0	29
2026.05.06	07:45:00	4647.74	4652.62	4647.15	4650.40	1215	0	29
2026.05.06	07:50:00	4650.40	4651.96	4648.47	4649.09	1138	0	29
2026.05.06	07:55:00	4649.13	4651.15	4648.79	4648.99	1025	0	29
2026.05.06	08:00:00	4648.98	4653.45	4648.84	4651.98	948	0	29
2026.05.06	08:05:00	4652.00	4656.37	4650.42	4655.51	1049	0	29
2026.05.06	08:10:00	4655.51	4656.23	4653.22	4654.88	962	0	29
2026.05.06	08:15:00	4654.85	4654.85	4649.58	4651.92	1054	0	29
2026.05.06	08:20:00	4651.93	4653.92	4650.17	4653.88	870	0	29
2026.05.06	08:25:00	4653.88	4655.30	4650.35	4650.36	804	0	29
2026.05.06	08:30:00	4650.31	4651.91	4644.86	4646.73	1416	0	29
2026.05.06	08:35:00	4646.69	4647.47	4644.59	4647.03	1188	0	29
2026.05.06	08:40:00	4647.03	4651.12	4645.17	4650.03	1044	0	29
2026.05.06	08:45:00	4650.03	4651.57	4649.29	4649.50	1117	0	29
2026.05.06	08:50:00	4649.51	4653.27	4649.48	4652.96	1129	0	29
2026.05.06	08:55:00	4652.88	4663.76	4651.97	4662.93	1536	0	29
2026.05.06	09:00:00	4662.93	4665.50	4658.35	4658.44	1587	0	29
2026.05.06	09:05:00	4658.49	4665.86	4657.06	4663.45	1361	0	29
2026.05.06	09:10:00	4663.45	4664.31	4660.39	4660.43	1298	0	29
2026.05.06	09:15:00	4660.38	4661.40	4658.24	4658.29	1184	0	29
2026.05.06	09:20:00	4658.27	4664.70	4657.92	4662.85	1328	0	29
2026.05.06	09:25:00	4662.82	4666.59	4661.92	4666.08	1191	0	29
2026.05.06	09:30:00	4666.09	4668.22	4663.42	4664.04	1256	0	29
2026.05.06	09:35:00	4664.03	4668.54	4662.26	4666.10	1145	0	29
2026.05.06	09:40:00	4666.09	4667.78	4660.08	4664.12	1387	0	29
2026.05.06	09:45:00	4664.13	4666.63	4663.57	4664.89	1221	0	29
2026.05.06	09:50:00	4664.89	4665.38	4662.84	4664.71	1186	0	29
2026.05.06	09:55:00	4664.70	4669.38	4664.40	4669.19	1154	0	29
2026.05.06	10:00:00	4669.36	4670.16	4665.43	4667.69	1212	0	29
2026.05.06	10:05:00	4667.69	4668.07	4665.98	4666.87	1154	0	29
2026.05.06	10:10:00	4666.92	4667.91	4658.44	4658.53	1290	0	29
2026.05.06	10:15:00	4658.50	4660.79	4657.40	4660.66	1258	0	29
2026.05.06	10:20:00	4660.59	4665.46	4659.58	4664.69	1138	0	29
2026.05.06	10:25:00	4664.76	4669.96	4663.25	4667.51	1352	0	29
2026.05.06	10:30:00	4667.49	4668.21	4663.31	4665.87	1282	0	29
2026.05.06	10:35:00	4665.87	4666.82	4663.07	4664.86	1046	0	29
2026.05.06	10:40:00	4664.86	4670.53	4664.53	4670.53	956	0	29
2026.05.06	10:45:00	4670.45	4677.31	4670.23	4675.26	1617	0	29
2026.05.06	10:50:00	4675.27	4678.26	4673.76	4674.32	1265	0	29
2026.05.06	10:55:00	4674.33	4681.78	4674.17	4681.49	1286	0	29
2026.05.06	11:00:00	4681.32	4682.33	4675.80	4677.78	1471	0	29
2026.05.06	11:05:00	4677.77	4680.18	4675.22	4677.45	1273	0	29
2026.05.06	11:10:00	4677.49	4682.14	4676.75	4679.55	1318	0	29
2026.05.06	11:15:00	4679.58	4680.74	4677.52	4678.59	1246	0	29
2026.05.06	11:20:00	4678.55	4679.56	4676.80	4678.39	1111	0	29
2026.05.06	11:25:00	4678.35	4679.97	4676.79	4676.90	1000	0	29
2026.05.06	11:30:00	4676.91	4678.02	4675.32	4675.87	1134	0	29
2026.05.06	11:35:00	4675.87	4675.92	4671.59	4675.74	1275	0	29
2026.05.06	11:40:00	4675.74	4678.75	4673.37	4677.41	1023	0	29
2026.05.06	11:45:00	4677.43	4682.01	4677.38	4679.79	978	0	29
2026.05.06	11:50:00	4679.77	4702.48	4679.58	4697.32	2109	0	29
2026.05.06	11:55:00	4697.86	4701.01	4692.88	4700.04	1946	0	29
2026.05.06	12:00:00	4700.43	4708.46	4692.22	4692.27	1862	0	29
2026.05.06	12:05:00	4692.10	4696.47	4689.08	4695.03	1759	0	29
2026.05.06	12:10:00	4694.98	4698.81	4693.69	4695.68	1508	0	29
2026.05.06	12:15:00	4695.63	4702.83	4694.69	4699.85	1658	0	29
2026.05.06	12:20:00	4699.80	4700.03	4691.37	4695.68	1641	0	29
2026.05.06	12:25:00	4695.71	4705.01	4694.37	4700.08	1575	0	29
2026.05.06	12:30:00	4700.07	4704.27	4696.37	4703.51	1627	0	29
2026.05.06	12:35:00	4703.60	4706.00	4701.66	4703.27	1585	0	29
2026.05.06	12:40:00	4703.27	4704.83	4695.85	4695.97	1362	0	29
2026.05.06	12:45:00	4695.98	4702.20	4694.33	4701.33	1472	0	29
2026.05.06	12:50:00	4701.31	4701.31	4697.29	4700.27	1357	0	29
2026.05.06	12:55:00	4700.28	4702.81	4700.28	4701.76	1368	0	29
2026.05.06	13:00:00	4701.83	4705.69	4698.86	4700.67	1656	0	29
2026.05.06	13:05:00	4700.68	4701.76	4695.94	4696.45	1392	0	29
2026.05.06	13:10:00	4696.58	4700.26	4695.94	4698.15	1386	0	29
2026.05.06	13:15:00	4698.10	4700.95	4695.55	4698.61	1332	0	29
2026.05.06	13:20:00	4698.60	4701.96	4697.48	4701.26	1379	0	29
2026.05.06	13:25:00	4701.27	4704.60	4701.13	4704.38	1317	0	29
2026.05.06	13:30:00	4704.38	4711.88	4704.38	4709.34	1612	0	29
2026.05.06	13:35:00	4709.68	4710.96	4708.01	4710.10	1385	0	29
2026.05.06	13:40:00	4710.19	4716.04	4709.81	4714.08	1669	0	29
2026.05.06	13:45:00	4714.15	4715.42	4707.60	4710.66	1758	0	29
2026.05.06	13:50:00	4710.88	4722.87	4710.15	4721.63	1819	0	29
2026.05.06	13:55:00	4721.67	4721.72	4716.04	4717.87	1764	0	29
2026.05.06	14:00:00	4717.89	4720.51	4711.48	4713.48	1836	0	29
2026.05.06	14:05:00	4713.53	4721.26	4713.19	4720.14	1600	0	29
2026.05.06	14:10:00	4720.12	4720.61	4709.22	4711.95	1641	0	29
2026.05.06	14:15:00	4711.99	4713.53	4709.33	4712.04	1610	0	29
2026.05.06	14:20:00	4712.05	4712.66	4708.99	4710.00	1426	0	29
2026.05.06	14:25:00	4710.00	4712.59	4705.61	4705.64	1467	0	29
2026.05.06	14:30:00	4705.57	4715.35	4704.29	4713.52	1499	0	29
2026.05.06	14:35:00	4713.47	4714.91	4709.56	4710.19	1452	0	29
2026.05.06	14:40:00	4710.16	4711.44	4698.77	4699.63	1774	0	29
2026.05.06	14:45:00	4699.87	4702.59	4696.98	4697.63	1739	0	29
2026.05.06	14:50:00	4697.69	4700.28	4696.09	4697.99	1594	0	29
2026.05.06	14:55:00	4698.04	4698.10	4690.80	4692.09	1640	0	29
2026.05.06	15:00:00	4692.02	4693.07	4681.16	4685.43	1816	0	29
2026.05.06	15:05:00	4685.48	4687.42	4680.08	4682.52	1707	0	29
2026.05.06	15:10:00	4682.33	4682.37	4671.15	4673.00	1704	0	29
2026.05.06	15:15:00	4673.00	4676.80	4660.33	4670.53	1997	0	29
2026.05.06	15:20:00	4670.56	4683.73	4669.39	4682.74	1881	0	29
2026.05.06	15:25:00	4682.74	4688.56	4682.34	4683.33	1643	0	29
2026.05.06	15:30:00	4683.29	4685.34	4678.05	4683.56	1721	0	29
2026.05.06	15:35:00	4683.55	4684.09	4679.05	4680.31	1606	0	29
2026.05.06	15:40:00	4680.24	4683.58	4679.37	4682.68	1566	0	29
2026.05.06	15:45:00	4682.69	4684.52	4678.96	4681.09	1432	0	29
2026.05.06	15:50:00	4681.08	4681.41	4676.91	4677.38	1510	0	29
2026.05.06	15:55:00	4677.45	4683.53	4676.81	4683.24	1566	0	29
2026.05.06	16:00:00	4682.72	4692.31	4677.32	4683.18	1886	0	29
2026.05.06	16:05:00	4683.21	4685.38	4668.74	4673.17	2052	0	29
2026.05.06	16:10:00	4673.76	4683.55	4672.20	4683.55	1668	0	29
2026.05.06	16:15:00	4683.53	4691.13	4682.86	4682.89	1645	0	29
2026.05.06	16:20:00	4682.90	4685.74	4679.48	4685.42	1649	0	29
2026.05.06	16:25:00	4685.86	4686.53	4682.51	4685.10	1582	0	29
2026.05.06	16:30:00	4685.04	4698.62	4680.25	4697.83	2026	0	29
2026.05.06	16:35:00	4697.63	4699.17	4693.24	4694.27	2026	0	29
2026.05.06	16:40:00	4694.43	4698.50	4693.30	4695.26	1969	0	29
2026.05.06	16:45:00	4695.27	4701.33	4692.50	4700.87	1899	0	29
2026.05.06	16:50:00	4700.89	4707.73	4693.79	4703.83	1897	0	29
2026.05.06	16:55:00	4703.87	4706.07	4701.64	4702.09	1875	0	29
2026.05.06	17:00:00	4702.05	4710.01	4700.85	4705.51	1927	0	29
2026.05.06	17:05:00	4705.77	4709.19	4697.79	4707.98	1990	0	29
2026.05.06	17:10:00	4708.02	4712.34	4706.20	4710.98	1843	0	29
2026.05.06	17:15:00	4710.99	4717.41	4710.99	4712.99	1910	0	29
2026.05.06	17:20:00	4713.20	4715.28	4708.57	4709.09	1750	0	29
2026.05.06	17:25:00	4709.18	4713.05	4704.74	4705.66	1783	0	29
2026.05.06	17:30:00	4705.71	4709.80	4704.69	4706.71	1789	0	29
2026.05.06	17:35:00	4706.72	4709.77	4705.06	4708.16	1705	0	29
2026.05.06	17:40:00	4708.20	4714.57	4706.14	4713.26	1884	0	29
2026.05.06	17:45:00	4713.30	4713.89	4704.86	4705.71	1850	0	29
2026.05.06	17:50:00	4705.88	4706.85	4700.77	4701.28	1797	0	29
2026.05.06	17:55:00	4701.29	4706.87	4701.29	4702.99	1705	0	29
2026.05.06	18:00:00	4702.95	4705.69	4700.37	4705.69	1695	0	29
2026.05.06	18:05:00	4705.67	4705.73	4697.44	4698.69	1658	0	29
2026.05.06	18:10:00	4698.29	4700.53	4693.40	4696.68	1662	0	29
2026.05.06	18:15:00	4696.69	4701.31	4694.28	4701.31	1603	0	29
2026.05.06	18:20:00	4701.44	4703.20	4698.45	4698.87	1452	0	29
2026.05.06	18:25:00	4698.89	4698.90	4695.13	4695.36	1463	0	29
2026.05.06	18:30:00	4695.37	4697.84	4693.26	4694.36	1535	0	29
2026.05.06	18:35:00	4694.37	4695.61	4691.55	4692.00	1605	0	29
2026.05.06	18:40:00	4691.99	4694.25	4689.32	4692.91	1614	0	29
2026.05.06	18:45:00	4692.85	4694.81	4690.86	4692.98	1602	0	29
2026.05.06	18:50:00	4692.96	4693.91	4690.86	4692.62	1565	0	29
2026.05.06	18:55:00	4692.29	4693.64	4687.80	4687.80	1495	0	29
2026.05.06	19:00:00	4687.79	4687.86	4683.84	4685.99	1658	0	29
2026.05.06	19:05:00	4685.99	4688.46	4681.26	4683.28	1560	0	29
2026.05.06	19:10:00	4683.29	4685.44	4682.13	4683.70	1435	0	29
2026.05.06	19:15:00	4683.67	4685.79	4682.63	4684.41	1475	0	29
2026.05.06	19:20:00	4684.40	4685.16	4682.88	4683.26	1295	0	29
2026.05.06	19:25:00	4683.26	4688.51	4683.17	4688.10	1351	0	29
2026.05.06	19:30:00	4688.18	4690.19	4685.40	4687.36	1440	0	29
2026.05.06	19:35:00	4687.34	4689.92	4686.16	4689.45	1380	0	29
2026.05.06	19:40:00	4689.44	4691.96	4688.62	4688.65	1428	0	29
2026.05.06	19:45:00	4688.61	4689.91	4686.21	4688.03	1517	0	29
2026.05.06	19:50:00	4688.02	4688.74	4683.35	4684.39	1444	0	29
2026.05.06	19:55:00	4684.39	4685.79	4679.53	4683.08	1592	0	29
2026.05.06	20:00:00	4683.09	4685.99	4679.63	4685.83	1693	0	29
2026.05.06	20:05:00	4685.83	4688.00	4684.61	4686.12	1366	0	29
2026.05.06	20:10:00	4686.09	4687.02	4684.47	4685.49	1340	0	29
2026.05.06	20:15:00	4685.50	4686.10	4681.31	4681.42	1284	0	29
2026.05.06	20:20:00	4681.40	4683.36	4680.49	4681.33	1550	0	29
2026.05.06	20:25:00	4681.29	4684.53	4680.04	4682.97	1479	0	29
2026.05.06	20:30:00	4682.99	4683.42	4680.49	4682.68	1308	0	29
2026.05.06	20:35:00	4682.64	4682.64	4679.34	4679.48	1341	0	29
2026.05.06	20:40:00	4679.42	4681.07	4678.88	4680.62	1248	0	29
2026.05.06	20:45:00	4680.58	4682.19	4680.42	4680.85	1259	0	29
2026.05.06	20:50:00	4680.71	4681.98	4680.36	4681.56	1139	0	29
2026.05.06	20:55:00	4681.56	4684.50	4681.52	4683.99	1074	0	29
2026.05.06	21:00:00	4683.99	4685.46	4681.84	4682.70	1099	0	29
2026.05.06	21:05:00	4682.67	4685.48	4682.63	4685.33	1073	0	29
2026.05.06	21:10:00	4685.35	4687.48	4684.73	4686.75	1029	0	29
2026.05.06	21:15:00	4686.75	4689.19	4686.43	4688.41	928	0	29
2026.05.06	21:20:00	4688.43	4690.43	4687.26	4687.75	1030	0	29
2026.05.06	21:25:00	4687.75	4688.86	4687.34	4687.73	1044	0	29
2026.05.06	21:30:00	4687.72	4689.50	4686.77	4689.03	1149	0	29
2026.05.06	21:35:00	4689.00	4690.23	4687.94	4688.20	1094	0	29
2026.05.06	21:40:00	4688.23	4688.23	4685.14	4686.19	924	0	29
2026.05.06	21:45:00	4686.19	4688.07	4685.60	4686.98	1064	0	29
2026.05.06	21:50:00	4686.98	4687.61	4684.82	4686.42	1110	0	29
2026.05.06	21:55:00	4686.41	4687.40	4685.38	4686.01	900	0	29
2026.05.06	22:00:00	4686.03	4692.72	4686.02	4691.23	1149	0	29
2026.05.06	22:05:00	4691.21	4694.70	4690.71	4694.31	1116	0	29
2026.05.06	22:10:00	4694.28	4695.71	4693.69	4695.15	1107	0	29
2026.05.06	22:15:00	4695.15	4698.13	4694.93	4696.56	1148	0	29
2026.05.06	22:20:00	4696.61	4700.11	4696.55	4699.75	1084	0	29
2026.05.06	22:25:00	4699.75	4699.75	4697.78	4698.37	1098	0	29
2026.05.06	22:30:00	4698.32	4698.92	4695.71	4697.23	1169	0	29
2026.05.06	22:35:00	4697.23	4698.77	4696.14	4697.40	1107	0	29
2026.05.06	22:40:00	4697.40	4697.48	4693.86	4695.35	1081	0	29
2026.05.06	22:45:00	4695.37	4696.69	4694.57	4694.81	1067	0	29
2026.05.06	22:50:00	4694.78	4698.28	4694.78	4697.32	1379	0	29
2026.05.06	22:55:00	4697.33	4697.66	4692.36	4692.36	1358	0	29
2026.05.06	23:00:00	4692.43	4695.20	4692.43	4695.15	1162	0	29
2026.05.06	23:05:00	4695.15	4697.17	4694.61	4696.54	789	0	29
2026.05.06	23:10:00	4696.53	4699.59	4696.12	4698.99	868	0	29
2026.05.06	23:15:00	4699.00	4699.39	4697.12	4698.00	778	0	29
2026.05.06	23:20:00	4698.00	4698.38	4693.98	4694.50	910	0	29
2026.05.06	23:25:00	4694.50	4694.64	4691.91	4692.62	812	0	29
2026.05.06	23:30:00	4692.58	4693.02	4690.07	4690.11	676	0	34
2026.05.06	23:35:00	4690.11	4692.07	4689.74	4690.67	700	0	34
2026.05.06	23:40:00	4690.67	4690.67	4688.64	4688.64	697	0	34
2026.05.06	23:45:00	4688.63	4689.62	4685.14	4689.38	852	0	34
2026.05.06	23:50:00	4689.39	4691.15	4687.81	4690.98	809	0	34
2026.05.06	23:55:00	4690.99	4691.76	4689.87	4690.58	371	0	34
2026.05.07	01:00:00	4693.54	4696.65	4689.39	4690.53	884	0	34
2026.05.07	01:05:00	4690.52	4694.76	4690.52	4694.35	549	0	34
2026.05.07	01:10:00	4694.35	4698.21	4693.24	4697.20	833	0	34
2026.05.07	01:15:00	4697.17	4699.59	4696.36	4699.48	689	0	34
2026.05.07	01:20:00	4699.35	4699.81	4697.21	4697.83	703	0	34
2026.05.07	01:25:00	4697.83	4698.54	4693.37	4695.46	694	0	34
2026.05.07	01:30:00	4695.47	4698.24	4694.38	4698.22	581	0	29
2026.05.07	01:35:00	4698.22	4699.49	4696.48	4697.12	636	0	29
2026.05.07	01:40:00	4697.12	4699.62	4696.49	4698.76	582	0	29
2026.05.07	01:45:00	4698.74	4698.77	4695.84	4697.57	547	0	29
2026.05.07	01:50:00	4697.57	4698.44	4695.78	4696.05	618	0	29
2026.05.07	01:55:00	4696.05	4697.01	4694.37	4694.86	679	0	29
2026.05.07	02:00:00	4694.83	4696.93	4694.08	4696.63	659	0	29
2026.05.07	02:05:00	4696.64	4698.50	4695.78	4697.44	641	0	29
2026.05.07	02:10:00	4697.44	4697.44	4693.96	4694.37	531	0	29
2026.05.07	02:15:00	4694.37	4697.75	4693.88	4696.86	678	0	29
2026.05.07	02:20:00	4696.87	4697.27	4692.74	4693.63	677	0	29
2026.05.07	02:25:00	4693.61	4693.93	4690.21	4693.29	769	0	29
2026.05.07	02:30:00	4693.29	4693.70	4691.67	4693.03	681	0	29
2026.05.07	02:35:00	4693.03	4694.26	4692.73	4693.04	441	0	29
2026.05.07	02:40:00	4693.20	4693.67	4692.73	4693.54	345	0	29
2026.05.07	02:45:00	4693.52	4699.48	4693.52	4697.03	935	0	29
2026.05.07	02:50:00	4697.04	4697.78	4695.73	4696.70	697	0	29
2026.05.07	02:55:00	4696.66	4698.93	4696.56	4698.91	864	0	29
2026.05.07	03:00:00	4698.91	4700.60	4692.89	4693.49	1380	0	29
2026.05.07	03:05:00	4693.59	4695.88	4689.95	4694.92	1528	0	29
2026.05.07	03:10:00	4694.92	4700.83	4694.57	4699.89	1490	0	29
2026.05.07	03:15:00	4699.88	4700.57	4695.17	4698.08	1389	0	29
2026.05.07	03:20:00	4698.08	4701.15	4696.95	4698.73	1276	0	29
2026.05.07	03:25:00	4698.44	4698.61	4692.17	4692.43	1284	0	29
2026.05.07	03:30:00	4692.44	4693.04	4688.86	4691.96	1407	0	29
2026.05.07	03:35:00	4691.96	4693.24	4690.49	4692.27	1047	0	29
2026.05.07	03:40:00	4692.28	4692.71	4685.90	4688.24	1252	0	29
2026.05.07	03:45:00	4688.24	4691.20	4686.46	4689.75	1165	0	29
2026.05.07	03:50:00	4689.76	4691.53	4685.92	4685.97	1105	0	29
2026.05.07	03:55:00	4685.98	4688.94	4685.52	4688.55	1186	0	29
2026.05.07	04:00:00	4688.57	4693.84	4685.20	4692.54	1656	0	29
2026.05.07	04:05:00	4692.55	4698.74	4691.94	4697.53	1541	0	29
2026.05.07	04:10:00	4697.57	4711.09	4697.57	4709.69	1748	0	29
2026.05.07	04:15:00	4709.72	4716.40	4707.82	4712.73	1710	0	29
2026.05.07	04:20:00	4712.68	4713.07	4708.79	4710.04	1559	0	29
2026.05.07	04:25:00	4710.04	4710.83	4703.62	4704.14	1455	0	29
2026.05.07	04:30:00	4704.06	4707.47	4702.27	4705.20	1625	0	29
2026.05.07	04:35:00	4705.17	4713.17	4704.96	4713.10	1474	0	29
2026.05.07	04:40:00	4713.11	4717.92	4711.26	4712.73	1470	0	29
2026.05.07	04:45:00	4712.74	4719.87	4712.55	4718.86	1362	0	29
2026.05.07	04:50:00	4718.84	4721.20	4716.97	4717.04	1365	0	29
2026.05.07	04:55:00	4716.95	4717.59	4713.46	4714.71	1407	0	29
2026.05.07	05:00:00	4714.72	4718.47	4714.31	4714.82	1460	0	29
2026.05.07	05:05:00	4714.90	4716.86	4712.98	4713.06	1314	0	29
2026.05.07	05:10:00	4713.08	4713.61	4703.52	4704.11	1647	0	29
2026.05.07	05:15:00	4704.12	4707.72	4702.83	4706.13	1286	0	29
2026.05.07	05:20:00	4706.11	4707.52	4701.75	4703.47	1215	0	29
2026.05.07	05:25:00	4703.47	4705.57	4701.69	4702.74	1186	0	29
2026.05.07	05:30:00	4702.71	4703.32	4699.86	4701.04	1548	0	29
2026.05.07	05:35:00	4701.14	4703.75	4700.88	4702.04	1285	0	29
2026.05.07	05:40:00	4702.04	4705.32	4701.10	4704.09	1160	0	29
2026.05.07	05:45:00	4704.15	4707.69	4704.15	4706.59	1031	0	29
2026.05.07	05:50:00	4706.58	4707.24	4704.69	4706.58	1097	0	29
2026.05.07	05:55:00	4706.59	4709.90	4705.77	4707.20	1068	0	29
2026.05.07	06:00:00	4707.20	4709.54	4704.81	4709.36	1105	0	29
2026.05.07	06:05:00	4709.41	4709.81	4707.35	4708.66	1073	0	29
2026.05.07	06:10:00	4708.67	4709.18	4704.22	4705.81	1074	0	29
2026.05.07	06:15:00	4705.82	4708.43	4704.95	4708.29	921	0	29
2026.05.07	06:20:00	4708.29	4708.69	4705.15	4705.89	1093	0	29
2026.05.07	06:25:00	4705.93	4706.93	4704.29	4704.40	997	0	29
2026.05.07	06:30:00	4704.52	4704.87	4702.23	4704.16	990	0	29
2026.05.07	06:35:00	4704.15	4704.88	4702.52	4704.75	779	0	29
2026.05.07	06:40:00	4704.76	4704.81	4702.50	4703.85	670	0	29
2026.05.07	06:45:00	4703.86	4704.17	4701.62	4704.16	719	0	29
2026.05.07	06:50:00	4704.16	4704.75	4702.28	4704.17	721	0	29
2026.05.07	06:55:00	4704.18	4704.18	4698.98	4699.12	831	0	29
2026.05.07	07:00:00	4699.09	4700.76	4697.10	4698.42	1084	0	29
2026.05.07	07:05:00	4698.50	4700.65	4698.21	4699.87	1007	0	29
2026.05.07	07:10:00	4699.86	4700.45	4696.62	4696.69	928	0	29
2026.05.07	07:15:00	4696.68	4697.14	4695.05	4695.68	1012	0	29
2026.05.07	07:20:00	4695.67	4698.46	4695.46	4697.86	964	0	29
2026.05.07	07:25:00	4697.84	4698.19	4695.62	4696.82	896	0	29
2026.05.07	07:30:00	4696.83	4697.32	4693.39	4693.71	793	0	29
2026.05.07	07:35:00	4693.71	4696.11	4692.44	4695.81	845	0	29
2026.05.07	07:40:00	4695.81	4699.17	4695.81	4697.92	787	0	29
2026.05.07	07:45:00	4697.92	4698.85	4694.49	4695.38	820	0	29
2026.05.07	07:50:00	4695.36	4696.46	4693.99	4695.59	738	0	29
2026.05.07	07:55:00	4695.59	4697.49	4694.28	4696.33	816	0	29
2026.05.07	08:00:00	4696.35	4701.05	4696.23	4699.95	990	0	29
2026.05.07	08:05:00	4699.96	4699.96	4698.21	4699.21	984	0	29
2026.05.07	08:10:00	4699.18	4700.75	4698.92	4700.37	820	0	29
2026.05.07	08:15:00	4700.37	4700.62	4695.85	4696.00	797	0	29
2026.05.07	08:20:00	4696.00	4697.62	4694.69	4695.30	975	0	29
2026.05.07	08:25:00	4695.31	4696.56	4694.77	4695.88	832	0	29
2026.05.07	08:30:00	4695.88	4705.70	4694.86	4703.22	1440	0	29
2026.05.07	08:35:00	4703.20	4705.92	4702.50	4705.15	1110	0	29
2026.05.07	08:40:00	4705.12	4705.69	4703.13	4703.49	1079	0	29
2026.05.07	08:45:00	4703.44	4705.01	4702.30	4704.91	1050	0	29
2026.05.07	08:50:00	4704.90	4706.47	4702.81	4704.63	1178	0	29
2026.05.07	08:55:00	4704.61	4704.89	4700.71	4700.98	1215	0	29
2026.05.07	09:00:00	4700.99	4707.50	4700.98	4705.89	1248	0	29
2026.05.07	09:05:00	4705.88	4708.01	4704.80	4707.75	1207	0	29
2026.05.07	09:10:00	4707.70	4710.29	4707.27	4708.01	1306	0	29
2026.05.07	09:15:00	4708.06	4710.86	4707.18	4709.75	1372	0	29
2026.05.07	09:20:00	4709.77	4713.95	4709.28	4713.47	1454	0	29
2026.05.07	09:25:00	4713.47	4717.81	4711.56	4717.35	1342	0	29
2026.05.07	09:30:00	4717.34	4733.64	4716.04	4733.02	1756	0	29
2026.05.07	09:35:00	4733.00	4744.06	4732.95	4742.50	1711	0	29
2026.05.07	09:40:00	4742.78	4750.06	4740.03	4745.96	1759	0	29
2026.05.07	09:45:00	4745.58	4747.06	4737.94	4738.03	1576	0	29
2026.05.07	09:50:00	4737.98	4740.21	4735.94	4736.53	1356	0	29
2026.05.07	09:55:00	4736.53	4739.66	4735.84	4739.12	1225	0	29
2026.05.07	10:00:00	4738.36	4741.22	4731.60	4734.33	1624	0	29
2026.05.07	10:05:00	4734.63	4745.83	4733.06	4744.46	1771	0	29
2026.05.07	10:10:00	4744.39	4750.25	4743.42	4749.17	1894	0	29
2026.05.07	10:15:00	4749.21	4750.60	4741.97	4743.45	1830	0	29
2026.05.07	10:20:00	4743.41	4744.84	4739.37	4739.64	1624	0	29
2026.05.07	10:25:00	4739.65	4742.19	4737.80	4739.43	1546	0	29
2026.05.07	10:30:00	4739.42	4742.92	4738.23	4741.72	1542	0	29
2026.05.07	10:35:00	4741.75	4742.89	4739.21	4739.96	1409	0	29
2026.05.07	10:40:00	4740.00	4744.07	4739.59	4742.94	1239	0	29
2026.05.07	10:45:00	4742.91	4743.54	4737.09	4739.05	1392	0	29
2026.05.07	10:50:00	4739.06	4743.77	4738.84	4740.79	1425	0	29
2026.05.07	10:55:00	4740.82	4744.44	4739.02	4743.13	1300	0	29
2026.05.07	11:00:00	4743.17	4751.42	4742.63	4749.77	1806	0	29
2026.05.07	11:05:00	4749.60	4753.45	4746.08	4748.12	1568	0	29
2026.05.07	11:10:00	4748.11	4748.50	4742.46	4742.59	1502	0	29
2026.05.07	11:15:00	4742.60	4742.95	4735.61	4736.55	1492	0	29
2026.05.07	11:20:00	4736.59	4739.84	4735.43	4739.73	1475	0	29
2026.05.07	11:25:00	4739.74	4742.15	4733.79	4740.11	1428	0	29
2026.05.07	11:30:00	4740.09	4741.80	4736.72	4737.26	1389	0	29
2026.05.07	11:35:00	4737.29	4738.60	4733.96	4736.48	1252	0	29
2026.05.07	11:40:00	4736.47	4738.52	4734.98	4735.24	1199	0	29
2026.05.07	11:45:00	4735.17	4736.05	4733.22	4735.73	1327	0	29
2026.05.07	11:50:00	4735.81	4737.11	4732.38	4734.13	1388	0	29
2026.05.07	11:55:00	4734.14	4734.61	4730.89	4730.97	1305	0	29
2026.05.07	12:00:00	4731.09	4731.09	4721.82	4726.34	1590	0	29
2026.05.07	12:05:00	4726.36	4732.83	4726.15	4732.82	1389	0	29
2026.05.07	12:10:00	4732.83	4736.21	4732.36	4734.04	1350	0	29
2026.05.07	12:15:00	4734.03	4737.32	4731.53	4735.52	1261	0	29
2026.05.07	12:20:00	4735.52	4737.45	4733.80	4736.81	1232	0	29
2026.05.07	12:25:00	4736.75	4738.64	4734.02	4735.66	1150	0	29
2026.05.07	12:30:00	4735.54	4736.52	4733.10	4735.98	1364	0	29
2026.05.07	12:35:00	4736.02	4737.07	4733.66	4735.67	1275	0	29
2026.05.07	12:40:00	4735.67	4739.39	4735.50	4737.79	1092	0	29
2026.05.07	12:45:00	4737.98	4739.02	4735.23	4735.67	1141	0	29
2026.05.07	12:50:00	4735.83	4736.49	4732.96	4733.68	1395	0	29
2026.05.07	12:55:00	4733.83	4734.19	4725.79	4729.04	1484	0	29
2026.05.07	13:00:00	4729.01	4731.75	4726.62	4729.55	1388	0	29
2026.05.07	13:05:00	4729.54	4733.57	4728.36	4733.25	1210	0	29
2026.05.07	13:10:00	4733.22	4734.96	4732.47	4734.79	1225	0	29
2026.05.07	13:15:00	4734.79	4736.10	4731.07	4731.33	1149	0	29
2026.05.07	13:20:00	4731.33	4733.67	4728.49	4732.84	1078	0	29
2026.05.07	13:25:00	4732.85	4734.28	4731.55	4732.39	1052	0	29
2026.05.07	13:30:00	4732.40	4732.45	4728.09	4730.43	1129	0	29
2026.05.07	13:35:00	4730.44	4738.43	4729.75	4736.33	1130	0	29
2026.05.07	13:40:00	4736.33	4739.80	4736.12	4738.95	1057	0	29
2026.05.07	13:45:00	4739.00	4739.79	4735.74	4736.05	1151	0	29
2026.05.07	13:50:00	4736.04	4737.90	4735.32	4737.06	1088	0	29
2026.05.07	13:55:00	4737.04	4737.82	4735.23	4735.61	1038	0	29
2026.05.07	14:00:00	4735.67	4737.07	4734.67	4735.48	1242	0	29
2026.05.07	14:05:00	4735.48	4735.61	4732.30	4733.61	1085	0	29
2026.05.07	14:10:00	4733.63	4733.85	4728.28	4730.21	1185	0	29
2026.05.07	14:15:00	4730.21	4731.19	4727.24	4730.32	1257	0	29
2026.05.07	14:20:00	4730.30	4735.33	4728.79	4734.27	1208	0	29
2026.05.07	14:25:00	4734.31	4736.53	4730.76	4732.69	1329	0	29
2026.05.07	14:30:00	4732.72	4735.11	4731.81	4733.95	1193	0	29
2026.05.07	14:35:00	4733.93	4737.11	4733.05	4735.31	1420	0	29
2026.05.07	14:40:00	4735.32	4738.07	4734.49	4736.79	1168	0	29
2026.05.07	14:45:00	4736.79	4739.60	4735.28	4736.24	1275	0	29
2026.05.07	14:50:00	4736.23	4739.61	4734.00	4739.58	1336	0	29
2026.05.07	14:55:00	4739.59	4743.64	4738.48	4742.72	1498	0	29
2026.05.07	15:00:00	4742.72	4745.77	4739.62	4741.04	1568	0	29
2026.05.07	15:05:00	4741.03	4744.11	4739.68	4740.60	1537	0	29
2026.05.07	15:10:00	4740.60	4746.23	4740.17	4744.05	1537	0	29
2026.05.07	15:15:00	4743.92	4747.03	4742.57	4743.09	1523	0	29
2026.05.07	15:20:00	4742.80	4743.59	4734.29	4735.48	1771	0	29
2026.05.07	15:25:00	4735.57	4739.12	4733.40	4738.48	1437	0	29
2026.05.07	15:30:00	4738.67	4749.35	4737.34	4747.20	1565	0	29
2026.05.07	15:35:00	4747.22	4749.59	4743.84	4746.17	1495	0	29
2026.05.07	15:40:00	4746.18	4751.68	4745.71	4751.22	1375	0	29
2026.05.07	15:45:00	4751.18	4752.61	4747.97	4751.95	1401	0	29
2026.05.07	15:50:00	4752.04	4752.64	4747.20	4747.75	1492	0	29
2026.05.07	15:55:00	4747.82	4750.04	4745.00	4750.04	1474	0	29
2026.05.07	16:00:00	4750.01	4750.20	4737.81	4738.85	1848	0	29
2026.05.07	16:05:00	4738.76	4741.60	4736.57	4740.97	1684	0	29
2026.05.07	16:10:00	4740.98	4741.08	4731.21	4733.41	1698	0	29
2026.05.07	16:15:00	4733.42	4740.38	4731.33	4740.31	1594	0	29
2026.05.07	16:20:00	4740.31	4744.70	4738.23	4744.67	1550	0	29
2026.05.07	16:25:00	4744.51	4746.58	4742.40	4745.28	1527	0	29
2026.05.07	16:30:00	4745.10	4758.16	4743.36	4756.01	1961	0	29
2026.05.07	16:35:00	4756.00	4756.81	4750.99	4752.57	1944	0	29
2026.05.07	16:40:00	4752.62	4752.87	4747.97	4748.45	1854	0	29
2026.05.07	16:45:00	4748.69	4749.37	4739.41	4742.44	2043	0	29
2026.05.07	16:50:00	4742.48	4745.03	4737.43	4744.03	1898	0	29
2026.05.07	16:55:00	4744.02	4748.74	4743.66	4746.29	1774	0	29
2026.05.07	17:00:00	4746.29	4749.53	4742.44	4745.94	1867	0	29
2026.05.07	17:05:00	4745.89	4748.20	4743.98	4747.60	1721	0	29
2026.05.07	17:10:00	4748.18	4753.90	4744.75	4751.87	1753	0	29
2026.05.07	17:15:00	4751.83	4753.86	4740.98	4751.12	1863	0	29
2026.05.07	17:20:00	4751.14	4757.97	4750.30	4757.23	1814	0	29
2026.05.07	17:25:00	4757.35	4759.43	4756.04	4756.70	1683	0	29
2026.05.07	17:30:00	4757.05	4758.85	4747.83	4749.32	1771	0	29
2026.05.07	17:35:00	4749.27	4754.03	4747.67	4753.86	1712	0	29
2026.05.07	17:40:00	4753.80	4756.89	4750.29	4751.95	1699	0	29
2026.05.07	17:45:00	4751.90	4758.63	4751.13	4758.20	1798	0	29
2026.05.07	17:50:00	4758.26	4761.79	4756.33	4760.71	1729	0	29
2026.05.07	17:55:00	4760.73	4763.34	4760.16	4762.70	1639	0	29
2026.05.07	18:00:00	4762.71	4764.67	4757.89	4759.34	1701	0	29
2026.05.07	18:05:00	4759.36	4759.88	4755.98	4758.71	1777	0	29
2026.05.07	18:10:00	4758.70	4761.07	4754.58	4754.77	1708	0	29
2026.05.07	18:15:00	4754.81	4756.20	4753.22	4753.99	1730	0	29
2026.05.07	18:20:00	4753.99	4756.17	4745.73	4747.18	1784	0	29
2026.05.07	18:25:00	4747.09	4747.93	4736.43	4740.12	2041	0	29
2026.05.07	18:30:00	4740.31	4747.07	4739.45	4744.54	1852	0	29
2026.05.07	18:35:00	4744.56	4746.66	4741.35	4743.38	1732	0	29
2026.05.07	18:40:00	4743.38	4743.69	4738.91	4738.91	1575	0	29
2026.05.07	18:45:00	4738.88	4739.74	4734.02	4734.97	1804	0	29
2026.05.07	18:50:00	4734.91	4737.03	4728.79	4732.30	1917	0	29
2026.05.07	18:55:00	4732.30	4732.30	4726.36	4729.18	1860	0	29
2026.05.07	19:00:00	4729.22	4729.68	4722.39	4724.19	1986	0	29
2026.05.07	19:05:00	4724.03	4725.15	4716.51	4717.56	1944	0	29
2026.05.07	19:10:00	4717.57	4720.19	4713.39	4715.24	1957	0	29
2026.05.07	19:15:00	4715.22	4715.22	4704.48	4706.33	2075	0	29
2026.05.07	19:20:00	4706.30	4717.78	4706.10	4717.72	1974	0	29
2026.05.07	19:25:00	4717.74	4722.92	4717.63	4720.02	1816	0	29
2026.05.07	19:30:00	4720.07	4720.74	4714.31	4719.45	1775	0	29
2026.05.07	19:35:00	4719.44	4719.51	4711.58	4712.12	1778	0	29
2026.05.07	19:40:00	4712.12	4714.64	4710.46	4711.20	1744	0	29
2026.05.07	19:45:00	4711.21	4715.82	4710.48	4714.17	1699	0	29
2026.05.07	19:50:00	4714.20	4717.30	4710.63	4717.21	1837	0	29
2026.05.07	19:55:00	4717.26	4718.09	4712.14	4715.01	1686	0	29
2026.05.07	20:00:00	4715.01	4717.78	4712.41	4716.54	1727	0	29
2026.05.07	20:05:00	4716.49	4719.49	4714.81	4716.65	1589	0	29
2026.05.07	20:10:00	4716.75	4718.52	4711.73	4714.50	1735	0	29
2026.05.07	20:15:00	4714.56	4715.70	4705.78	4706.28	1796	0	29
2026.05.07	20:20:00	4706.47	4716.47	4705.50	4715.52	1898	0	29
2026.05.07	20:25:00	4715.55	4719.08	4687.74	4699.09	2157	0	29
2026.05.07	20:30:00	4699.03	4703.43	4693.38	4699.36	2072	0	29
2026.05.07	20:35:00	4699.43	4704.15	4695.71	4703.48	2050	0	29
2026.05.07	20:40:00	4703.31	4706.06	4698.16	4699.66	1881	0	29
2026.05.07	20:45:00	4699.44	4703.57	4698.16	4699.65	1779	0	29
2026.05.07	20:50:00	4699.70	4704.22	4697.96	4704.18	1772	0	29
2026.05.07	20:55:00	4704.23	4712.10	4702.96	4711.40	1915	0	29
2026.05.07	21:00:00	4711.46	4712.42	4706.81	4707.57	1748	0	29
2026.05.07	21:05:00	4707.57	4711.92	4706.57	4707.44	1613	0	29
2026.05.07	21:10:00	4707.45	4709.86	4705.23	4708.01	1683	0	29
2026.05.07	21:15:00	4708.01	4709.80	4706.81	4708.37	1481	0	29
2026.05.07	21:20:00	4708.38	4710.90	4706.38	4706.58	1706	0	29
2026.05.07	21:25:00	4706.63	4712.98	4705.61	4712.81	1623	0	29
2026.05.07	21:30:00	4712.78	4715.27	4711.69	4713.61	1598	0	29
2026.05.07	21:35:00	4713.66	4715.91	4707.42	4713.19	1690	0	29
2026.05.07	21:40:00	4713.18	4714.64	4703.21	4706.13	1655	0	29
2026.05.07	21:45:00	4706.03	4709.06	4698.49	4700.62	1852	0	29
2026.05.07	21:50:00	4700.57	4704.70	4695.52	4703.30	1872	0	29
2026.05.07	21:55:00	4703.02	4711.33	4702.04	4709.61	1846	0	29
2026.05.07	22:00:00	4709.94	4712.93	4705.08	4705.79	1703	0	29
2026.05.07	22:05:00	4705.77	4711.45	4705.74	4709.79	1700	0	29
2026.05.07	22:10:00	4709.79	4711.52	4708.76	4710.08	1629	0	29
2026.05.07	22:15:00	4710.07	4710.82	4699.93	4702.15	1654	0	29
2026.05.07	22:20:00	4702.14	4705.39	4699.13	4700.49	1724	0	29
2026.05.07	22:25:00	4700.46	4706.36	4697.80	4705.11	1785	0	29
2026.05.07	22:30:00	4705.12	4708.25	4703.72	4707.84	1566	0	29
2026.05.07	22:35:00	4707.89	4712.02	4707.01	4710.91	1514	0	29
2026.05.07	22:40:00	4710.90	4711.85	4708.13	4709.61	1457	0	29
2026.05.07	22:45:00	4709.66	4709.90	4705.25	4708.31	1489	0	29
2026.05.07	22:50:00	4708.62	4710.78	4704.17	4706.33	1836	0	29
2026.05.07	22:55:00	4706.34	4709.03	4702.78	4702.86	1819	0	29
2026.05.07	23:00:00	4703.00	4719.12	4703.00	4716.29	1749	0	29
2026.05.07	23:05:00	4716.48	4716.98	4710.80	4711.24	1287	0	29
2026.05.07	23:10:00	4711.20	4713.05	4710.76	4711.48	1199	0	29
2026.05.07	23:15:00	4711.46	4712.77	4709.23	4711.99	1098	0	29
2026.05.07	23:20:00	4711.83	4713.95	4710.82	4713.09	964	0	29
2026.05.07	23:25:00	4713.09	4714.26	4712.33	4712.94	918	0	29
2026.05.07	23:30:00	4712.90	4715.69	4710.08	4713.25	890	0	34
2026.05.07	23:35:00	4713.17	4714.07	4698.09	4698.48	1375	0	34
2026.05.07	23:40:00	4698.50	4706.59	4696.66	4703.84	1452	0	34
2026.05.07	23:45:00	4703.85	4704.11	4699.24	4702.38	1278	0	34
2026.05.07	23:50:00	4702.28	4702.63	4694.48	4695.55	1093	0	34
2026.05.07	23:55:00	4695.51	4695.51	4686.30	4688.35	1025	0	34
2026.05.08	01:00:00	4680.60	4694.17	4677.25	4693.83	1241	0	34
2026.05.08	01:05:00	4693.86	4693.86	4686.49	4691.30	983	0	34
2026.05.08	01:10:00	4691.32	4698.00	4686.85	4691.23	1150	0	34
2026.05.08	01:15:00	4691.21	4697.38	4689.18	4694.18	1223	0	34
2026.05.08	01:20:00	4694.23	4699.27	4692.87	4696.20	1207	0	34
2026.05.08	01:25:00	4696.20	4697.79	4693.12	4693.67	887	0	34
2026.05.08	01:30:00	4693.71	4695.11	4687.40	4688.77	1133	0	29
2026.05.08	01:35:00	4688.72	4690.43	4686.67	4689.74	996	0	29
2026.05.08	01:40:00	4689.71	4691.29	4686.01	4686.94	882	0	29
2026.05.08	01:45:00	4686.92	4687.59	4682.52	4683.93	937	0	29
2026.05.08	01:50:00	4683.92	4688.53	4681.81	4686.32	929	0	29
2026.05.08	01:55:00	4686.30	4687.72	4684.64	4685.83	775	0	29
2026.05.08	02:00:00	4685.60	4689.63	4684.53	4689.08	808	0	29
2026.05.08	02:05:00	4689.08	4691.79	4686.59	4691.24	846	0	29
2026.05.08	02:10:00	4691.24	4693.64	4690.24	4691.54	736	0	29
2026.05.08	02:15:00	4691.67	4693.84	4691.60	4693.73	657	0	29
2026.05.08	02:20:00	4693.74	4698.03	4693.72	4696.52	684	0	29
2026.05.08	02:25:00	4696.53	4698.42	4695.81	4696.40	736	0	29
2026.05.08	02:30:00	4696.42	4698.03	4694.97	4697.26	731	0	29
2026.05.08	02:35:00	4697.27	4698.95	4696.54	4698.87	654	0	29
2026.05.08	02:40:00	4698.87	4698.98	4696.73	4697.65	682	0	29
2026.05.08	02:45:00	4697.74	4702.24	4697.74	4700.68	947	0	29
2026.05.08	02:50:00	4700.72	4704.56	4700.16	4703.31	967	0	29
2026.05.08	02:55:00	4703.31	4705.50	4703.18	4704.28	1025	0	29
2026.05.08	03:00:00	4704.25	4706.34	4701.52	4702.82	1389	0	29
2026.05.08	03:05:00	4702.85	4708.08	4702.38	4707.67	1312	0	29
2026.05.08	03:10:00	4707.65	4709.42	4701.48	4702.72	1175	0	29
2026.05.08	03:15:00	4702.76	4702.78	4694.04	4695.14	1353	0	29
2026.05.08	03:20:00	4695.15	4704.71	4693.93	4703.65	1282	0	29
2026.05.08	03:25:00	4703.71	4705.58	4696.37	4697.16	1270	0	29
2026.05.08	03:30:00	4697.18	4703.88	4696.14	4703.10	1247	0	29
2026.05.08	03:35:00	4703.11	4706.34	4701.32	4704.00	1106	0	29
2026.05.08	03:40:00	4703.99	4708.05	4703.92	4704.98	1022	0	29
2026.05.08	03:45:00	4704.98	4705.64	4699.86	4700.03	1211	0	29
2026.05.08	03:50:00	4699.99	4701.30	4698.24	4698.31	1133	0	29
2026.05.08	03:55:00	4698.26	4701.99	4696.99	4701.28	1185	0	29
2026.05.08	04:00:00	4701.28	4715.43	4700.50	4712.86	1835	0	29
2026.05.08	04:05:00	4712.89	4719.33	4712.89	4714.71	1570	0	29
2026.05.08	04:10:00	4714.69	4718.15	4712.63	4714.02	1479	0	29
2026.05.08	04:15:00	4714.03	4717.85	4711.56	4717.47	1427	0	29
2026.05.08	04:20:00	4717.47	4718.36	4711.54	4712.28	1277	0	29
2026.05.08	04:25:00	4712.31	4715.69	4712.18	4712.39	1219	0	29
2026.05.08	04:30:00	4712.41	4715.14	4709.84	4712.22	1399	0	29
2026.05.08	04:35:00	4712.28	4712.87	4705.14	4707.99	1509	0	29
2026.05.08	04:40:00	4708.01	4711.31	4706.86	4710.82	1364	0	29
2026.05.08	04:45:00	4711.08	4720.11	4711.03	4719.96	1404	0	29
2026.05.08	04:50:00	4719.92	4723.35	4719.87	4722.09	1439	0	29
2026.05.08	04:55:00	4722.10	4725.32	4721.72	4722.83	1327	0	29
2026.05.08	05:00:00	4722.88	4732.68	4721.49	4731.73	1539	0	29
2026.05.08	05:05:00	4731.53	4731.53	4726.99	4729.35	1307	0	29
2026.05.08	05:10:00	4729.35	4729.77	4723.60	4724.04	1185	0	29
2026.05.08	05:15:00	4723.98	4724.35	4718.17	4719.19	1188	0	29
2026.05.08	05:20:00	4719.19	4723.03	4719.19	4722.24	1135	0	29
2026.05.08	05:25:00	4722.24	4723.81	4720.34	4721.46	1039	0	29
2026.05.08	05:30:00	4721.46	4723.51	4716.88	4719.50	1437	0	29
2026.05.08	05:35:00	4719.50	4720.83	4706.93	4711.35	1788	0	29
2026.05.08	05:40:00	4711.40	4715.22	4710.20	4710.20	1444	0	29
2026.05.08	05:45:00	4710.19	4716.44	4708.51	4716.39	1581	0	29
2026.05.08	05:50:00	4716.44	4717.47	4712.46	4716.30	1485	0	29
2026.05.08	05:55:00	4716.30	4717.03	4712.49	4713.35	1296	0	29
2026.05.08	06:00:00	4713.36	4717.47	4711.06	4717.43	1376	0	29
2026.05.08	06:05:00	4717.42	4719.12	4715.05	4717.49	1185	0	29
2026.05.08	06:10:00	4717.87	4720.14	4717.79	4720.03	1034	0	29
2026.05.08	06:15:00	4720.02	4722.66	4719.38	4720.14	956	0	29
2026.05.08	06:20:00	4720.21	4720.23	4717.05	4718.81	948	0	29
2026.05.08	06:25:00	4718.81	4720.97	4717.53	4720.32	1059	0	29
2026.05.08	06:30:00	4720.25	4730.60	4720.04	4730.60	1216	0	29
2026.05.08	06:35:00	4730.60	4731.03	4723.10	4723.76	1177	0	29
2026.05.08	06:40:00	4723.76	4726.34	4722.59	4725.01	1065	0	29
2026.05.08	06:45:00	4724.92	4725.29	4720.07	4720.48	998	0	29
2026.05.08	06:50:00	4720.49	4721.10	4717.99	4718.94	981	0	29
2026.05.08	06:55:00	4718.93	4720.75	4718.60	4719.59	791	0	29
2026.05.08	07:00:00	4719.58	4723.24	4719.58	4719.81	1121	0	29
2026.05.08	07:05:00	4719.81	4720.07	4715.92	4718.74	1086	0	29
2026.05.08	07:10:00	4718.74	4719.45	4714.76	4714.87	933	0	29
2026.05.08	07:15:00	4714.86	4717.28	4713.27	4715.90	858	0	29
2026.05.08	07:20:00	4715.90	4717.78	4715.23	4717.52	667	0	29
2026.05.08	07:25:00	4717.53	4718.30	4715.33	4717.35	843	0	29
2026.05.08	07:30:00	4717.36	4718.35	4714.71	4715.20	679	0	29
2026.05.08	07:35:00	4715.19	4715.85	4713.55	4713.64	1001	0	29
2026.05.08	07:40:00	4713.67	4713.83	4709.02	4712.01	1165	0	29
2026.05.08	07:45:00	4712.02	4713.75	4710.11	4713.63	893	0	29
2026.05.08	07:50:00	4713.61	4716.13	4711.97	4715.96	934	0	29
2026.05.08	07:55:00	4715.95	4716.54	4709.83	4710.99	919	0	29
2026.05.08	08:00:00	4711.01	4713.52	4709.62	4713.00	1107	0	29
2026.05.08	08:05:00	4713.00	4716.23	4712.21	4714.71	931	0	29
2026.05.08	08:10:00	4714.71	4716.22	4712.24	4712.24	899	0	29
2026.05.08	08:15:00	4712.36	4714.66	4710.46	4714.48	886	0	29
2026.05.08	08:20:00	4714.38	4715.77	4713.74	4714.66	757	0	29
2026.05.08	08:25:00	4714.66	4720.08	4712.27	4719.33	925	0	29
2026.05.08	08:30:00	4719.62	4727.15	4719.62	4724.20	1560	0	29
2026.05.08	08:35:00	4724.20	4725.34	4720.84	4722.51	1297	0	29
2026.05.08	08:40:00	4722.50	4725.70	4721.56	4724.59	1287	0	29
2026.05.08	08:45:00	4724.56	4728.77	4723.30	4728.74	1210	0	29
2026.05.08	08:50:00	4728.71	4730.40	4726.52	4728.22	1191	0	29
2026.05.08	08:55:00	4728.21	4731.28	4726.75	4727.48	1535	0	29
2026.05.08	09:00:00	4727.47	4730.38	4712.63	4728.09	1870	0	29
2026.05.08	09:05:00	4728.15	4728.79	4722.08	4725.45	1637	0	29
2026.05.08	09:10:00	4725.58	4727.40	4722.71	4722.89	1414	0	29
2026.05.08	09:15:00	4722.88	4728.17	4721.52	4727.62	1377	0	29
2026.05.08	09:20:00	4727.61	4728.51	4724.43	4727.60	1351	0	29
2026.05.08	09:25:00	4727.57	4734.52	4726.15	4733.59	1454	0	29
2026.05.08	09:30:00	4733.77	4734.25	4726.47	4726.52	1399	0	29
2026.05.08	09:35:00	4726.55	4729.11	4725.58	4727.48	1256	0	29
2026.05.08	09:40:00	4727.49	4732.34	4727.33	4729.09	1319	0	29
2026.05.08	09:45:00	4729.03	4729.46	4721.13	4725.13	1468	0	29
2026.05.08	09:50:00	4725.06	4727.14	4724.21	4726.18	1163	0	29
2026.05.08	09:55:00	4726.11	4727.11	4724.41	4725.64	1205	0	29
2026.05.08	10:00:00	4725.64	4726.44	4721.77	4723.92	1575	0	29
2026.05.08	10:05:00	4723.93	4725.72	4720.57	4722.70	1364	0	29
2026.05.08	10:10:00	4722.68	4722.68	4715.13	4715.13	1299	0	29
2026.05.08	10:15:00	4715.23	4718.25	4712.79	4715.39	1465	0	29
2026.05.08	10:20:00	4715.39	4717.47	4703.62	4706.26	1713	0	29
2026.05.08	10:25:00	4705.60	4707.72	4697.12	4706.54	1771	0	29
2026.05.08	10:30:00	4706.55	4710.97	4701.26	4709.20	1533	0	29
2026.05.08	10:35:00	4709.24	4711.67	4708.34	4709.09	1318	0	29
2026.05.08	10:40:00	4709.08	4710.05	4706.73	4708.10	1377	0	29
2026.05.08	10:45:00	4708.20	4712.64	4708.02	4712.51	1298	0	29
2026.05.08	10:50:00	4712.51	4713.53	4708.11	4711.05	1376	0	29
2026.05.08	10:55:00	4711.00	4711.11	4706.96	4707.87	1340	0	29
2026.05.08	11:00:00	4707.88	4710.11	4706.84	4709.75	1350	0	29
2026.05.08	11:05:00	4709.73	4710.93	4706.67	4710.63	1232	0	29
2026.05.08	11:10:00	4710.63	4713.09	4708.27	4711.38	1147	0	29
2026.05.08	11:15:00	4711.39	4715.15	4711.27	4714.34	1197	0	29
2026.05.08	11:20:00	4714.28	4722.14	4714.28	4720.01	1336	0	29
2026.05.08	11:25:00	4720.02	4722.52	4716.32	4716.86	1407	0	29
2026.05.08	11:30:00	4716.87	4720.04	4716.38	4719.27	1225	0	29
2026.05.08	11:35:00	4719.28	4723.50	4719.28	4721.32	1292	0	29
2026.05.08	11:40:00	4721.33	4721.36	4716.79	4716.90	1184	0	29
2026.05.08	11:45:00	4716.90	4720.16	4716.02	4718.78	1251	0	29
2026.05.08	11:50:00	4718.78	4719.14	4716.43	4716.43	988	0	29
2026.05.08	11:55:00	4716.46	4717.42	4714.95	4715.70	1080	0	29
2026.05.08	12:00:00	4715.72	4720.17	4713.44	4719.25	1305	0	29
2026.05.08	12:05:00	4719.24	4720.33	4715.91	4715.91	1174	0	29
2026.05.08	12:10:00	4715.91	4718.50	4715.36	4718.50	953	0	29
2026.05.08	12:15:00	4718.59	4722.18	4718.23	4719.71	1049	0	29
2026.05.08	12:20:00	4719.71	4722.62	4718.68	4720.53	1136	0	29
2026.05.08	12:25:00	4720.59	4722.77	4717.75	4717.98	1099	0	29
2026.05.08	12:30:00	4717.95	4718.70	4709.75	4714.71	1407	0	29
2026.05.08	12:35:00	4714.72	4715.07	4709.36	4713.36	1074	0	29
2026.05.08	12:40:00	4713.37	4714.65	4710.68	4713.32	1173	0	29
2026.05.08	12:45:00	4713.30	4713.93	4709.54	4710.58	1130	0	29
2026.05.08	12:50:00	4710.60	4711.27	4707.43	4709.64	1288	0	29
2026.05.08	12:55:00	4709.63	4712.24	4707.59	4711.85	1197	0	29
2026.05.08	13:00:00	4711.84	4714.32	4711.15	4712.74	1061	0	29
2026.05.08	13:05:00	4712.71	4714.61	4711.91	4713.12	999	0	29
2026.05.08	13:10:00	4713.12	4718.85	4712.79	4718.84	1017	0	29
2026.05.08	13:15:00	4718.81	4719.46	4717.48	4717.84	917	0	29
2026.05.08	13:20:00	4717.83	4723.06	4717.74	4721.37	903	0	29
2026.05.08	13:25:00	4721.41	4723.88	4720.39	4720.42	1066	0	29
2026.05.08	13:30:00	4720.43	4723.41	4720.25	4722.28	994	0	29
2026.05.08	13:35:00	4722.28	4727.65	4721.99	4727.00	1051	0	29
2026.05.08	13:40:00	4727.01	4727.75	4724.23	4724.36	1116	0	29
2026.05.08	13:45:00	4724.40	4724.40	4719.04	4719.64	1057	0	29
2026.05.08	13:50:00	4719.63	4721.65	4717.77	4721.04	1089	0	29
2026.05.08	13:55:00	4721.09	4721.14	4715.29	4719.75	1367	0	29
2026.05.08	14:00:00	4719.85	4726.62	4719.85	4726.27	1306	0	29
2026.05.08	14:05:00	4725.79	4727.28	4723.31	4724.69	1243	0	29
2026.05.08	14:10:00	4724.70	4725.08	4718.82	4721.98	1217	0	29
2026.05.08	14:15:00	4721.98	4725.23	4721.57	4723.08	1004	0	29
2026.05.08	14:20:00	4723.10	4723.82	4720.07	4723.30	1146	0	29
2026.05.08	14:25:00	4723.26	4725.80	4722.98	4724.03	1015	0	29
2026.05.08	14:30:00	4724.01	4724.94	4721.86	4722.28	984	0	29
2026.05.08	14:35:00	4722.30	4725.85	4722.05	4722.84	971	0	29
2026.05.08	14:40:00	4722.89	4723.78	4721.02	4721.11	1083	0	29
2026.05.08	14:45:00	4721.02	4721.34	4717.07	4717.62	1118	0	29
2026.05.08	14:50:00	4717.63	4717.73	4713.61	4716.87	1104	0	29
2026.05.08	14:55:00	4716.86	4720.02	4716.06	4717.69	1177	0	29
2026.05.08	15:00:00	4717.68	4719.78	4712.84	4713.25	1410	0	29
2026.05.08	15:05:00	4713.24	4714.10	4708.57	4709.79	1441	0	29
2026.05.08	15:10:00	4709.71	4709.81	4703.80	4704.64	1537	0	29
2026.05.08	15:15:00	4704.64	4710.08	4702.80	4707.85	1491	0	29
2026.05.08	15:20:00	4707.72	4710.36	4704.85	4706.22	1484	0	29
2026.05.08	15:25:00	4706.21	4710.84	4705.31	4710.47	1199	0	29
2026.05.08	15:30:00	4710.61	4724.87	4703.40	4723.29	1961	0	29
2026.05.08	15:35:00	4723.28	4727.88	4721.72	4725.53	1876	0	29
2026.05.08	15:40:00	4725.53	4730.73	4722.19	4723.80	1813	0	29
2026.05.08	15:45:00	4723.78	4726.79	4719.30	4724.37	1782	0	29
2026.05.08	15:50:00	4724.39	4731.21	4719.82	4730.99	1708	0	29
2026.05.08	15:55:00	4730.92	4731.99	4720.52	4724.37	1803	0	29
2026.05.08	16:00:00	4723.93	4728.92	4720.45	4723.00	1824	0	29
2026.05.08	16:05:00	4723.10	4725.62	4718.33	4720.20	1712	0	29
2026.05.08	16:10:00	4720.24	4721.66	4716.67	4720.33	1678	0	29
2026.05.08	16:15:00	4720.34	4726.40	4719.46	4724.73	1631	0	29
2026.05.08	16:20:00	4724.77	4727.41	4723.05	4724.68	1502	0	29
2026.05.08	16:25:00	4724.70	4727.79	4724.65	4727.23	1526	0	29
2026.05.08	16:30:00	4727.34	4743.90	4726.88	4739.09	2023	0	29
2026.05.08	16:35:00	4739.07	4744.34	4738.30	4738.50	2018	0	29
2026.05.08	16:40:00	4738.56	4741.03	4734.89	4738.25	1939	0	29
2026.05.08	16:45:00	4738.11	4744.27	4734.95	4740.50	1862	0	29
2026.05.08	16:50:00	4740.59	4745.26	4737.27	4740.61	1838	0	29
2026.05.08	16:55:00	4740.62	4747.98	4739.97	4747.98	1629	0	29
2026.05.08	17:00:00	4747.89	4749.39	4739.10	4740.08	1876	0	29
2026.05.08	17:05:00	4740.00	4740.00	4725.50	4726.55	1915	0	29
2026.05.08	17:10:00	4726.54	4732.12	4718.90	4731.71	1963	0	29
2026.05.08	17:15:00	4731.68	4733.77	4725.34	4727.56	1816	0	29
2026.05.08	17:20:00	4727.58	4728.19	4722.14	4725.71	1754	0	29
2026.05.08	17:25:00	4725.69	4729.22	4717.68	4717.68	1782	0	29
2026.05.08	17:30:00	4717.99	4722.92	4714.32	4722.21	1892	0	29
2026.05.08	17:35:00	4722.22	4725.03	4719.43	4723.52	1773	0	29
2026.05.08	17:40:00	4723.53	4725.53	4721.31	4722.68	1676	0	29
2026.05.08	17:45:00	4722.69	4724.57	4714.85	4717.99	1633	0	29
2026.05.08	17:50:00	4718.01	4719.38	4713.29	4718.16	1704	0	29
2026.05.08	17:55:00	4718.19	4719.67	4715.50	4715.83	1628	0	29
2026.05.08	18:00:00	4715.88	4717.51	4712.73	4713.81	1692	0	29
2026.05.08	18:05:00	4713.82	4720.81	4713.81	4716.93	1596	0	29
2026.05.08	18:10:00	4716.71	4719.65	4706.13	4707.45	1638	0	29
2026.05.08	18:15:00	4707.69	4708.89	4704.55	4706.52	1770	0	29
2026.05.08	18:20:00	4706.79	4711.44	4704.39	4707.74	1850	0	29
2026.05.08	18:25:00	4707.88	4713.56	4705.57	4713.29	1587	0	29
2026.05.08	18:30:00	4713.29	4714.30	4704.41	4709.85	1741	0	29
2026.05.08	18:35:00	4709.85	4714.96	4709.52	4712.59	1607	0	29
2026.05.08	18:40:00	4712.60	4712.61	4704.26	4705.88	1634	0	29
2026.05.08	18:45:00	4705.86	4709.72	4701.94	4708.56	1674	0	29
2026.05.08	18:50:00	4708.56	4711.05	4708.48	4709.46	1471	0	29
2026.05.08	18:55:00	4709.49	4709.50	4704.32	4707.00	1468	0	29
2026.05.08	19:00:00	4707.04	4709.92	4705.37	4706.07	1519	0	29
2026.05.08	19:05:00	4706.07	4712.12	4706.07	4708.53	1363	0	29
2026.05.08	19:10:00	4708.53	4712.38	4706.70	4711.46	1198	0	29
2026.05.08	19:15:00	4711.47	4714.17	4711.39	4711.75	1161	0	29
2026.05.08	19:20:00	4711.74	4715.35	4711.72	4714.55	1135	0	29
2026.05.08	19:25:00	4714.55	4717.58	4714.37	4717.57	1174	0	29
2026.05.08	19:30:00	4717.57	4720.20	4716.85	4717.08	1257	0	29
2026.05.08	19:35:00	4717.08	4718.12	4715.59	4716.17	1245	0	29
2026.05.08	19:40:00	4716.18	4717.27	4713.34	4713.39	1178	0	29
2026.05.08	19:45:00	4713.41	4716.23	4712.74	4713.53	1289	0	29
2026.05.08	19:50:00	4713.55	4713.67	4711.85	4713.11	1229	0	29
2026.05.08	19:55:00	4713.11	4714.28	4711.27	4712.39	1116	0	29
2026.05.08	20:00:00	4712.39	4716.02	4712.10	4715.23	1224	0	29
2026.05.08	20:05:00	4715.20	4716.21	4713.59	4714.25	1155	0	29
2026.05.08	20:10:00	4714.25	4715.29	4713.03	4715.21	1049	0	29
2026.05.08	20:15:00	4715.23	4719.38	4715.16	4718.60	983	0	29
2026.05.08	20:20:00	4718.61	4720.66	4717.29	4718.78	1156	0	29
2026.05.08	20:25:00	4718.77	4722.02	4718.52	4720.63	1260	0	29
2026.05.08	20:30:00	4720.55	4721.73	4719.63	4720.30	1048	0	29
2026.05.08	20:35:00	4720.28	4721.48	4719.80	4720.04	914	0	29
2026.05.08	20:40:00	4720.01	4721.50	4719.70	4720.68	834	0	29
2026.05.08	20:45:00	4720.72	4721.39	4719.76	4719.99	806	0	29
2026.05.08	20:50:00	4719.97	4721.95	4719.34	4721.93	962	0	29
2026.05.08	20:55:00	4721.93	4722.63	4719.69	4720.82	884	0	29
2026.05.08	21:00:00	4720.82	4727.52	4720.49	4726.55	1409	0	29
2026.05.08	21:05:00	4726.55	4727.69	4725.50	4725.86	1143	0	29
2026.05.08	21:10:00	4725.86	4728.60	4725.03	4727.51	942	0	29
2026.05.08	21:15:00	4727.65	4728.93	4725.37	4725.59	1042	0	29
2026.05.08	21:20:00	4725.57	4727.55	4725.38	4726.61	868	0	29
2026.05.08	21:25:00	4726.61	4726.61	4723.91	4725.62	1029	0	29
2026.05.08	21:30:00	4725.58	4726.43	4724.03	4725.39	934	0	29
2026.05.08	21:35:00	4725.33	4726.21	4724.78	4725.93	863	0	29
2026.05.08	21:40:00	4725.91	4726.00	4723.99	4724.60	908	0	29
2026.05.08	21:45:00	4724.61	4724.62	4722.07	4723.31	964	0	29
2026.05.08	21:50:00	4723.25	4724.11	4721.75	4722.36	805	0	29
2026.05.08	21:55:00	4722.38	4723.22	4719.87	4721.87	1150	0	29
2026.05.08	22:00:00	4721.87	4724.62	4720.95	4723.04	1071	0	29
2026.05.08	22:05:00	4723.04	4725.47	4722.52	4724.71	853	0	29
2026.05.08	22:10:00	4724.67	4725.58	4723.27	4723.54	666	0	29
2026.05.08	22:15:00	4723.52	4724.60	4723.47	4724.08	548	0	29
2026.05.08	22:20:00	4724.08	4724.99	4723.30	4724.61	615	0	29
2026.05.08	22:25:00	4724.58	4724.96	4723.44	4723.70	668	0	29
2026.05.08	22:30:00	4723.70	4723.75	4721.98	4722.95	795	0	29
2026.05.08	22:35:00	4722.95	4723.51	4721.80	4723.51	702	0	29
2026.05.08	22:40:00	4723.50	4726.75	4723.40	4725.32	1063	0	29
2026.05.08	22:45:00	4725.35	4725.87	4723.34	4723.90	912	0	29
2026.05.08	22:50:00	4723.98	4725.52	4723.64	4724.80	987	0	29
2026.05.08	22:55:00	4724.87	4724.96	4722.88	4723.92	1274	0	29
2026.05.08	23:00:00	4723.93	4724.21	4722.13	4723.00	757	0	29
2026.05.08	23:05:00	4723.01	4723.33	4721.64	4721.65	581	0	29
2026.05.08	23:10:00	4721.67	4721.81	4717.06	4718.71	724	0	29
2026.05.08	23:15:00	4718.76	4719.13	4715.23	4715.36	713	0	29
2026.05.08	23:20:00	4715.34	4717.57	4715.20	4716.84	569	0	29
2026.05.08	23:25:00	4716.85	4717.70	4715.75	4717.32	560	0	29
2026.05.08	23:30:00	4717.29	4719.05	4716.34	4717.29	508	0	34
2026.05.08	23:35:00	4717.30	4718.01	4716.66	4717.73	631	0	34
2026.05.08	23:40:00	4717.73	4718.14	4715.66	4716.30	509	0	34
2026.05.08	23:45:00	4716.40	4716.72	4714.82	4715.07	671	0	34
2026.05.08	23:50:00	4715.25	4716.30	4714.57	4715.38	780	0	34
2026.05.08	23:55:00	4715.37	4715.74	4714.76	4715.64	220	0	34
2026.05.11	01:00:00	4685.22	4700.22	4678.95	4686.89	1794	0	34
2026.05.11	01:05:00	4686.88	4688.61	4679.83	4688.05	1218	0	34
2026.05.11	01:10:00	4688.08	4694.68	4686.31	4687.26	1196	0	34
2026.05.11	01:15:00	4687.26	4690.25	4681.83	4687.35	1187	0	34
2026.05.11	01:20:00	4687.35	4689.77	4685.28	4689.34	1011	0	34
2026.05.11	01:25:00	4689.29	4696.17	4688.98	4694.50	1022	0	34
2026.05.11	01:30:00	4694.52	4694.52	4689.43	4692.83	1083	0	29
2026.05.11	01:35:00	4692.91	4694.08	4687.20	4688.29	907	0	29
2026.05.11	01:40:00	4688.29	4691.59	4687.02	4691.21	727	0	29
2026.05.11	01:45:00	4691.20	4693.92	4689.97	4693.92	775	0	29
2026.05.11	01:50:00	4693.92	4693.92	4690.33	4691.45	862	0	29
2026.05.11	01:55:00	4691.39	4694.53	4690.95	4691.84	898	0	29
2026.05.11	02:00:00	4691.84	4696.86	4691.11	4696.56	942	0	29
2026.05.11	02:05:00	4696.56	4696.56	4692.65	4694.10	848	0	29
2026.05.11	02:10:00	4694.10	4694.59	4688.81	4690.09	900	0	29
2026.05.11	02:15:00	4690.17	4695.27	4689.06	4695.22	828	0	29
2026.05.11	02:20:00	4695.22	4696.51	4694.95	4696.20	741	0	29
2026.05.11	02:25:00	4696.67	4697.11	4694.12	4694.65	706	0	29
2026.05.11	02:30:00	4694.63	4697.30	4694.63	4696.27	744	0	29
2026.05.11	02:35:00	4696.33	4698.32	4695.46	4697.19	723	0	29
2026.05.11	02:40:00	4697.20	4698.25	4695.95	4697.47	686	0	29
2026.05.11	02:45:00	4697.48	4698.41	4694.37	4698.41	886	0	29
2026.05.11	02:50:00	4698.51	4698.51	4695.41	4695.62	793	0	29
2026.05.11	02:55:00	4695.61	4695.68	4690.04	4691.67	929	0	29
2026.05.11	03:00:00	4691.54	4691.57	4682.17	4687.32	1514	0	29
2026.05.11	03:05:00	4687.33	4690.26	4684.92	4686.11	1378	0	29
2026.05.11	03:10:00	4685.97	4686.84	4680.41	4682.63	1328	0	29
2026.05.11	03:15:00	4682.64	4683.18	4676.78	4677.70	1476	0	29
2026.05.11	03:20:00	4677.63	4685.66	4675.90	4684.28	1324	0	29
2026.05.11	03:25:00	4684.30	4686.55	4681.72	4683.49	1166	0	29
2026.05.11	03:30:00	4683.49	4693.24	4683.49	4692.91	1329	0	29
2026.05.11	03:35:00	4692.90	4693.26	4685.52	4687.36	1236	0	29
2026.05.11	03:40:00	4687.35	4691.58	4687.30	4689.02	1191	0	29
2026.05.11	03:45:00	4689.00	4692.82	4687.80	4690.25	1272	0	29
2026.05.11	03:50:00	4690.23	4691.93	4670.28	4682.42	1672	0	29
2026.05.11	03:55:00	4682.29	4684.20	4673.57	4683.52	1688	0	29
2026.05.11	04:00:00	4683.30	4692.63	4674.58	4691.33	1991	0	29
2026.05.11	04:05:00	4691.32	4699.76	4689.63	4690.97	1871	0	29
2026.05.11	04:10:00	4690.96	4695.09	4682.06	4692.02	1827	0	29
2026.05.11	04:15:00	4692.03	4697.54	4689.60	4695.87	1802	0	29
2026.05.11	04:20:00	4695.88	4705.45	4693.43	4703.08	1708	0	29
2026.05.11	04:25:00	4703.10	4705.46	4698.85	4698.87	1545	0	29
2026.05.11	04:30:00	4698.91	4701.68	4693.10	4697.97	1749	0	29
2026.05.11	04:35:00	4698.01	4698.71	4693.94	4695.39	1575	0	29
2026.05.11	04:40:00	4695.40	4695.85	4690.84	4694.37	1540	0	29
2026.05.11	04:45:00	4694.37	4695.92	4692.57	4694.95	1450	0	29
2026.05.11	04:50:00	4694.96	4694.98	4685.28	4686.61	1611	0	29
2026.05.11	04:55:00	4686.61	4687.38	4680.02	4685.65	1564	0	29
2026.05.11	05:00:00	4685.65	4693.00	4684.87	4688.90	1565	0	29
2026.05.11	05:05:00	4688.93	4689.27	4678.42	4683.85	1676	0	29
2026.05.11	05:10:00	4683.83	4689.28	4682.61	4685.96	1435	0	29
2026.05.11	05:15:00	4685.95	4686.63	4682.86	4683.22	1221	0	29
2026.05.11	05:20:00	4683.22	4686.58	4682.75	4686.11	1041	0	29
2026.05.11	05:25:00	4686.07	4688.59	4684.96	4688.44	938	0	29
2026.05.11	05:30:00	4688.44	4695.38	4688.41	4691.99	1418	0	29
2026.05.11	05:35:00	4692.00	4700.14	4690.78	4699.04	1393	0	29
2026.05.11	05:40:00	4699.04	4699.04	4687.85	4688.53	1285	0	29
2026.05.11	05:45:00	4688.46	4693.54	4684.31	4685.32	1413	0	29
2026.05.11	05:50:00	4685.37	4685.40	4678.89	4680.31	1566	0	29
2026.05.11	05:55:00	4680.66	4682.52	4676.56	4681.66	1566	0	29
2026.05.11	06:00:00	4681.64	4684.75	4675.02	4683.53	1544	0	29
2026.05.11	06:05:00	4683.49	4686.35	4681.74	4686.19	1215	0	29
2026.05.11	06:10:00	4686.18	4689.68	4685.27	4687.10	1224	0	29
2026.05.11	06:15:00	4687.13	4689.21	4683.85	4688.36	1244	0	29
2026.05.11	06:20:00	4688.38	4688.84	4683.85	4688.45	1198	0	29
2026.05.11	06:25:00	4688.46	4690.36	4686.86	4689.46	980	0	29
2026.05.11	06:30:00	4689.48	4690.34	4686.09	4686.72	1172	0	29
2026.05.11	06:35:00	4686.72	4687.53	4682.20	4684.11	1046	0	29
2026.05.11	06:40:00	4684.11	4688.01	4683.43	4687.79	908	0	29
2026.05.11	06:45:00	4687.74	4687.74	4681.26	4681.30	841	0	29
2026.05.11	06:50:00	4681.28	4682.47	4677.28	4677.41	1029	0	29
2026.05.11	06:55:00	4677.42	4679.16	4676.95	4678.61	902	0	29
2026.05.11	07:00:00	4678.61	4679.74	4673.39	4677.52	1197	0	29
2026.05.11	07:05:00	4677.51	4679.01	4675.66	4677.41	954	0	29
2026.05.11	07:10:00	4677.40	4677.93	4674.86	4677.41	1007	0	29
2026.05.11	07:15:00	4677.41	4678.61	4673.89	4674.13	950	0	29
2026.05.11	07:20:00	4674.13	4674.86	4670.31	4673.63	1057	0	29
2026.05.11	07:25:00	4673.63	4675.83	4671.52	4671.72	930	0	29
2026.05.11	07:30:00	4671.68	4673.55	4668.46	4672.98	1251	0	29
2026.05.11	07:35:00	4672.98	4674.57	4671.28	4671.47	1032	0	29
2026.05.11	07:40:00	4671.52	4673.56	4671.28	4673.00	831	0	29
2026.05.11	07:45:00	4672.99	4675.31	4672.70	4674.98	796	0	29
2026.05.11	07:50:00	4674.98	4675.93	4672.94	4674.95	869	0	29
2026.05.11	07:55:00	4675.27	4675.56	4671.71	4672.02	838	0	29
2026.05.11	08:00:00	4672.01	4675.96	4671.74	4675.68	880	0	29
2026.05.11	08:05:00	4675.69	4675.93	4670.74	4672.51	953	0	29
2026.05.11	08:10:00	4672.44	4673.66	4671.09	4673.36	958	0	29
2026.05.11	08:15:00	4673.36	4674.37	4671.83	4673.67	864	0	29
2026.05.11	08:20:00	4673.66	4675.21	4672.56	4675.10	884	0	29
2026.05.11	08:25:00	4675.09	4675.09	4670.70	4670.70	928	0	29
2026.05.11	08:30:00	4670.65	4679.06	4670.65	4678.64	1571	0	29
2026.05.11	08:35:00	4678.63	4680.69	4672.85	4673.92	1339	0	29
2026.05.11	08:40:00	4673.93	4674.38	4662.08	4663.62	1451	0	29
2026.05.11	08:45:00	4663.62	4664.00	4658.79	4660.89	1603	0	29
2026.05.11	08:50:00	4660.83	4661.68	4652.79	4654.43	1653	0	29
2026.05.11	08:55:00	4654.43	4654.98	4648.09	4652.27	1697	0	29
2026.05.11	09:00:00	4652.26	4659.75	4649.24	4659.64	1623	0	29
2026.05.11	09:05:00	4659.58	4664.79	4657.34	4662.71	1502	0	29
2026.05.11	09:10:00	4662.69	4666.96	4662.44	4665.32	1481	0	29
2026.05.11	09:15:00	4665.35	4670.58	4665.12	4670.47	1368	0	29
2026.05.11	09:20:00	4670.49	4670.72	4664.82	4667.24	1502	0	29
2026.05.11	09:25:00	4667.24	4668.76	4664.69	4667.39	1468	0	29
2026.05.11	09:30:00	4667.35	4672.15	4667.34	4669.78	1419	0	29
2026.05.11	09:35:00	4669.78	4674.33	4668.77	4672.73	1184	0	29
2026.05.11	09:40:00	4672.76	4675.63	4670.22	4674.29	1320	0	29
2026.05.11	09:45:00	4674.32	4676.93	4672.96	4673.80	1264	0	29
2026.05.11	09:50:00	4673.78	4680.38	4671.25	4678.96	1330	0	29
2026.05.11	09:55:00	4678.95	4680.05	4676.06	4678.36	1297	0	29
2026.05.11	10:00:00	4678.41	4680.27	4677.62	4678.93	1390	0	29
2026.05.11	10:05:00	4678.94	4678.94	4674.37	4674.54	1226	0	29
2026.05.11	10:10:00	4674.68	4676.65	4674.68	4676.02	1227	0	29
2026.05.11	10:15:00	4676.02	4676.83	4672.09	4673.07	1212	0	29
2026.05.11	10:20:00	4673.12	4677.02	4672.77	4676.12	1113	0	29
2026.05.11	10:25:00	4676.12	4678.03	4674.86	4675.79	1188	0	29
2026.05.11	10:30:00	4675.75	4677.97	4672.44	4674.27	1041	0	29
2026.05.11	10:35:00	4674.27	4676.50	4672.95	4674.77	1073	0	29
2026.05.11	10:40:00	4674.75	4676.39	4671.70	4671.97	1100	0	29
2026.05.11	10:45:00	4671.97	4672.89	4666.54	4667.55	970	0	29
2026.05.11	10:50:00	4667.55	4670.68	4664.31	4669.09	1105	0	29
2026.05.11	10:55:00	4669.08	4669.48	4665.71	4667.73	1038	0	29
2026.05.11	11:00:00	4667.68	4668.99	4664.49	4668.54	1155	0	29
2026.05.11	11:05:00	4668.56	4671.07	4664.47	4664.77	1227	0	29
2026.05.11	11:10:00	4664.76	4673.60	4664.18	4671.96	1413	0	29
2026.05.11	11:15:00	4671.96	4675.57	4671.96	4675.30	1161	0	29
2026.05.11	11:20:00	4675.30	4678.75	4672.56	4676.57	1180	0	29
2026.05.11	11:25:00	4676.55	4677.21	4671.69	4671.69	1242	0	29
2026.05.11	11:30:00	4671.12	4675.21	4669.88	4671.74	1184	0	29
2026.05.11	11:35:00	4671.79	4673.21	4669.69	4670.10	1059	0	29
2026.05.11	11:40:00	4670.10	4671.18	4669.17	4670.31	1050	0	29
2026.05.11	11:45:00	4670.35	4671.37	4669.43	4670.92	834	0	29
2026.05.11	11:50:00	4670.91	4671.09	4666.74	4668.77	1042	0	29
2026.05.11	11:55:00	4668.77	4668.91	4666.78	4667.47	963	0	29
2026.05.11	12:00:00	4667.55	4669.70	4665.21	4669.38	1173	0	29
2026.05.11	12:05:00	4669.38	4669.95	4666.69	4667.62	757	0	29
2026.05.11	12:10:00	4667.62	4668.44	4665.99	4667.48	896	0	29
2026.05.11	12:15:00	4667.49	4667.51	4664.51	4664.87	1076	0	29
2026.05.11	12:20:00	4664.85	4665.68	4659.02	4659.12	930	0	29
2026.05.11	12:25:00	4658.86	4661.37	4656.84	4657.47	1100	0	29
2026.05.11	12:30:00	4657.46	4658.67	4650.55	4654.71	1382	0	29
2026.05.11	12:35:00	4654.66	4659.98	4654.58	4659.19	1140	0	29
2026.05.11	12:40:00	4659.20	4663.63	4657.19	4662.86	1071	0	29
2026.05.11	12:45:00	4662.86	4664.87	4661.01	4661.86	993	0	29
2026.05.11	12:50:00	4661.83	4663.18	4658.81	4661.61	967	0	29
2026.05.11	12:55:00	4661.58	4662.04	4656.15	4656.71	1124	0	29
2026.05.11	13:00:00	4656.71	4661.21	4656.36	4657.58	1037	0	29
2026.05.11	13:05:00	4657.57	4661.28	4656.60	4660.94	996	0	29
2026.05.11	13:10:00	4660.94	4662.84	4660.41	4662.46	924	0	29
2026.05.11	13:15:00	4662.46	4662.92	4660.39	4662.54	861	0	29
2026.05.11	13:20:00	4662.54	4665.32	4660.93	4665.32	865	0	29
2026.05.11	13:25:00	4665.31	4665.88	4663.05	4663.32	847	0	29
2026.05.11	13:30:00	4663.32	4666.60	4662.42	4665.80	955	0	29
2026.05.11	13:35:00	4665.79	4666.51	4660.23	4662.98	1028	0	29
2026.05.11	13:40:00	4662.99	4663.41	4661.18	4663.36	1043	0	29
2026.05.11	13:45:00	4663.42	4665.05	4661.32	4664.45	1096	0	29
2026.05.11	13:50:00	4664.30	4667.43	4664.08	4665.05	1060	0	29
2026.05.11	13:55:00	4665.04	4665.86	4663.73	4663.85	1043	0	29
2026.05.11	14:00:00	4663.93	4672.41	4663.93	4671.12	1270	0	29
2026.05.11	14:05:00	4671.12	4671.18	4667.22	4669.08	1179	0	29
2026.05.11	14:10:00	4669.12	4669.95	4666.76	4669.35	1088	0	29
2026.05.11	14:15:00	4669.36	4670.07	4667.89	4669.63	904	0	29
2026.05.11	14:20:00	4669.64	4670.33	4667.54	4669.07	930	0	29
2026.05.11	14:25:00	4669.05	4672.02	4667.59	4671.85	939	0	29
2026.05.11	14:30:00	4671.86	4673.24	4670.19	4671.61	1239	0	29
2026.05.11	14:35:00	4671.62	4675.92	4670.37	4675.24	1275	0	29
2026.05.11	14:40:00	4675.23	4677.25	4674.29	4674.38	1239	0	29
2026.05.11	14:45:00	4674.41	4674.91	4673.03	4674.10	932	0	29
2026.05.11	14:50:00	4674.10	4674.28	4670.29	4672.88	1081	0	29
2026.05.11	14:55:00	4672.95	4674.54	4670.38	4674.44	1120	0	29
2026.05.11	15:00:00	4674.48	4675.87	4670.55	4671.12	1321	0	29
2026.05.11	15:05:00	4671.12	4671.58	4669.05	4669.20	1218	0	29
2026.05.11	15:10:00	4669.22	4669.41	4667.42	4668.40	1125	0	29
2026.05.11	15:15:00	4668.39	4674.21	4667.53	4672.79	1238	0	29
2026.05.11	15:20:00	4672.81	4695.36	4671.91	4692.45	1894	0	29
2026.05.11	15:25:00	4692.47	4692.47	4685.68	4690.58	1765	0	29
2026.05.11	15:30:00	4690.59	4696.36	4689.10	4693.33	1761	0	29
2026.05.11	15:35:00	4693.37	4698.30	4693.28	4696.06	1623	0	29
2026.05.11	15:40:00	4696.09	4697.04	4691.37	4692.13	1482	0	29
2026.05.11	15:45:00	4692.09	4695.72	4686.24	4689.08	1618	0	29
2026.05.11	15:50:00	4689.10	4694.02	4689.10	4692.95	1390	0	29
2026.05.11	15:55:00	4692.97	4700.86	4691.47	4699.97	1587	0	29
2026.05.11	16:00:00	4699.98	4709.92	4698.73	4709.91	1858	0	29
2026.05.11	16:05:00	4709.87	4717.28	4708.44	4716.54	1820	0	29
2026.05.11	16:10:00	4716.51	4721.74	4712.46	4720.94	1802	0	29
2026.05.11	16:15:00	4720.99	4730.76	4720.52	4727.41	1833	0	29
2026.05.11	16:20:00	4727.42	4735.55	4726.45	4731.36	1866	0	29
2026.05.11	16:25:00	4731.22	4734.05	4727.47	4728.24	1743	0	29
2026.05.11	16:30:00	4728.48	4736.62	4728.06	4734.67	1964	0	29
2026.05.11	16:35:00	4734.89	4739.96	4733.39	4735.16	1880	0	29
2026.05.11	16:40:00	4735.18	4745.46	4735.08	4743.67	1932	0	29
2026.05.11	16:45:00	4743.72	4748.49	4736.33	4737.61	1874	0	29
2026.05.11	16:50:00	4737.79	4742.24	4734.70	4739.95	1806	0	29
2026.05.11	16:55:00	4739.98	4744.65	4736.09	4736.09	1698	0	29
2026.05.11	17:00:00	4736.13	4738.44	4728.07	4730.67	1870	0	29
2026.05.11	17:05:00	4730.66	4731.36	4718.48	4724.23	1832	0	29
2026.05.11	17:10:00	4724.22	4732.31	4721.47	4730.88	1721	0	29
2026.05.11	17:15:00	4730.90	4732.29	4725.48	4730.93	1693	0	29
2026.05.11	17:20:00	4730.92	4733.80	4730.05	4733.58	1493	0	29
2026.05.11	17:25:00	4733.56	4733.72	4724.49	4725.02	1769	0	29
2026.05.11	17:30:00	4725.05	4727.75	4715.13	4721.38	1937	0	29
2026.05.11	17:35:00	4721.38	4728.58	4718.03	4726.84	1782	0	29
2026.05.11	17:40:00	4726.86	4733.57	4726.86	4732.42	1592	0	29
2026.05.11	17:45:00	4732.42	4733.94	4727.48	4729.77	1633	0	29
2026.05.11	17:50:00	4729.76	4730.31	4727.29	4727.96	1626	0	29
2026.05.11	17:55:00	4727.92	4728.99	4723.78	4725.55	1491	0	29
2026.05.11	18:00:00	4725.55	4728.30	4722.84	4725.96	1566	0	29
2026.05.11	18:05:00	4725.95	4730.21	4725.03	4728.56	1462	0	29
2026.05.11	18:10:00	4728.61	4731.69	4727.27	4728.44	1493	0	29
2026.05.11	18:15:00	4728.45	4734.62	4727.26	4731.78	1416	0	29
2026.05.11	18:20:00	4731.78	4738.21	4730.60	4736.79	1415	0	29
2026.05.11	18:25:00	4736.76	4737.32	4731.94	4732.83	1467	0	29
2026.05.11	18:30:00	4732.88	4734.79	4731.91	4732.17	1435	0	29
2026.05.11	18:35:00	4732.16	4732.33	4729.77	4730.32	1285	0	29
2026.05.11	18:40:00	4730.33	4731.42	4726.75	4727.27	1399	0	29
2026.05.11	18:45:00	4727.32	4729.99	4725.10	4729.35	1587	0	29
2026.05.11	18:50:00	4729.35	4732.15	4727.96	4731.71	1286	0	29
2026.05.11	18:55:00	4731.82	4732.61	4730.68	4732.13	1149	0	29
2026.05.11	19:00:00	4732.13	4733.44	4730.73	4731.87	1215	0	29
2026.05.11	19:05:00	4731.86	4732.92	4729.32	4729.33	1171	0	29
2026.05.11	19:10:00	4729.33	4729.90	4726.99	4727.78	1140	0	29
2026.05.11	19:15:00	4727.80	4728.01	4724.16	4726.90	1198	0	29
2026.05.11	19:20:00	4726.90	4727.06	4723.49	4724.47	1238	0	29
2026.05.11	19:25:00	4724.47	4725.85	4722.38	4723.89	1238	0	29
2026.05.11	19:30:00	4723.86	4725.97	4721.61	4722.14	1150	0	29
2026.05.11	19:35:00	4722.13	4722.13	4717.53	4720.53	1319	0	29
2026.05.11	19:40:00	4720.48	4721.19	4708.09	4711.34	1740	0	29
2026.05.11	19:45:00	4711.34	4715.96	4708.99	4714.85	1580	0	29
2026.05.11	19:50:00	4714.91	4716.68	4714.08	4715.31	1435	0	29
2026.05.11	19:55:00	4715.27	4716.90	4713.29	4716.44	1371	0	29
2026.05.11	20:00:00	4716.40	4719.37	4716.40	4718.17	1323	0	29
2026.05.11	20:05:00	4718.11	4719.95	4717.64	4718.04	1292	0	29
2026.05.11	20:10:00	4718.03	4719.00	4715.86	4718.32	1417	0	29
2026.05.11	20:15:00	4718.31	4719.17	4717.37	4717.53	1276	0	29
2026.05.11	20:20:00	4717.54	4720.88	4717.10	4719.54	1331	0	29
2026.05.11	20:25:00	4719.53	4721.68	4717.30	4718.09	1312	0	29
2026.05.11	20:30:00	4718.08	4723.93	4717.74	4722.87	1175	0	29
2026.05.11	20:35:00	4722.86	4723.31	4721.63	4721.74	1076	0	29
2026.05.11	20:40:00	4721.74	4724.40	4721.32	4723.85	1010	0	29
2026.05.11	20:45:00	4723.84	4724.56	4722.14	4722.54	1062	0	29
2026.05.11	20:50:00	4722.58	4723.75	4721.80	4722.04	966	0	29
2026.05.11	20:55:00	4722.09	4723.73	4721.99	4723.63	943	0	29
2026.05.11	21:00:00	4723.63	4724.92	4722.50	4724.41	993	0	29
2026.05.11	21:05:00	4724.40	4726.83	4723.96	4725.73	949	0	29
2026.05.11	21:10:00	4725.74	4726.29	4722.00	4723.42	1278	0	29
2026.05.11	21:15:00	4723.42	4724.35	4721.96	4723.37	1070	0	29
2026.05.11	21:20:00	4723.36	4724.55	4720.94	4723.64	1198	0	29
2026.05.11	21:25:00	4723.64	4727.47	4723.47	4727.14	1084	0	29
2026.05.11	21:30:00	4727.04	4727.71	4726.54	4726.73	800	0	29
2026.05.11	21:35:00	4726.74	4729.31	4726.68	4726.71	1002	0	29
2026.05.11	21:40:00	4726.74	4727.64	4725.65	4726.84	1005	0	29
2026.05.11	21:45:00	4726.86	4727.00	4725.28	4726.45	941	0	29
2026.05.11	21:50:00	4726.46	4727.72	4725.79	4726.55	856	0	29
2026.05.11	21:55:00	4726.55	4729.00	4724.81	4724.92	1231	0	29
2026.05.11	22:00:00	4725.00	4727.18	4724.00	4724.15	1243	0	29
2026.05.11	22:05:00	4724.15	4728.42	4724.12	4727.01	1073	0	29
2026.05.11	22:10:00	4727.23	4728.06	4723.67	4724.83	1110	0	29
2026.05.11	22:15:00	4724.83	4725.54	4723.93	4724.80	1038	0	29
2026.05.11	22:20:00	4724.79	4725.34	4723.57	4723.74	987	0	29
2026.05.11	22:25:00	4723.61	4724.37	4723.24	4724.21	937	0	29
2026.05.11	22:30:00	4724.19	4725.39	4722.36	4724.44	1103	0	29
2026.05.11	22:35:00	4724.45	4727.64	4724.44	4727.64	948	0	29
2026.05.11	22:40:00	4727.65	4728.56	4726.91	4726.91	953	0	29
2026.05.11	22:45:00	4726.92	4731.47	4726.92	4731.35	1019	0	29
2026.05.11	22:50:00	4731.33	4734.25	4730.26	4734.00	1144	0	29
2026.05.11	22:55:00	4734.00	4736.10	4732.98	4733.55	1375	0	29
2026.05.11	23:00:00	4733.56	4737.83	4733.56	4737.02	818	0	29
2026.05.11	23:05:00	4737.01	4737.08	4733.50	4734.59	628	0	29
2026.05.11	23:10:00	4734.58	4736.86	4729.94	4735.00	945	0	29
2026.05.11	23:15:00	4735.00	4735.19	4733.97	4734.74	612	0	29
2026.05.11	23:20:00	4734.65	4734.74	4733.49	4734.55	540	0	29
2026.05.11	23:25:00	4734.54	4735.39	4733.69	4735.31	473	0	29
2026.05.11	23:30:00	4735.29	4738.47	4734.86	4737.85	509	0	34
2026.05.11	23:35:00	4737.83	4738.28	4737.26	4737.93	443	0	34
2026.05.11	23:40:00	4737.97	4737.97	4737.25	4737.52	313	0	34
2026.05.11	23:45:00	4737.51	4737.64	4736.50	4736.66	514	0	34
2026.05.11	23:50:00	4736.66	4736.66	4732.45	4734.69	740	0	34
2026.05.11	23:55:00	4734.79	4735.51	4734.18	4735.07	359	0	34
2026.05.12	01:00:00	4737.20	4743.19	4735.77	4740.72	1118	0	34
2026.05.12	01:05:00	4740.80	4743.64	4739.30	4741.27	881	0	34
2026.05.12	01:10:00	4741.26	4741.45	4738.36	4738.98	668	0	34
2026.05.12	01:15:00	4738.98	4739.63	4737.70	4738.68	587	0	34
2026.05.12	01:20:00	4738.66	4740.03	4737.45	4739.60	549	0	34
2026.05.12	01:25:00	4739.58	4741.87	4739.19	4739.74	575	0	34
2026.05.12	01:30:00	4739.76	4742.33	4738.96	4741.44	641	0	29
2026.05.12	01:35:00	4741.45	4742.67	4740.79	4741.62	549	0	29
2026.05.12	01:40:00	4741.59	4745.06	4741.38	4744.66	683	0	29
2026.05.12	01:45:00	4744.58	4755.04	4744.23	4751.83	1217	0	29
2026.05.12	01:50:00	4751.83	4753.89	4750.66	4753.03	968	0	29
2026.05.12	01:55:00	4753.03	4753.05	4749.75	4750.85	657	0	29
2026.05.12	02:00:00	4750.82	4754.09	4750.78	4751.02	1048	0	29
2026.05.12	02:05:00	4751.02	4754.44	4750.93	4752.96	756	0	29
2026.05.12	02:10:00	4752.91	4753.34	4746.08	4751.13	1005	0	29
2026.05.12	02:15:00	4751.12	4754.11	4750.96	4752.08	770	0	29
2026.05.12	02:20:00	4752.08	4754.05	4751.02	4752.07	722	0	29
2026.05.12	02:25:00	4752.05	4754.56	4750.81	4752.85	738	0	29
2026.05.12	02:30:00	4752.89	4757.83	4751.59	4755.59	955	0	29
2026.05.12	02:35:00	4755.60	4759.32	4753.64	4755.08	1162	0	29
2026.05.12	02:40:00	4755.06	4757.12	4754.44	4755.93	839	0	29
2026.05.12	02:45:00	4755.93	4760.65	4755.40	4760.09	948	0	29
2026.05.12	02:50:00	4760.09	4769.47	4759.45	4765.96	1293	0	29
2026.05.12	02:55:00	4765.96	4769.08	4765.74	4767.39	1115	0	29
2026.05.12	03:00:00	4767.38	4767.38	4758.58	4764.76	1630	0	29
2026.05.12	03:05:00	4764.78	4768.95	4760.31	4768.21	1314	0	29
2026.05.12	03:10:00	4768.34	4769.48	4765.51	4766.88	1403	0	29
2026.05.12	03:15:00	4766.99	4773.45	4766.50	4770.96	1388	0	29
2026.05.12	03:20:00	4770.93	4772.96	4753.36	4759.79	1582	0	29
2026.05.12	03:25:00	4759.73	4765.95	4759.24	4762.25	1375	0	29
2026.05.12	03:30:00	4762.24	4763.78	4758.37	4758.43	1317	0	29
2026.05.12	03:35:00	4758.52	4762.67	4757.87	4759.14	1111	0	29
2026.05.12	03:40:00	4759.42	4760.92	4757.57	4757.92	1088	0	29
2026.05.12	03:45:00	4757.92	4761.89	4757.92	4759.50	1201	0	29
2026.05.12	03:50:00	4759.47	4760.39	4752.11	4752.82	1205	0	29
2026.05.12	03:55:00	4752.83	4755.79	4748.71	4749.26	1570	0	29
2026.05.12	04:00:00	4749.25	4755.49	4742.20	4743.69	1984	0	29
2026.05.12	04:05:00	4743.71	4752.76	4743.46	4752.28	1782	0	29
2026.05.12	04:10:00	4752.30	4752.93	4744.51	4746.25	1614	0	29
2026.05.12	04:15:00	4746.21	4751.58	4743.29	4748.75	1708	0	29
2026.05.12	04:20:00	4748.82	4750.08	4743.52	4744.51	1491	0	29
2026.05.12	04:25:00	4744.53	4745.75	4733.80	4735.12	1688	0	29
2026.05.12	04:30:00	4735.11	4738.82	4731.17	4732.25	1575	0	29
2026.05.12	04:35:00	4732.24	4733.17	4723.29	4724.65	1800	0	29
2026.05.12	04:40:00	4724.65	4729.52	4720.32	4729.36	1852	0	29
2026.05.12	04:45:00	4729.38	4731.43	4726.16	4730.02	1709	0	29
2026.05.12	04:50:00	4730.02	4730.47	4727.18	4727.83	1631	0	29
2026.05.12	04:55:00	4727.84	4729.68	4723.91	4727.10	1656	0	29
2026.05.12	05:00:00	4727.16	4730.72	4726.55	4728.89	1643	0	29
2026.05.12	05:05:00	4728.77	4730.27	4725.37	4730.10	1509	0	29
2026.05.12	05:10:00	4730.11	4733.88	4728.92	4731.45	1427	0	29
2026.05.12	05:15:00	4731.45	4731.54	4725.91	4726.32	1213	0	29
2026.05.12	05:20:00	4726.33	4729.72	4725.29	4729.64	1101	0	29
2026.05.12	05:25:00	4729.64	4730.32	4724.44	4727.04	1156	0	29
2026.05.12	05:30:00	4727.03	4729.41	4722.21	4726.42	1629	0	29
2026.05.12	05:35:00	4726.43	4729.03	4724.81	4726.71	1430	0	29
2026.05.12	05:40:00	4726.71	4731.89	4724.73	4731.73	1458	0	29
2026.05.12	05:45:00	4731.74	4733.25	4727.07	4728.38	1487	0	29
2026.05.12	05:50:00	4728.39	4733.36	4728.34	4732.30	1386	0	29
2026.05.12	05:55:00	4732.30	4733.16	4730.00	4730.00	1333	0	29
2026.05.12	06:00:00	4729.98	4733.21	4728.02	4729.56	1377	0	29
2026.05.12	06:05:00	4729.52	4730.89	4727.14	4727.58	1173	0	29
2026.05.12	06:10:00	4727.58	4731.91	4727.11	4731.12	1246	0	29
2026.05.12	06:15:00	4731.11	4731.23	4725.45	4725.97	1146	0	29
2026.05.12	06:20:00	4725.95	4727.19	4723.70	4723.70	1365	0	29
2026.05.12	06:25:00	4723.72	4725.63	4722.84	4723.85	1231	0	29
2026.05.12	06:30:00	4723.87	4726.16	4723.84	4725.66	975	0	29
2026.05.12	06:35:00	4725.62	4727.92	4725.09	4726.43	1006	0	29
2026.05.12	06:40:00	4726.43	4727.20	4723.75	4723.88	763	0	29
2026.05.12	06:45:00	4723.88	4724.40	4719.04	4720.48	1004	0	29
2026.05.12	06:50:00	4720.48	4722.58	4719.08	4719.53	882	0	29
2026.05.12	06:55:00	4719.56	4720.39	4718.10	4720.17	883	0	29
2026.05.12	07:00:00	4720.18	4722.28	4719.72	4722.23	996	0	29
2026.05.12	07:05:00	4722.26	4723.31	4720.99	4722.32	883	0	29
2026.05.12	07:10:00	4722.34	4722.57	4720.93	4721.89	790	0	29
2026.05.12	07:15:00	4721.89	4730.33	4721.76	4726.71	1338	0	29
2026.05.12	07:20:00	4726.71	4729.40	4724.45	4725.11	1004	0	29
2026.05.12	07:25:00	4725.15	4725.47	4721.60	4722.48	795	0	29
2026.05.12	07:30:00	4722.48	4724.29	4721.34	4723.17	775	0	29
2026.05.12	07:35:00	4723.17	4726.36	4723.10	4725.52	868	0	29
2026.05.12	07:40:00	4725.29	4725.81	4723.77	4724.65	765	0	29
2026.05.12	07:45:00	4724.64	4725.02	4718.39	4719.83	966	0	29
2026.05.12	07:50:00	4719.83	4720.53	4712.78	4713.48	1273	0	29
2026.05.12	07:55:00	4713.48	4716.89	4711.09	4714.15	1252	0	29
2026.05.12	08:00:00	4714.19	4718.52	4710.93	4718.40	1291	0	29
2026.05.12	08:05:00	4718.45	4718.63	4709.59	4711.05	1318	0	29
2026.05.12	08:10:00	4711.09	4712.60	4708.72	4712.30	1251	0	29
2026.05.12	08:15:00	4712.34	4715.91	4712.34	4713.43	1229	0	29
2026.05.12	08:20:00	4713.45	4716.88	4713.45	4714.24	1145	0	29
2026.05.12	08:25:00	4714.23	4715.71	4713.15	4715.28	942	0	29
2026.05.12	08:30:00	4715.26	4722.07	4713.10	4714.97	1562	0	29
2026.05.12	08:35:00	4714.99	4716.79	4713.19	4716.25	1563	0	29
2026.05.12	08:40:00	4716.28	4716.71	4713.99	4715.36	1457	0	29
2026.05.12	08:45:00	4715.07	4716.43	4713.18	4713.78	1407	0	29
2026.05.12	08:50:00	4713.79	4716.04	4712.16	4713.80	1487	0	29
2026.05.12	08:55:00	4713.80	4719.83	4710.09	4714.29	1505	0	29
2026.05.12	09:00:00	4714.26	4714.28	4704.10	4706.70	1764	0	29
2026.05.12	09:05:00	4706.70	4709.37	4702.81	4704.53	1645	0	29
2026.05.12	09:10:00	4704.63	4706.34	4703.05	4705.14	1500	0	29
2026.05.12	09:15:00	4705.07	4706.93	4700.31	4704.66	1492	0	29
2026.05.12	09:20:00	4704.69	4705.25	4697.46	4698.56	1488	0	29
2026.05.12	09:25:00	4698.56	4699.32	4695.21	4696.00	1458	0	29
2026.05.12	09:30:00	4696.01	4703.62	4695.34	4702.83	1519	0	29
2026.05.12	09:35:00	4702.75	4704.74	4699.11	4700.89	1390	0	29
2026.05.12	09:40:00	4700.88	4702.66	4697.32	4702.37	1393	0	29
2026.05.12	09:45:00	4702.43	4704.31	4696.03	4697.04	1439	0	29
2026.05.12	09:50:00	4697.26	4699.77	4695.47	4699.03	1630	0	29
2026.05.12	09:55:00	4698.98	4699.54	4694.52	4696.96	1643	0	29
2026.05.12	10:00:00	4697.12	4698.23	4689.74	4691.22	1668	0	29
2026.05.12	10:05:00	4691.18	4695.10	4687.33	4694.69	1485	0	29
2026.05.12	10:10:00	4694.53	4697.83	4692.19	4695.89	1391	0	29
2026.05.12	10:15:00	4695.84	4699.55	4693.88	4699.17	1337	0	29
2026.05.12	10:20:00	4699.20	4699.40	4696.64	4697.04	1245	0	29
2026.05.12	10:25:00	4697.03	4698.84	4696.25	4697.81	1074	0	29
2026.05.12	10:30:00	4697.81	4699.68	4695.54	4699.68	1132	0	29
2026.05.12	10:35:00	4699.70	4700.52	4696.84	4700.23	1029	0	29
2026.05.12	10:40:00	4700.18	4702.37	4699.07	4700.31	1120	0	29
2026.05.12	10:45:00	4700.31	4700.46	4697.63	4699.69	1096	0	29
2026.05.12	10:50:00	4699.77	4702.73	4698.12	4701.47	1180	0	29
2026.05.12	10:55:00	4701.44	4703.77	4698.92	4699.81	1145	0	29
2026.05.12	11:00:00	4699.81	4706.72	4699.81	4704.73	1311	0	29
2026.05.12	11:05:00	4704.69	4705.79	4701.74	4703.21	1100	0	29
2026.05.12	11:10:00	4703.23	4703.64	4699.15	4699.22	1126	0	29
2026.05.12	11:15:00	4699.94	4700.49	4697.21	4699.22	1184	0	29
2026.05.12	11:20:00	4699.25	4704.08	4699.15	4701.78	979	0	29
2026.05.12	11:25:00	4701.77	4704.03	4701.45	4702.94	959	0	29
2026.05.12	11:30:00	4702.81	4704.40	4701.06	4701.20	1108	0	29
2026.05.12	11:35:00	4701.21	4701.57	4698.01	4700.38	1124	0	29
2026.05.12	11:40:00	4700.39	4700.96	4698.41	4699.96	1088	0	29
2026.05.12	11:45:00	4699.84	4706.59	4698.91	4703.53	1349	0	29
2026.05.12	11:50:00	4703.54	4705.50	4702.75	4703.44	1072	0	29
2026.05.12	11:55:00	4703.44	4704.41	4702.37	4703.36	880	0	29
2026.05.12	12:00:00	4703.27	4703.27	4699.64	4701.45	1112	0	29
2026.05.12	12:05:00	4701.44	4701.61	4698.78	4699.36	1150	0	29
2026.05.12	12:10:00	4699.32	4701.50	4697.88	4697.92	1144	0	29
2026.05.12	12:15:00	4697.92	4700.62	4697.90	4698.73	1089	0	29
2026.05.12	12:20:00	4698.73	4702.21	4697.84	4701.52	1002	0	29
2026.05.12	12:25:00	4701.51	4702.31	4697.48	4699.61	1082	0	29
2026.05.12	12:30:00	4699.57	4705.17	4699.57	4702.17	1431	0	29
2026.05.12	12:35:00	4702.17	4702.61	4698.38	4701.89	1140	0	29
2026.05.12	12:40:00	4701.89	4702.47	4694.36	4695.22	1240	0	29
2026.05.12	12:45:00	4695.26	4701.02	4694.23	4700.55	1231	0	29
2026.05.12	12:50:00	4700.76	4701.56	4696.13	4697.06	1007	0	29
2026.05.12	12:55:00	4697.17	4699.99	4696.44	4699.43	1059	0	29
2026.05.12	13:00:00	4699.43	4704.07	4698.78	4703.49	1040	0	29
2026.05.12	13:05:00	4703.49	4708.11	4702.58	4707.73	1127	0	29
2026.05.12	13:10:00	4707.72	4708.42	4704.36	4704.97	1066	0	29
2026.05.12	13:15:00	4704.96	4705.29	4698.90	4700.95	1105	0	29
2026.05.12	13:20:00	4700.95	4703.30	4699.67	4701.24	1066	0	29
2026.05.12	13:25:00	4701.24	4702.92	4699.32	4700.12	989	0	29
2026.05.12	13:30:00	4700.13	4700.25	4692.25	4695.35	1414	0	29
2026.05.12	13:35:00	4695.36	4695.74	4685.55	4686.51	1328	0	29
2026.05.12	13:40:00	4686.31	4692.28	4685.16	4690.66	1409	0	29
2026.05.12	13:45:00	4691.08	4692.18	4689.78	4691.30	1290	0	29
2026.05.12	13:50:00	4691.28	4694.00	4690.37	4692.80	1146	0	29
2026.05.12	13:55:00	4692.78	4694.32	4691.23	4694.32	1191	0	29
2026.05.12	14:00:00	4694.31	4695.10	4689.68	4691.09	1456	0	29
2026.05.12	14:05:00	4691.08	4692.93	4687.19	4691.98	1474	0	29
2026.05.12	14:10:00	4691.99	4698.07	4689.57	4691.63	1528	0	29
2026.05.12	14:15:00	4691.63	4697.96	4691.57	4697.86	1269	0	29
2026.05.12	14:20:00	4697.84	4697.84	4693.05	4693.82	1164	0	29
2026.05.12	14:25:00	4693.82	4700.18	4692.82	4700.06	1171	0	29
2026.05.12	14:30:00	4700.05	4702.04	4697.78	4698.64	1234	0	29
2026.05.12	14:35:00	4698.64	4704.67	4698.49	4704.38	1210	0	29
2026.05.12	14:40:00	4704.36	4706.02	4702.67	4704.23	1248	0	29
2026.05.12	14:45:00	4704.23	4707.07	4702.42	4705.52	1226	0	29
2026.05.12	14:50:00	4705.52	4707.89	4704.28	4707.34	1287	0	29
2026.05.12	14:55:00	4707.30	4709.12	4706.26	4706.58	1275	0	29
2026.05.12	15:00:00	4706.67	4708.14	4703.57	4704.42	1339	0	29
2026.05.12	15:05:00	4704.42	4704.65	4698.34	4700.60	1535	0	29
2026.05.12	15:10:00	4700.59	4706.23	4699.88	4705.71	1318	0	29
2026.05.12	15:15:00	4705.67	4708.15	4702.46	4704.70	1459	0	29
2026.05.12	15:20:00	4704.72	4708.27	4696.94	4696.94	1501	0	29
2026.05.12	15:25:00	4696.68	4698.68	4695.08	4697.14	1235	0	29
2026.05.12	15:30:00	4697.12	4700.05	4689.66	4692.68	1884	0	29
2026.05.12	15:35:00	4692.84	4702.61	4690.78	4701.66	1766	0	29
2026.05.12	15:40:00	4701.61	4708.51	4701.02	4702.75	1753	0	29
2026.05.12	15:45:00	4702.73	4710.85	4702.57	4707.19	1660	0	29
2026.05.12	15:50:00	4706.95	4711.53	4706.71	4709.28	1625	0	29
2026.05.12	15:55:00	4709.36	4710.25	4700.40	4705.69	1545	0	29
2026.05.12	16:00:00	4705.67	4708.81	4695.16	4696.22	1858	0	29
2026.05.12	16:05:00	4696.21	4697.35	4692.63	4695.42	1727	0	29
2026.05.12	16:10:00	4695.47	4695.79	4687.39	4688.91	1659	0	29
2026.05.12	16:15:00	4688.96	4689.09	4679.51	4685.66	1918	0	29
2026.05.12	16:20:00	4685.78	4695.31	4685.47	4690.91	1670	0	29
2026.05.12	16:25:00	4690.91	4694.79	4689.22	4690.82	1624	0	29
2026.05.12	16:30:00	4690.65	4692.95	4684.85	4688.49	1981	0	29
2026.05.12	16:35:00	4688.57	4698.12	4683.56	4698.06	1952	0	29
2026.05.12	16:40:00	4698.06	4701.66	4695.78	4699.16	1920	0	29
2026.05.12	16:45:00	4699.16	4701.40	4690.00	4692.53	1992	0	29
2026.05.12	16:50:00	4692.56	4693.83	4688.02	4691.34	1948	0	29
2026.05.12	16:55:00	4691.35	4691.35	4676.94	4679.16	1998	0	29
2026.05.12	17:00:00	4679.18	4692.60	4676.08	4690.52	1982	0	29
2026.05.12	17:05:00	4690.48	4692.97	4687.60	4691.45	1918	0	29
2026.05.12	17:10:00	4691.46	4695.06	4686.69	4692.79	1807	0	29
2026.05.12	17:15:00	4692.82	4694.11	4686.02	4688.54	1801	0	29
2026.05.12	17:20:00	4688.46	4690.98	4686.78	4687.46	1799	0	29
2026.05.12	17:25:00	4687.40	4688.77	4682.38	4683.16	1824	0	29
2026.05.12	17:30:00	4683.21	4685.25	4671.57	4684.57	1976	0	29
2026.05.12	17:35:00	4684.54	4687.90	4679.03	4687.01	1888	0	29
2026.05.12	17:40:00	4686.99	4687.11	4683.95	4685.79	1782	0	29
2026.05.12	17:45:00	4685.72	4685.72	4678.21	4678.49	1787	0	29
2026.05.12	17:50:00	4678.48	4678.89	4671.03	4676.90	1938	0	29
2026.05.12	17:55:00	4676.72	4677.92	4669.74	4672.84	1910	0	29
2026.05.12	18:00:00	4672.87	4676.10	4667.11	4669.26	1872	0	29
2026.05.12	18:05:00	4669.49	4674.31	4667.39	4672.80	1884	0	29
2026.05.12	18:10:00	4672.81	4672.81	4664.31	4664.47	1799	0	29
2026.05.12	18:15:00	4664.44	4666.11	4659.13	4662.25	1914	0	29
2026.05.12	18:20:00	4662.25	4662.49	4638.64	4642.88	2077	0	29
2026.05.12	18:25:00	4642.95	4656.67	4638.39	4655.94	2009	0	29
2026.05.12	18:30:00	4656.04	4664.13	4653.92	4662.91	1966	0	29
2026.05.12	18:35:00	4662.89	4667.97	4659.44	4667.08	1759	0	29
2026.05.12	18:40:00	4667.07	4667.78	4663.55	4665.57	1673	0	29
2026.05.12	18:45:00	4665.57	4669.20	4664.41	4666.10	1695	0	29
2026.05.12	18:50:00	4666.07	4668.79	4664.53	4667.98	1642	0	29
2026.05.12	18:55:00	4667.81	4670.09	4665.34	4666.00	1609	0	29
2026.05.12	19:00:00	4666.00	4671.54	4664.11	4670.83	1699	0	29
2026.05.12	19:05:00	4670.89	4671.46	4668.41	4668.96	1582	0	29
2026.05.12	19:10:00	4668.96	4673.08	4668.37	4671.83	1416	0	29
2026.05.12	19:15:00	4671.84	4675.00	4670.83	4671.70	1441	0	29
2026.05.12	19:20:00	4671.69	4672.94	4666.80	4667.46	1480	0	29
2026.05.12	19:25:00	4667.43	4669.60	4666.26	4668.22	1398	0	29
2026.05.12	19:30:00	4668.18	4668.80	4664.99	4668.39	1503	0	29
2026.05.12	19:35:00	4668.41	4670.55	4667.45	4670.37	1505	0	29
2026.05.12	19:40:00	4670.35	4671.57	4668.28	4669.75	1444	0	29
2026.05.12	19:45:00	4669.77	4670.32	4666.76	4669.85	1449	0	29
2026.05.12	19:50:00	4669.81	4672.15	4668.38	4670.18	1435	0	29
2026.05.12	19:55:00	4670.16	4674.27	4669.57	4671.12	1472	0	29
2026.05.12	20:00:00	4671.11	4677.56	4671.11	4676.17	1393	0	29
2026.05.12	20:05:00	4676.18	4679.58	4675.81	4678.30	1428	0	29
2026.05.12	20:10:00	4678.30	4678.97	4674.94	4677.17	1425	0	29
2026.05.12	20:15:00	4677.17	4680.90	4677.02	4680.07	1473	0	29
2026.05.12	20:20:00	4680.06	4681.13	4679.35	4680.41	1491	0	29
2026.05.12	20:25:00	4680.39	4682.35	4678.72	4679.30	1374	0	29
2026.05.12	20:30:00	4679.13	4680.13	4676.73	4678.70	1311	0	29
2026.05.12	20:35:00	4678.70	4678.96	4676.03	4678.88	1342	0	29
2026.05.12	20:40:00	4678.80	4680.62	4677.29	4679.66	1230	0	29
2026.05.12	20:45:00	4679.66	4679.94	4677.99	4678.47	1157	0	29
2026.05.12	20:50:00	4678.50	4679.95	4677.73	4679.53	1227	0	29
2026.05.12	20:55:00	4679.52	4680.47	4678.00	4678.81	1107	0	29
2026.05.12	21:00:00	4678.79	4683.54	4677.98	4678.70	1364	0	29
2026.05.12	21:05:00	4678.74	4680.24	4676.22	4680.09	1550	0	29
2026.05.12	21:10:00	4680.08	4681.67	4678.05	4681.27	1331	0	29
2026.05.12	21:15:00	4681.28	4682.59	4679.87	4682.29	1367	0	29
2026.05.12	21:20:00	4682.30	4684.54	4682.07	4682.46	1305	0	29
2026.05.12	21:25:00	4682.46	4687.61	4682.46	4685.22	1453	0	29
2026.05.12	21:30:00	4685.21	4690.39	4684.76	4690.16	1371	0	29
2026.05.12	21:35:00	4690.17	4693.10	4689.29	4691.23	1292	0	29
2026.05.12	21:40:00	4691.13	4697.46	4690.89	4695.18	1582	0	29
2026.05.12	21:45:00	4695.18	4695.66	4690.63	4691.36	1604	0	29
2026.05.12	21:50:00	4691.35	4698.09	4691.35	4696.87	1340	0	29
2026.05.12	21:55:00	4696.87	4697.63	4695.34	4695.91	1395	0	29
2026.05.12	22:00:00	4695.91	4699.31	4695.91	4697.05	1333	0	29
2026.05.12	22:05:00	4697.07	4699.97	4696.27	4698.74	1248	0	29
2026.05.12	22:10:00	4698.74	4702.50	4698.18	4699.94	1381	0	29
2026.05.12	22:15:00	4699.94	4702.51	4699.04	4702.06	1428	0	29
2026.05.12	22:20:00	4702.06	4703.76	4700.06	4702.93	1228	0	29
2026.05.12	22:25:00	4702.94	4704.47	4702.67	4703.45	1076	0	29
2026.05.12	22:30:00	4703.46	4709.25	4703.46	4708.85	1319	0	29
2026.05.12	22:35:00	4708.83	4710.38	4708.23	4708.24	1256	0	29
2026.05.12	22:40:00	4708.27	4709.88	4707.19	4709.35	1244	0	29
2026.05.12	22:45:00	4709.34	4710.74	4709.09	4709.70	1067	0	29
2026.05.12	22:50:00	4709.76	4713.69	4709.46	4712.55	1459	0	29
2026.05.12	22:55:00	4712.56	4715.62	4712.23	4715.61	1598	0	29
2026.05.12	23:00:00	4715.26	4719.26	4713.12	4713.60	1155	0	29
2026.05.12	23:05:00	4713.63	4714.94	4712.16	4713.93	914	0	29
2026.05.12	23:10:00	4713.91	4714.72	4712.41	4713.40	793	0	29
2026.05.12	23:15:00	4713.45	4716.19	4713.35	4713.72	669	0	29
2026.05.12	23:20:00	4713.72	4713.96	4712.47	4713.90	800	0	29
2026.05.12	23:25:00	4713.90	4714.27	4712.73	4713.18	624	0	29
2026.05.12	23:30:00	4713.17	4714.85	4712.98	4713.76	592	0	34
2026.05.12	23:35:00	4713.76	4715.12	4712.75	4714.13	585	0	34
2026.05.12	23:40:00	4714.14	4715.45	4712.17	4714.70	600	0	34
2026.05.12	23:45:00	4714.75	4715.59	4713.10	4715.21	681	0	34
2026.05.12	23:50:00	4715.28	4715.73	4713.21	4713.44	676	0	34
2026.05.12	23:55:00	4713.61	4714.99	4713.23	4714.99	395	0	34
2026.05.13	01:00:00	4715.89	4721.27	4714.81	4720.14	977	0	34
2026.05.13	01:05:00	4720.18	4720.27	4712.76	4713.92	848	0	34
2026.05.13	01:10:00	4713.77	4715.35	4712.47	4714.71	831	0	34
2026.05.13	01:15:00	4714.71	4716.90	4713.70	4716.90	836	0	34
2026.05.13	01:20:00	4716.90	4719.28	4715.47	4716.20	846	0	34
2026.05.13	01:25:00	4716.18	4717.55	4714.85	4717.08	564	0	34
2026.05.13	01:30:00	4717.11	4720.50	4716.25	4718.70	692	0	29
2026.05.13	01:35:00	4718.70	4719.77	4716.39	4718.12	682	0	29
2026.05.13	01:40:00	4718.15	4718.78	4715.51	4716.37	665	0	29
2026.05.13	01:45:00	4716.39	4718.17	4716.37	4717.07	540	0	29
2026.05.13	01:50:00	4717.11	4722.41	4716.88	4721.11	940	0	29
2026.05.13	01:55:00	4721.11	4721.20	4716.87	4716.95	736	0	29
2026.05.13	02:00:00	4716.94	4720.94	4715.91	4720.37	1021	0	29
2026.05.13	02:05:00	4720.36	4723.22	4717.90	4720.14	1043	0	29
2026.05.13	02:10:00	4720.09	4721.73	4717.22	4717.66	1001	0	29
2026.05.13	02:15:00	4717.66	4720.29	4717.39	4717.40	834	0	29
2026.05.13	02:20:00	4717.38	4722.67	4717.38	4722.63	922	0	29
2026.05.13	02:25:00	4722.63	4723.85	4719.32	4720.21	1030	0	29
2026.05.13	02:30:00	4720.23	4721.54	4718.76	4719.00	1045	0	29
2026.05.13	02:35:00	4719.00	4721.66	4716.21	4720.45	1045	0	29
2026.05.13	02:40:00	4720.46	4721.30	4717.65	4721.15	841	0	29
2026.05.13	02:45:00	4721.16	4723.45	4715.29	4715.98	1384	0	29
2026.05.13	02:50:00	4716.03	4719.77	4715.55	4717.58	1172	0	29
2026.05.13	02:55:00	4717.58	4718.54	4715.68	4716.91	986	0	29
2026.05.13	03:00:00	4717.04	4725.26	4714.93	4724.69	1496	0	29
2026.05.13	03:05:00	4724.75	4726.77	4720.68	4721.17	1569	0	29
2026.05.13	03:10:00	4721.22	4724.10	4720.16	4720.31	1418	0	29
2026.05.13	03:15:00	4720.31	4725.44	4720.10	4724.47	1471	0	29
2026.05.13	03:20:00	4724.48	4726.22	4723.33	4724.77	1450	0	29
2026.05.13	03:25:00	4724.77	4725.11	4720.62	4722.53	1152	0	29
2026.05.13	03:30:00	4722.42	4723.88	4719.47	4720.36	1274	0	29
2026.05.13	03:35:00	4720.37	4722.37	4717.02	4722.24	1276	0	29
2026.05.13	03:40:00	4722.33	4725.20	4719.97	4720.39	1264	0	29
2026.05.13	03:45:00	4720.36	4720.39	4716.59	4716.89	1235	0	29
2026.05.13	03:50:00	4716.90	4720.14	4715.15	4716.79	1193	0	29
2026.05.13	03:55:00	4716.83	4718.31	4714.21	4714.51	1336	0	29
2026.05.13	04:00:00	4714.80	4717.00	4707.77	4711.70	1930	0	29
2026.05.13	04:05:00	4711.69	4713.34	4707.41	4713.25	1633	0	29
2026.05.13	04:10:00	4713.22	4716.22	4709.38	4709.55	1558	0	29
2026.05.13	04:15:00	4709.52	4710.68	4704.85	4706.50	1615	0	29
2026.05.13	04:20:00	4706.49	4709.93	4704.98	4707.54	1497	0	29
2026.05.13	04:25:00	4707.55	4707.91	4702.90	4704.46	1395	0	29
2026.05.13	04:30:00	4704.45	4705.51	4702.70	4704.87	1555	0	29
2026.05.13	04:35:00	4704.88	4706.81	4701.77	4705.82	1575	0	29
2026.05.13	04:40:00	4705.87	4710.44	4704.38	4708.86	1370	0	29
2026.05.13	04:45:00	4708.91	4710.66	4706.70	4709.83	1366	0	29
2026.05.13	04:50:00	4709.83	4710.08	4705.97	4706.23	1260	0	29
2026.05.13	04:55:00	4706.26	4706.59	4701.10	4702.47	1366	0	29
2026.05.13	05:00:00	4702.48	4707.58	4701.76	4706.38	1357	0	29
2026.05.13	05:05:00	4706.32	4706.93	4699.05	4699.54	1415	0	29
2026.05.13	05:10:00	4699.58	4703.63	4699.39	4701.48	1236	0	29
2026.05.13	05:15:00	4701.46	4703.50	4698.95	4702.88	991	0	29
2026.05.13	05:20:00	4702.89	4704.02	4701.18	4703.11	904	0	29
2026.05.13	05:25:00	4703.19	4703.90	4698.28	4700.32	1058	0	29
2026.05.13	05:30:00	4700.37	4700.38	4695.75	4696.18	1490	0	29
2026.05.13	05:35:00	4696.18	4698.50	4694.83	4694.92	1362	0	29
2026.05.13	05:40:00	4694.86	4697.70	4694.02	4694.43	1412	0	29
2026.05.13	05:45:00	4694.42	4696.52	4692.87	4696.52	1464	0	29
2026.05.13	05:50:00	4696.52	4697.05	4688.96	4689.02	1512	0	29
2026.05.13	05:55:00	4689.10	4693.50	4687.58	4691.89	1469	0	29
2026.05.13	06:00:00	4691.85	4693.65	4688.85	4692.79	1431	0	29
2026.05.13	06:05:00	4692.81	4693.43	4688.99	4689.47	1187	0	29
2026.05.13	06:10:00	4689.49	4694.40	4689.07	4692.28	1207	0	29
2026.05.13	06:15:00	4692.29	4694.34	4691.12	4693.98	1067	0	29
2026.05.13	06:20:00	4693.99	4696.04	4693.97	4695.13	1061	0	29
2026.05.13	06:25:00	4695.12	4700.69	4695.05	4700.60	1018	0	29
2026.05.13	06:30:00	4700.64	4704.21	4700.19	4703.58	1099	0	29
2026.05.13	06:35:00	4703.57	4705.85	4703.01	4704.18	939	0	29
2026.05.13	06:40:00	4704.17	4705.30	4703.31	4703.90	691	0	29
2026.05.13	06:45:00	4703.89	4704.79	4702.21	4702.54	964	0	29
2026.05.13	06:50:00	4702.40	4702.57	4696.84	4697.28	958	0	29
2026.05.13	06:55:00	4697.28	4697.70	4694.27	4695.96	952	0	29
2026.05.13	07:00:00	4695.96	4698.13	4695.44	4697.47	907	0	29
2026.05.13	07:05:00	4697.45	4698.87	4695.65	4696.58	931	0	29
2026.05.13	07:10:00	4696.58	4698.46	4695.83	4698.29	842	0	29
2026.05.13	07:15:00	4698.30	4702.51	4697.98	4702.14	780	0	29
2026.05.13	07:20:00	4702.14	4703.34	4700.98	4701.35	798	0	29
2026.05.13	07:25:00	4701.36	4701.67	4700.10	4701.30	694	0	29
2026.05.13	07:30:00	4701.30	4703.27	4700.17	4700.29	719	0	29
2026.05.13	07:35:00	4700.30	4702.33	4697.82	4701.75	915	0	29
2026.05.13	07:40:00	4700.90	4700.90	4697.30	4698.63	732	0	29
2026.05.13	07:45:00	4698.56	4701.30	4698.30	4701.30	669	0	29
2026.05.13	07:50:00	4701.30	4701.54	4699.17	4701.48	887	0	29
2026.05.13	07:55:00	4701.48	4701.75	4698.40	4699.55	948	0	29
2026.05.13	08:00:00	4699.56	4706.47	4698.45	4706.43	1117	0	29
2026.05.13	08:05:00	4706.53	4706.87	4703.54	4704.39	979	0	29
2026.05.13	08:10:00	4704.36	4707.32	4703.99	4705.36	979	0	29
2026.05.13	08:15:00	4705.36	4705.62	4700.80	4701.20	1019	0	29
2026.05.13	08:20:00	4701.22	4703.68	4698.74	4699.38	1021	0	29
2026.05.13	08:25:00	4699.40	4700.02	4697.90	4698.00	1009	0	29
2026.05.13	08:30:00	4697.90	4702.57	4693.67	4700.45	1625	0	29
2026.05.13	08:35:00	4700.50	4702.23	4699.28	4701.08	1401	0	29
2026.05.13	08:40:00	4701.07	4702.32	4696.36	4696.74	1465	0	29
2026.05.13	08:45:00	4696.74	4699.87	4696.74	4698.39	1279	0	29
2026.05.13	08:50:00	4698.34	4701.21	4696.31	4699.32	1289	0	29
2026.05.13	08:55:00	4699.34	4705.31	4699.34	4703.95	1319	0	29
2026.05.13	09:00:00	4703.94	4710.05	4703.32	4709.64	1415	0	29
2026.05.13	09:05:00	4709.49	4712.70	4707.48	4710.50	1378	0	29
2026.05.13	09:10:00	4710.51	4711.88	4708.83	4710.69	1297	0	29
2026.05.13	09:15:00	4710.69	4715.37	4710.68	4712.89	1270	0	29
2026.05.13	09:20:00	4712.89	4712.98	4707.63	4708.56	1353	0	29
2026.05.13	09:25:00	4708.53	4710.18	4706.88	4708.67	1246	0	29
2026.05.13	09:30:00	4708.73	4711.23	4707.74	4710.02	1287	0	29
2026.05.13	09:35:00	4710.02	4712.88	4709.26	4711.77	1249	0	29
2026.05.13	09:40:00	4711.78	4713.66	4710.72	4711.39	1266	0	29
2026.05.13	09:45:00	4711.39	4712.21	4707.34	4708.58	1186	0	29
2026.05.13	09:50:00	4708.57	4708.74	4702.59	4702.59	1358	0	29
2026.05.13	09:55:00	4702.57	4703.84	4699.02	4701.73	1363	0	29
2026.05.13	10:00:00	4701.48	4705.42	4700.02	4700.49	1447	0	29
2026.05.13	10:05:00	4701.04	4702.41	4696.70	4698.57	1350	0	29
2026.05.13	10:10:00	4698.56	4703.58	4697.52	4702.23	1246	0	29
2026.05.13	10:15:00	4702.21	4707.14	4702.18	4705.93	1207	0	29
2026.05.13	10:20:00	4705.97	4708.39	4704.33	4705.21	1098	0	29
2026.05.13	10:25:00	4705.21	4708.72	4705.15	4707.53	1076	0	29
2026.05.13	10:30:00	4707.53	4707.80	4704.69	4706.25	1008	0	29
2026.05.13	10:35:00	4706.20	4707.67	4703.04	4703.41	1000	0	29
2026.05.13	10:40:00	4703.47	4705.20	4703.25	4703.61	990	0	29
2026.05.13	10:45:00	4703.61	4704.61	4701.29	4703.52	1015	0	29
2026.05.13	10:50:00	4703.52	4704.22	4701.42	4702.62	1229	0	29
2026.05.13	10:55:00	4702.61	4704.09	4701.88	4702.79	1044	0	29
2026.05.13	11:00:00	4702.80	4704.23	4700.78	4701.13	1227	0	29
2026.05.13	11:05:00	4701.12	4701.82	4698.50	4700.40	1233	0	29
2026.05.13	11:10:00	4700.43	4701.80	4699.15	4700.14	1151	0	29
2026.05.13	11:15:00	4700.14	4701.06	4698.22	4699.00	1164	0	29
2026.05.13	11:20:00	4699.05	4700.73	4698.72	4698.98	1014	0	29
2026.05.13	11:25:00	4698.99	4699.54	4694.72	4697.03	1170	0	29
2026.05.13	11:30:00	4697.08	4698.10	4694.45	4698.01	995	0	29
2026.05.13	11:35:00	4698.02	4699.80	4697.17	4698.27	953	0	29
2026.05.13	11:40:00	4698.26	4698.95	4695.13	4695.94	1004	0	29
2026.05.13	11:45:00	4695.97	4698.57	4694.75	4697.81	1146	0	29
2026.05.13	11:50:00	4697.85	4700.66	4697.16	4700.60	1026	0	29
2026.05.13	11:55:00	4700.60	4702.75	4699.29	4700.57	1042	0	29
2026.05.13	12:00:00	4700.57	4701.77	4698.15	4700.54	1177	0	29
2026.05.13	12:05:00	4700.50	4700.58	4697.82	4698.35	1081	0	29
2026.05.13	12:10:00	4698.33	4699.22	4693.57	4694.49	1108	0	29
2026.05.13	12:15:00	4694.46	4695.18	4690.19	4690.69	1134	0	29
2026.05.13	12:20:00	4690.63	4692.17	4685.95	4686.73	1205	0	29
2026.05.13	12:25:00	4686.73	4692.10	4686.42	4688.83	1247	0	29
2026.05.13	12:30:00	4688.83	4691.74	4686.04	4688.39	1415	0	29
2026.05.13	12:35:00	4688.25	4692.78	4688.16	4690.88	1170	0	29
2026.05.13	12:40:00	4690.89	4694.40	4690.22	4694.06	985	0	29
2026.05.13	12:45:00	4694.06	4696.89	4693.08	4696.81	914	0	29
2026.05.13	12:50:00	4696.82	4698.15	4696.42	4698.05	1007	0	29
2026.05.13	12:55:00	4698.12	4700.97	4697.93	4700.86	1000	0	29
2026.05.13	13:00:00	4700.86	4701.50	4698.70	4698.96	1033	0	29
2026.05.13	13:05:00	4698.95	4710.40	4698.82	4708.72	1176	0	29
2026.05.13	13:10:00	4708.71	4709.07	4701.65	4702.29	1537	0	29
2026.05.13	13:15:00	4702.26	4703.18	4700.20	4700.58	1173	0	29
2026.05.13	13:20:00	4700.57	4705.83	4700.34	4703.30	1150	0	29
2026.05.13	13:25:00	4703.30	4703.43	4698.75	4699.61	1106	0	29
2026.05.13	13:30:00	4699.58	4699.84	4695.36	4696.18	1147	0	29
2026.05.13	13:35:00	4696.20	4697.45	4695.24	4695.92	985	0	29
2026.05.13	13:40:00	4695.92	4697.26	4694.02	4695.65	1085	0	29
2026.05.13	13:45:00	4695.64	4696.47	4693.94	4695.35	1079	0	29
2026.05.13	13:50:00	4695.36	4696.63	4694.16	4694.95	975	0	29
2026.05.13	13:55:00	4695.06	4696.61	4693.66	4694.10	1099	0	29
2026.05.13	14:00:00	4694.08	4695.49	4691.55	4693.13	1304	0	29
2026.05.13	14:05:00	4693.13	4695.06	4691.53	4694.28	1190	0	29
2026.05.13	14:10:00	4694.27	4699.17	4694.27	4699.05	1107	0	29
2026.05.13	14:15:00	4699.05	4700.49	4695.86	4697.96	1354	0	29
2026.05.13	14:20:00	4697.95	4700.53	4697.23	4698.53	1165	0	29
2026.05.13	14:25:00	4698.48	4699.52	4697.11	4698.43	990	0	29
2026.05.13	14:30:00	4698.45	4703.08	4698.15	4702.26	1312	0	29
2026.05.13	14:35:00	4702.23	4705.25	4702.23	4704.85	1313	0	29
2026.05.13	14:40:00	4704.85	4704.89	4701.00	4703.36	1205	0	29
2026.05.13	14:45:00	4703.35	4705.35	4702.32	4702.32	1181	0	29
2026.05.13	14:50:00	4702.31	4702.31	4699.99	4701.08	1113	0	29
2026.05.13	14:55:00	4701.08	4701.08	4697.35	4697.36	1150	0	29
2026.05.13	15:00:00	4697.29	4700.05	4694.86	4699.50	1421	0	29
2026.05.13	15:05:00	4699.51	4701.57	4697.80	4699.14	1191	0	29
2026.05.13	15:10:00	4699.12	4699.17	4693.61	4694.00	1278	0	29
2026.05.13	15:15:00	4693.92	4694.17	4689.29	4691.74	1446	0	29
2026.05.13	15:20:00	4691.23	4693.27	4684.87	4687.63	1675	0	29
2026.05.13	15:25:00	4687.65	4688.80	4683.23	4684.69	1470	0	29
2026.05.13	15:30:00	4684.79	4687.47	4676.20	4682.39	1994	0	29
2026.05.13	15:35:00	4682.39	4685.82	4677.26	4678.79	1901	0	29
2026.05.13	15:40:00	4678.96	4683.77	4677.65	4682.88	1703	0	29
2026.05.13	15:45:00	4682.87	4683.96	4677.56	4680.34	1679	0	29
2026.05.13	15:50:00	4680.16	4685.42	4680.06	4681.57	1552	0	29
2026.05.13	15:55:00	4681.37	4685.36	4678.64	4683.80	1600	0	29
2026.05.13	16:00:00	4683.58	4690.47	4683.58	4687.85	1725	0	29
2026.05.13	16:05:00	4687.85	4689.43	4685.44	4686.42	1601	0	29
2026.05.13	16:10:00	4686.43	4691.08	4685.32	4689.88	1485	0	29
2026.05.13	16:15:00	4689.87	4692.07	4686.46	4692.02	1498	0	29
2026.05.13	16:20:00	4691.94	4694.59	4690.28	4693.95	1439	0	29
2026.05.13	16:25:00	4694.02	4694.29	4688.17	4688.63	1570	0	29
2026.05.13	16:30:00	4688.49	4690.76	4682.37	4683.89	1941	0	29
2026.05.13	16:35:00	4683.89	4684.06	4673.12	4674.22	1956	0	29
2026.05.13	16:40:00	4674.24	4683.50	4673.46	4678.68	1980	0	29
2026.05.13	16:45:00	4678.68	4678.96	4669.43	4672.64	1957	0	29
2026.05.13	16:50:00	4672.82	4682.74	4670.08	4682.74	1948	0	29
2026.05.13	16:55:00	4682.87	4683.24	4677.52	4679.27	1884	0	29
2026.05.13	17:00:00	4679.34	4680.43	4672.87	4676.69	1958	0	29
2026.05.13	17:05:00	4676.69	4680.78	4674.00	4677.71	1958	0	29
2026.05.13	17:10:00	4677.24	4683.19	4677.03	4681.27	1830	0	29
2026.05.13	17:15:00	4681.22	4682.26	4673.55	4673.99	1789	0	29
2026.05.13	17:20:00	4674.05	4682.11	4673.50	4681.75	1745	0	29
2026.05.13	17:25:00	4681.76	4685.40	4681.16	4684.23	1645	0	29
2026.05.13	17:30:00	4684.23	4690.38	4683.13	4689.96	1751	0	29
2026.05.13	17:35:00	4689.98	4690.90	4684.91	4686.37	1746	0	29
2026.05.13	17:40:00	4686.38	4688.53	4683.57	4683.76	1686	0	29
2026.05.13	17:45:00	4683.75	4684.94	4677.23	4681.54	1864	0	29
2026.05.13	17:50:00	4681.56	4682.34	4678.18	4681.05	1696	0	29
2026.05.13	17:55:00	4681.05	4683.28	4678.83	4679.73	1713	0	29
2026.05.13	18:00:00	4679.72	4686.09	4678.92	4684.24	1640	0	29
2026.05.13	18:05:00	4684.26	4688.83	4681.94	4688.38	1599	0	29
2026.05.13	18:10:00	4688.37	4690.77	4686.10	4687.49	1623	0	29
2026.05.13	18:15:00	4687.50	4687.87	4685.40	4687.12	1515	0	29
2026.05.13	18:20:00	4687.13	4690.01	4685.29	4688.02	1508	0	29
2026.05.13	18:25:00	4688.01	4691.71	4687.52	4691.17	1553	0	29
2026.05.13	18:30:00	4691.11	4695.76	4686.94	4695.31	1602	0	29
2026.05.13	18:35:00	4695.38	4699.10	4694.48	4698.85	1624	0	29
2026.05.13	18:40:00	4698.85	4699.80	4697.04	4699.27	1571	0	29
2026.05.13	18:45:00	4699.34	4699.55	4696.41	4698.42	1481	0	29
2026.05.13	18:50:00	4698.47	4698.57	4694.69	4695.71	1467	0	29
2026.05.13	18:55:00	4695.71	4698.03	4694.55	4695.45	1433	0	29
2026.05.13	19:00:00	4695.43	4699.40	4695.09	4697.70	1548	0	29
2026.05.13	19:05:00	4697.70	4701.74	4696.52	4700.91	1405	0	29
2026.05.13	19:10:00	4700.83	4702.85	4699.19	4702.07	1340	0	29
2026.05.13	19:15:00	4702.11	4703.67	4698.65	4699.57	1370	0	29
2026.05.13	19:20:00	4699.56	4709.58	4698.71	4705.84	1437	0	29
2026.05.13	19:25:00	4705.90	4709.85	4703.81	4706.87	1677	0	29
2026.05.13	19:30:00	4706.93	4707.66	4702.33	4704.02	1614	0	29
2026.05.13	19:35:00	4704.04	4704.24	4701.69	4702.88	1256	0	29
2026.05.13	19:40:00	4702.87	4703.07	4699.71	4699.98	1450	0	29
2026.05.13	19:45:00	4699.93	4701.46	4698.56	4699.58	1359	0	29
2026.05.13	19:50:00	4699.54	4699.63	4695.33	4696.31	1381	0	29
2026.05.13	19:55:00	4696.30	4697.66	4694.98	4695.63	1216	0	29
2026.05.13	20:00:00	4695.79	4699.32	4695.68	4696.74	1280	0	29
2026.05.13	20:05:00	4696.77	4699.81	4696.35	4699.50	1247	0	29
2026.05.13	20:10:00	4699.49	4700.97	4698.49	4699.71	1099	0	29
2026.05.13	20:15:00	4699.64	4699.79	4696.88	4699.75	1158	0	29
2026.05.13	20:20:00	4699.75	4701.22	4697.13	4697.57	1100	0	29
2026.05.13	20:25:00	4697.57	4700.05	4696.65	4698.36	1445	0	29
2026.05.13	20:30:00	4698.40	4698.43	4690.27	4690.37	1416	0	29
2026.05.13	20:35:00	4690.42	4692.77	4690.12	4691.03	1451	0	29
2026.05.13	20:40:00	4691.03	4693.53	4690.79	4691.13	1334	0	29
2026.05.13	20:45:00	4691.14	4694.39	4690.38	4691.24	1279	0	29
2026.05.13	20:50:00	4691.24	4692.33	4688.36	4688.83	1226	0	29
2026.05.13	20:55:00	4688.81	4689.70	4684.50	4685.54	1364	0	29
2026.05.13	21:00:00	4685.56	4689.39	4684.36	4687.82	1412	0	29
2026.05.13	21:05:00	4687.82	4691.39	4687.71	4690.64	1091	0	29
2026.05.13	21:10:00	4690.64	4692.66	4690.44	4692.40	1058	0	29
2026.05.13	21:15:00	4692.41	4693.99	4690.30	4690.74	1212	0	29
2026.05.13	21:20:00	4690.73	4691.03	4688.78	4690.30	1193	0	29
2026.05.13	21:25:00	4690.31	4692.08	4690.11	4691.93	1154	0	29
2026.05.13	21:30:00	4691.92	4692.69	4690.19	4691.20	1012	0	29
2026.05.13	21:35:00	4691.18	4691.24	4687.20	4690.01	1252	0	29
2026.05.13	21:40:00	4690.01	4691.26	4685.76	4686.08	1179	0	29
2026.05.13	21:45:00	4686.08	4687.56	4677.61	4679.35	1517	0	29
2026.05.13	21:50:00	4679.35	4687.38	4679.35	4686.98	1383	0	29
2026.05.13	21:55:00	4687.00	4687.39	4684.36	4684.90	1209	0	29
2026.05.13	22:00:00	4684.90	4685.96	4683.84	4684.21	1145	0	29
2026.05.13	22:05:00	4684.15	4686.61	4683.31	4686.48	918	0	29
2026.05.13	22:10:00	4686.47	4689.08	4685.56	4689.03	962	0	29
2026.05.13	22:15:00	4689.09	4690.47	4687.00	4688.04	1040	0	29
2026.05.13	22:20:00	4688.05	4690.09	4687.42	4687.93	1096	0	29
2026.05.13	22:25:00	4687.98	4688.51	4686.57	4687.14	1158	0	29
2026.05.13	22:30:00	4687.13	4688.56	4684.53	4685.19	1051	0	29
2026.05.13	22:35:00	4685.19	4689.05	4684.67	4688.85	1032	0	29
2026.05.13	22:40:00	4688.83	4688.87	4687.25	4688.45	967	0	29
2026.05.13	22:45:00	4688.44	4689.37	4687.42	4689.21	998	0	29
2026.05.13	22:50:00	4689.19	4689.19	4683.61	4685.65	1545	0	29
2026.05.13	22:55:00	4685.75	4688.94	4685.71	4688.21	1259	0	29
2026.05.13	23:00:00	4688.08	4688.52	4685.96	4686.77	829	0	29
2026.05.13	23:05:00	4686.78	4689.15	4686.78	4689.00	727	0	29
2026.05.13	23:10:00	4689.03	4690.97	4689.03	4690.86	551	0	29
2026.05.13	23:15:00	4690.86	4691.06	4690.23	4690.96	657	0	29
2026.05.13	23:20:00	4690.96	4693.26	4690.69	4692.75	587	0	29
2026.05.13	23:25:00	4692.81	4693.39	4691.19	4691.28	580	0	29
2026.05.13	23:30:00	4691.24	4692.76	4689.17	4689.70	581	0	34
2026.05.13	23:35:00	4689.79	4691.33	4689.40	4691.33	530	0	34
2026.05.13	23:40:00	4691.30	4691.67	4689.81	4690.63	489	0	34
2026.05.13	23:45:00	4690.63	4690.98	4688.57	4688.89	542	0	34
2026.05.13	23:50:00	4688.90	4689.31	4687.83	4688.07	521	0	34
2026.05.13	23:55:00	4688.06	4689.00	4688.00	4688.60	345	0	34
2026.05.14	01:00:00	4691.88	4694.26	4690.40	4693.40	903	0	34
2026.05.14	01:05:00	4693.40	4693.70	4689.69	4689.87	630	0	34
2026.05.14	01:10:00	4689.95	4691.42	4688.90	4691.10	640	0	34
2026.05.14	01:15:00	4691.10	4695.95	4690.90	4694.61	847	0	34
2026.05.14	01:20:00	4694.55	4696.25	4694.18	4695.67	585	0	34
2026.05.14	01:25:00	4695.66	4697.25	4695.56	4696.97	538	0	34
2026.05.14	01:30:00	4696.99	4698.69	4695.59	4697.04	664	0	29
2026.05.14	01:35:00	4697.09	4699.09	4696.54	4698.32	740	0	29
2026.05.14	01:40:00	4698.32	4700.33	4698.14	4699.05	639	0	29
2026.05.14	01:45:00	4699.06	4699.61	4696.66	4697.69	732	0	29
2026.05.14	01:50:00	4697.70	4700.54	4697.49	4700.11	558	0	29
2026.05.14	01:55:00	4700.11	4700.51	4699.32	4700.09	435	0	29
2026.05.14	02:00:00	4700.08	4700.98	4699.17	4699.18	617	0	29
2026.05.14	02:05:00	4699.19	4701.58	4699.13	4700.92	605	0	29
2026.05.14	02:10:00	4700.92	4702.11	4700.82	4701.17	553	0	29
2026.05.14	02:15:00	4701.19	4701.28	4700.36	4700.89	493	0	29
2026.05.14	02:20:00	4700.89	4701.08	4699.45	4699.63	518	0	29
2026.05.14	02:25:00	4699.63	4699.67	4696.70	4697.33	737	0	29
2026.05.14	02:30:00	4696.96	4697.47	4694.35	4695.29	737	0	29
2026.05.14	02:35:00	4695.30	4697.02	4695.07	4696.13	567	0	29
2026.05.14	02:40:00	4696.14	4697.47	4694.60	4694.78	727	0	29
2026.05.14	02:45:00	4694.80	4696.21	4693.23	4693.79	928	0	29
2026.05.14	02:50:00	4693.79	4695.74	4693.20	4695.72	514	0	29
2026.05.14	02:55:00	4695.72	4696.82	4694.53	4696.54	745	0	29
2026.05.14	03:00:00	4696.52	4699.39	4689.49	4691.74	1277	0	29
2026.05.14	03:05:00	4691.75	4696.52	4690.87	4696.05	1322	0	29
2026.05.14	03:10:00	4696.07	4697.77	4694.15	4697.64	1021	0	29
2026.05.14	03:15:00	4697.61	4705.32	4697.49	4701.11	1337	0	29
2026.05.14	03:20:00	4701.13	4702.63	4699.64	4701.67	1230	0	29
2026.05.14	03:25:00	4701.67	4702.38	4699.53	4701.06	1245	0	29
2026.05.14	03:30:00	4701.04	4703.31	4697.20	4697.49	1238	0	29
2026.05.14	03:35:00	4697.51	4697.53	4694.34	4695.57	1162	0	29
2026.05.14	03:40:00	4695.56	4700.72	4692.92	4700.07	1119	0	29
2026.05.14	03:45:00	4700.11	4704.75	4700.06	4703.65	1182	0	29
2026.05.14	03:50:00	4703.64	4703.70	4699.39	4700.79	1041	0	29
2026.05.14	03:55:00	4700.75	4706.75	4700.65	4705.05	1088	0	29
2026.05.14	04:00:00	4705.04	4706.94	4694.46	4698.61	1924	0	29
2026.05.14	04:05:00	4698.65	4698.87	4686.52	4688.38	1896	0	29
2026.05.14	04:10:00	4688.86	4692.44	4684.28	4688.90	1856	0	29
2026.05.14	04:15:00	4688.89	4694.57	4687.42	4688.85	1766	0	29
2026.05.14	04:20:00	4688.85	4692.88	4688.32	4692.28	1640	0	29
2026.05.14	04:25:00	4692.37	4695.35	4691.46	4692.72	1450	0	29
2026.05.14	04:30:00	4692.61	4694.64	4689.60	4692.80	1738	0	29
2026.05.14	04:35:00	4692.80	4694.43	4686.99	4689.15	1584	0	29
2026.05.14	04:40:00	4689.15	4690.09	4683.63	4688.72	1683	0	29
2026.05.14	04:45:00	4688.67	4695.03	4687.05	4694.51	1521	0	29
2026.05.14	04:50:00	4694.52	4694.64	4683.55	4685.68	1553	0	29
2026.05.14	04:55:00	4685.70	4689.21	4684.01	4688.68	1774	0	29
2026.05.14	05:00:00	4688.78	4693.99	4687.18	4693.74	1600	0	29
2026.05.14	05:05:00	4693.78	4693.89	4688.88	4690.85	1442	0	29
2026.05.14	05:10:00	4690.81	4690.93	4686.53	4688.28	1426	0	29
2026.05.14	05:15:00	4688.15	4690.95	4687.05	4689.93	1045	0	29
2026.05.14	05:20:00	4689.93	4691.59	4689.75	4690.98	1025	0	29
2026.05.14	05:25:00	4690.94	4694.11	4689.96	4693.60	1104	0	29
2026.05.14	05:30:00	4693.56	4697.95	4690.98	4697.88	1475	0	29
2026.05.14	05:35:00	4697.87	4699.61	4695.04	4695.20	1321	0	29
2026.05.14	05:40:00	4695.20	4696.30	4689.51	4691.84	1448	0	29
2026.05.14	05:45:00	4691.84	4693.32	4680.65	4682.67	1667	0	29
2026.05.14	05:50:00	4682.59	4687.85	4679.99	4687.10	1623	0	29
2026.05.14	05:55:00	4687.03	4688.25	4684.86	4686.32	1461	0	29
2026.05.14	06:00:00	4686.51	4690.14	4685.36	4687.31	1477	0	29
2026.05.14	06:05:00	4687.32	4687.71	4681.95	4684.41	1526	0	29
2026.05.14	06:10:00	4684.36	4685.74	4681.40	4682.89	1530	0	29
2026.05.14	06:15:00	4682.89	4686.46	4682.69	4683.02	1297	0	29
2026.05.14	06:20:00	4682.94	4688.53	4681.56	4688.33	1504	0	29
2026.05.14	06:25:00	4688.33	4693.34	4688.29	4691.35	1365	0	29
2026.05.14	06:30:00	4691.33	4691.35	4683.28	4684.94	1242	0	29
2026.05.14	06:35:00	4684.97	4686.52	4679.23	4680.48	1116	0	29
2026.05.14	06:40:00	4680.48	4681.17	4675.75	4676.31	1265	0	29
2026.05.14	06:45:00	4676.31	4677.91	4674.52	4676.89	1221	0	29
2026.05.14	06:50:00	4676.81	4677.40	4674.39	4675.41	999	0	29
2026.05.14	06:55:00	4675.41	4676.76	4673.92	4674.99	1034	0	29
2026.05.14	07:00:00	4675.00	4675.09	4668.71	4672.71	1301	0	29
2026.05.14	07:05:00	4672.71	4680.13	4672.24	4678.76	1252	0	29
2026.05.14	07:10:00	4678.76	4682.55	4677.08	4682.12	1096	0	29
2026.05.14	07:15:00	4682.13	4683.65	4681.82	4683.42	1020	0	29
2026.05.14	07:20:00	4683.34	4692.40	4683.32	4691.49	978	0	29
2026.05.14	07:25:00	4691.48	4707.38	4691.36	4702.29	1626	0	29
2026.05.14	07:30:00	4702.27	4710.72	4701.35	4709.12	1351	0	29
2026.05.14	07:35:00	4709.15	4712.63	4706.50	4707.57	1295	0	29
2026.05.14	07:40:00	4707.57	4707.93	4703.19	4704.80	950	0	29
2026.05.14	07:45:00	4704.88	4706.79	4703.09	4704.98	1052	0	29
2026.05.14	07:50:00	4704.97	4705.87	4703.55	4705.46	974	0	29
2026.05.14	07:55:00	4705.42	4706.39	4702.40	4702.42	1030	0	29
2026.05.14	08:00:00	4702.49	4703.11	4699.78	4700.63	1229	0	29
2026.05.14	08:05:00	4700.72	4704.20	4700.49	4701.48	1137	0	29
2026.05.14	08:10:00	4701.47	4703.73	4699.85	4700.02	997	0	29
2026.05.14	08:15:00	4700.01	4700.28	4697.38	4697.70	978	0	29
2026.05.14	08:20:00	4697.69	4698.75	4696.92	4697.39	1061	0	29
2026.05.14	08:25:00	4697.30	4697.42	4693.32	4693.62	1103	0	29
2026.05.14	08:30:00	4693.63	4701.48	4693.38	4698.74	1671	0	29
2026.05.14	08:35:00	4698.72	4700.59	4696.69	4699.98	1426	0	29
2026.05.14	08:40:00	4699.98	4700.90	4696.70	4697.35	1365	0	29
2026.05.14	08:45:00	4697.35	4703.28	4697.25	4700.06	1569	0	29
2026.05.14	08:50:00	4700.02	4701.36	4698.10	4698.47	1413	0	29
2026.05.14	08:55:00	4698.45	4698.45	4689.17	4689.67	1421	0	29
2026.05.14	09:00:00	4689.67	4693.25	4687.38	4692.96	1590	0	29
2026.05.14	09:05:00	4692.97	4694.73	4687.37	4690.70	1528	0	29
2026.05.14	09:10:00	4690.67	4691.81	4686.17	4687.83	1383	0	29
2026.05.14	09:15:00	4687.80	4689.20	4686.36	4688.43	1309	0	29
2026.05.14	09:20:00	4688.44	4690.88	4688.02	4690.49	1297	0	29
2026.05.14	09:25:00	4690.57	4692.96	4689.91	4691.27	1308	0	29
2026.05.14	09:30:00	4691.27	4694.83	4690.58	4693.99	1263	0	29
2026.05.14	09:35:00	4693.99	4695.40	4691.35	4694.28	1197	0	29
2026.05.14	09:40:00	4694.28	4699.64	4691.54	4698.99	1250	0	29
2026.05.14	09:45:00	4698.82	4702.36	4694.77	4695.68	1522	0	29
2026.05.14	09:50:00	4695.46	4701.46	4695.37	4699.85	1332	0	29
2026.05.14	09:55:00	4699.77	4701.37	4698.26	4700.19	1391	0	29
2026.05.14	10:00:00	4700.17	4702.24	4697.24	4698.69	1366	0	29
2026.05.14	10:05:00	4698.71	4700.61	4696.08	4699.09	1290	0	29
2026.05.14	10:10:00	4699.05	4700.22	4694.48	4695.25	1318	0	29
2026.05.14	10:15:00	4695.32	4699.39	4694.85	4697.57	1306	0	29
2026.05.14	10:20:00	4697.57	4700.30	4695.16	4699.76	1216	0	29
2026.05.14	10:25:00	4699.78	4706.85	4699.24	4705.48	1273	0	29
2026.05.14	10:30:00	4705.44	4710.55	4702.95	4710.30	1373	0	29
2026.05.14	10:35:00	4710.30	4718.81	4710.22	4712.18	1539	0	29
2026.05.14	10:40:00	4712.12	4714.61	4709.01	4709.15	1299	0	29
2026.05.14	10:45:00	4709.13	4709.58	4703.28	4704.35	1136	0	29
2026.05.14	10:50:00	4704.38	4704.38	4695.18	4700.02	1332	0	29
2026.05.14	10:55:00	4700.07	4700.95	4690.83	4693.08	1568	0	29
2026.05.14	11:00:00	4693.07	4700.94	4692.13	4697.47	1519	0	29
2026.05.14	11:05:00	4697.48	4699.95	4696.27	4697.40	1246	0	29
2026.05.14	11:10:00	4697.38	4700.63	4695.48	4699.02	1247	0	29
2026.05.14	11:15:00	4698.97	4701.75	4698.97	4699.63	1163	0	29
2026.05.14	11:20:00	4699.65	4701.69	4697.83	4701.03	1327	0	29
2026.05.14	11:25:00	4701.03	4704.68	4700.73	4703.02	1316	0	29
2026.05.14	11:30:00	4702.99	4705.70	4701.65	4702.40	1246	0	29
2026.05.14	11:35:00	4702.37	4706.61	4701.68	4701.92	1286	0	29
2026.05.14	11:40:00	4701.88	4702.66	4695.58	4696.84	1314	0	29
2026.05.14	11:45:00	4696.84	4697.43	4694.42	4695.12	1280	0	29
2026.05.14	11:50:00	4695.12	4696.50	4693.44	4694.63	1066	0	29
2026.05.14	11:55:00	4694.57	4696.86	4692.97	4693.23	1086	0	29
2026.05.14	12:00:00	4693.25	4694.04	4690.27	4692.59	1180	0	29
2026.05.14	12:05:00	4692.58	4696.54	4690.90	4696.38	1125	0	29
2026.05.14	12:10:00	4696.39	4698.03	4693.06	4694.44	1161	0	29
2026.05.14	12:15:00	4694.44	4696.62	4693.99	4695.55	1099	0	29
2026.05.14	12:20:00	4695.62	4696.56	4693.24	4693.42	979	0	29
2026.05.14	12:25:00	4693.41	4694.27	4690.66	4690.66	1139	0	29
2026.05.14	12:30:00	4690.64	4694.72	4689.09	4694.72	1163	0	29
2026.05.14	12:35:00	4694.71	4694.72	4688.39	4692.42	1462	0	29
2026.05.14	12:40:00	4692.40	4697.16	4691.98	4695.45	1197	0	29
2026.05.14	12:45:00	4695.60	4700.54	4695.54	4700.30	1219	0	29
2026.05.14	12:50:00	4700.22	4702.52	4698.33	4699.00	1135	0	29
2026.05.14	12:55:00	4699.00	4701.46	4698.38	4699.53	1208	0	29
2026.05.14	13:00:00	4699.54	4700.10	4698.48	4698.97	1046	0	29
2026.05.14	13:05:00	4699.48	4700.71	4698.10	4698.44	1001	0	29
2026.05.14	13:10:00	4698.44	4705.42	4695.93	4697.17	1386	0	29
2026.05.14	13:15:00	4697.18	4698.27	4695.15	4696.68	1285	0	29
2026.05.14	13:20:00	4696.72	4697.59	4693.85	4694.28	1193	0	29
2026.05.14	13:25:00	4694.27	4698.33	4694.12	4697.49	1257	0	29
2026.05.14	13:30:00	4697.50	4697.96	4695.39	4696.78	935	0	29
2026.05.14	13:35:00	4696.79	4697.60	4694.67	4696.03	1038	0	29
2026.05.14	13:40:00	4696.04	4696.05	4692.19	4693.43	1207	0	29
2026.05.14	13:45:00	4693.47	4694.87	4692.00	4692.80	1125	0	29
2026.05.14	13:50:00	4692.80	4697.69	4691.17	4696.64	1181	0	29
2026.05.14	13:55:00	4696.68	4697.44	4695.38	4697.03	1193	0	29
2026.05.14	14:00:00	4697.02	4698.65	4694.81	4695.02	1234	0	29
2026.05.14	14:05:00	4695.00	4698.75	4692.80	4697.18	1151	0	29
2026.05.14	14:10:00	4697.40	4697.79	4696.09	4697.31	1016	0	29
2026.05.14	14:15:00	4697.31	4697.63	4694.66	4695.18	963	0	29
2026.05.14	14:20:00	4695.06	4696.82	4693.26	4693.54	996	0	29
2026.05.14	14:25:00	4693.54	4694.06	4689.27	4691.86	1242	0	29
2026.05.14	14:30:00	4691.89	4694.82	4690.77	4693.82	1199	0	29
2026.05.14	14:35:00	4693.81	4695.94	4692.99	4695.36	1010	0	29
2026.05.14	14:40:00	4695.62	4697.32	4694.98	4695.34	1048	0	29
2026.05.14	14:45:00	4695.35	4700.32	4694.95	4698.13	1148	0	29
2026.05.14	14:50:00	4698.14	4704.48	4697.83	4704.11	1291	0	29
2026.05.14	14:55:00	4704.12	4704.78	4694.31	4694.31	1521	0	29
2026.05.14	15:00:00	4694.01	4697.94	4692.30	4696.25	1514	0	29
2026.05.14	15:05:00	4696.27	4698.75	4693.93	4697.06	1197	0	29
2026.05.14	15:10:00	4697.11	4703.78	4696.78	4703.78	1353	0	29
2026.05.14	15:15:00	4703.76	4703.76	4698.83	4701.53	1163	0	29
2026.05.14	15:20:00	4701.53	4707.50	4701.47	4705.50	1469	0	29
2026.05.14	15:25:00	4705.55	4706.04	4702.50	4703.19	1131	0	29
2026.05.14	15:30:00	4703.00	4708.18	4700.75	4705.69	1541	0	29
2026.05.14	15:35:00	4705.79	4710.00	4703.49	4706.50	1654	0	29
2026.05.14	15:40:00	4706.48	4707.38	4697.87	4698.02	1307	0	29
2026.05.14	15:45:00	4697.90	4703.13	4695.92	4702.74	1435	0	29
2026.05.14	15:50:00	4703.00	4705.05	4701.81	4703.38	1239	0	29
2026.05.14	15:55:00	4703.50	4706.26	4702.83	4704.84	1217	0	29
2026.05.14	16:00:00	4704.85	4707.72	4696.07	4697.46	1843	0	29
2026.05.14	16:05:00	4697.37	4703.23	4696.68	4701.34	1569	0	29
2026.05.14	16:10:00	4701.33	4704.70	4701.04	4704.06	1427	0	29
2026.05.14	16:15:00	4704.16	4704.34	4691.69	4693.43	1654	0	29
2026.05.14	16:20:00	4693.27	4695.19	4690.03	4694.77	1705	0	29
2026.05.14	16:25:00	4694.81	4697.00	4687.99	4688.18	1619	0	29
2026.05.14	16:30:00	4688.18	4689.49	4681.75	4684.25	1984	0	29
2026.05.14	16:35:00	4684.22	4687.26	4680.55	4682.57	1904	0	29
2026.05.14	16:40:00	4682.57	4683.13	4666.80	4676.79	2050	0	29
2026.05.14	16:45:00	4676.77	4690.56	4675.79	4689.45	2015	0	29
2026.05.14	16:50:00	4689.50	4691.06	4680.51	4685.19	1916	0	29
2026.05.14	16:55:00	4685.14	4686.60	4679.10	4679.43	1870	0	29
2026.05.14	17:00:00	4679.41	4689.17	4677.58	4685.78	1969	0	29
2026.05.14	17:05:00	4685.79	4686.79	4680.79	4685.64	1878	0	29
2026.05.14	17:10:00	4685.62	4690.24	4685.23	4687.70	1768	0	29
2026.05.14	17:15:00	4687.70	4695.05	4686.92	4694.60	1715	0	29
2026.05.14	17:20:00	4694.60	4700.86	4693.65	4694.94	1785	0	29
2026.05.14	17:25:00	4694.92	4695.12	4688.41	4691.46	1792	0	29
2026.05.14	17:30:00	4691.47	4692.09	4686.96	4688.20	1597	0	29
2026.05.14	17:35:00	4688.20	4690.60	4686.00	4689.96	1654	0	29
2026.05.14	17:40:00	4689.94	4692.35	4686.18	4686.92	1660	0	29
2026.05.14	17:45:00	4686.96	4689.04	4685.06	4687.19	1678	0	29
2026.05.14	17:50:00	4687.21	4690.41	4682.89	4685.27	1746	0	29
2026.05.14	17:55:00	4685.31	4688.33	4679.19	4679.37	1786	0	29
2026.05.14	18:00:00	4679.49	4682.55	4677.01	4678.24	1755	0	29
2026.05.14	18:05:00	4678.29	4683.62	4678.03	4683.60	1641	0	29
2026.05.14	18:10:00	4683.60	4686.66	4682.13	4684.84	1456	0	29
2026.05.14	18:15:00	4684.83	4688.73	4684.37	4687.47	1497	0	29
2026.05.14	18:20:00	4687.48	4687.66	4684.08	4685.92	1471	0	29
2026.05.14	18:25:00	4685.91	4689.36	4685.48	4685.80	1418	0	29
2026.05.14	18:30:00	4685.77	4688.66	4684.71	4688.65	1420	0	29
2026.05.14	18:35:00	4688.64	4688.94	4685.11	4686.45	1499	0	29
2026.05.14	18:40:00	4686.44	4687.14	4681.00	4682.55	1422	0	29
2026.05.14	18:45:00	4682.54	4683.47	4681.03	4683.35	1296	0	29
2026.05.14	18:50:00	4683.35	4685.12	4681.19	4684.62	1334	0	29
2026.05.14	18:55:00	4684.62	4686.59	4683.43	4685.85	1284	0	29
2026.05.14	19:00:00	4685.71	4686.93	4678.19	4678.96	1555	0	29
2026.05.14	19:05:00	4678.93	4679.37	4674.57	4677.10	1577	0	29
2026.05.14	19:10:00	4677.10	4679.34	4674.11	4678.56	1489	0	29
2026.05.14	19:15:00	4678.56	4681.20	4678.42	4679.95	1300	0	29
2026.05.14	19:20:00	4679.95	4680.55	4676.98	4677.54	1325	0	29
2026.05.14	19:25:00	4677.55	4677.99	4675.32	4677.19	1502	0	29
2026.05.14	19:30:00	4677.21	4678.31	4673.72	4674.30	1465	0	29
2026.05.14	19:35:00	4674.31	4674.97	4670.30	4672.80	1496	0	29
2026.05.14	19:40:00	4672.83	4675.83	4672.61	4675.34	1415	0	29
2026.05.14	19:45:00	4675.20	4676.73	4672.60	4676.30	1372	0	29
2026.05.14	19:50:00	4676.30	4678.56	4675.31	4677.52	1207	0	29
2026.05.14	19:55:00	4677.48	4678.93	4675.25	4678.52	1264	0	29
2026.05.14	20:00:00	4678.65	4681.93	4678.65	4681.02	1394	0	29
2026.05.14	20:05:00	4681.02	4682.48	4679.87	4680.08	1354	0	29
2026.05.14	20:10:00	4680.09	4681.14	4678.45	4678.68	1367	0	29
2026.05.14	20:15:00	4678.69	4680.85	4678.24	4679.98	1392	0	29
2026.05.14	20:20:00	4679.93	4683.00	4679.37	4680.87	1434	0	29
2026.05.14	20:25:00	4680.83	4682.33	4676.79	4677.20	1436	0	29
2026.05.14	20:30:00	4677.58	4679.18	4676.38	4679.00	1412	0	29
2026.05.14	20:35:00	4678.99	4679.82	4678.37	4678.72	1270	0	29
2026.05.14	20:40:00	4678.74	4681.46	4678.74	4681.35	1095	0	29
2026.05.14	20:45:00	4681.36	4681.72	4679.84	4680.85	999	0	29
2026.05.14	20:50:00	4680.85	4681.18	4678.00	4678.03	1076	0	29
2026.05.14	20:55:00	4678.02	4679.36	4677.75	4678.18	1026	0	29
2026.05.14	21:00:00	4678.22	4678.34	4668.74	4670.03	1591	0	29
2026.05.14	21:05:00	4670.05	4674.15	4669.02	4672.11	1419	0	29
2026.05.14	21:10:00	4672.09	4674.63	4671.61	4674.60	1283	0	29
2026.05.14	21:15:00	4674.59	4676.11	4673.91	4675.73	1118	0	29
2026.05.14	21:20:00	4675.77	4676.39	4674.11	4674.76	1037	0	29
2026.05.14	21:25:00	4674.78	4675.75	4672.90	4673.46	1098	0	29
2026.05.14	21:30:00	4673.45	4674.85	4672.56	4673.00	926	0	29
2026.05.14	21:35:00	4673.00	4673.56	4670.25	4670.25	984	0	29
2026.05.14	21:40:00	4670.25	4671.69	4668.33	4668.54	990	0	29
2026.05.14	21:45:00	4668.52	4669.91	4667.05	4669.58	1066	0	29
2026.05.14	21:50:00	4669.59	4670.28	4668.16	4668.16	954	0	29
2026.05.14	21:55:00	4668.16	4671.78	4668.10	4671.57	921	0	29
2026.05.14	22:00:00	4671.60	4671.78	4668.27	4668.82	1009	0	29
2026.05.14	22:05:00	4668.81	4669.13	4666.88	4669.00	915	0	29
2026.05.14	22:10:00	4668.99	4669.20	4666.88	4667.45	976	0	29
2026.05.14	22:15:00	4667.45	4667.98	4666.83	4667.36	891	0	29
2026.05.14	22:20:00	4667.35	4669.10	4667.07	4667.93	976	0	29
2026.05.14	22:25:00	4667.88	4669.02	4663.16	4663.45	928	0	29
2026.05.14	22:30:00	4663.44	4664.94	4661.42	4664.62	1160	0	29
2026.05.14	22:35:00	4664.62	4664.66	4659.13	4659.23	1199	0	29
2026.05.14	22:40:00	4659.23	4660.56	4655.61	4656.49	1462	0	29
2026.05.14	22:45:00	4656.51	4657.59	4653.03	4657.14	1419	0	29
2026.05.14	22:50:00	4657.12	4658.89	4655.96	4658.06	1434	0	29
2026.05.14	22:55:00	4658.01	4658.01	4653.28	4654.12	1467	0	29
2026.05.14	23:00:00	4654.16	4656.89	4649.58	4649.89	1023	0	29
2026.05.14	23:05:00	4649.89	4651.90	4649.17	4651.74	1011	0	29
2026.05.14	23:10:00	4651.74	4652.34	4649.61	4649.71	933	0	29
2026.05.14	23:15:00	4649.75	4650.92	4648.52	4649.09	797	0	29
2026.05.14	23:20:00	4649.10	4650.46	4648.24	4648.64	642	0	29
2026.05.14	23:25:00	4648.64	4648.64	4646.83	4648.09	805	0	29
2026.05.14	23:30:00	4648.07	4648.43	4647.10	4647.64	709	0	34
2026.05.14	23:35:00	4647.63	4648.29	4644.31	4646.11	859	0	34
2026.05.14	23:40:00	4646.12	4652.74	4645.49	4650.72	936	0	34
2026.05.14	23:45:00	4650.73	4652.18	4650.19	4650.32	753	0	34
2026.05.14	23:50:00	4650.32	4651.25	4649.25	4651.22	718	0	34
2026.05.14	23:55:00	4651.20	4652.33	4650.91	4651.11	351	0	34
2026.05.15	01:00:00	4652.79	4654.00	4646.74	4652.81	1119	0	34
2026.05.15	01:05:00	4652.87	4657.41	4651.72	4655.68	1135	0	34
2026.05.15	01:10:00	4655.67	4658.12	4654.16	4655.36	956	0	34
2026.05.15	01:15:00	4655.49	4659.31	4655.33	4659.21	1002	0	34
2026.05.15	01:20:00	4659.21	4659.22	4657.36	4657.86	730	0	34
2026.05.15	01:25:00	4657.89	4659.22	4657.22	4658.77	608	0	34
2026.05.15	01:30:00	4658.83	4662.35	4658.77	4660.58	883	0	29
2026.05.15	01:35:00	4660.60	4661.66	4658.94	4660.81	662	0	29
2026.05.15	01:40:00	4660.81	4662.37	4660.03	4661.74	649	0	29
2026.05.15	01:45:00	4661.73	4662.09	4660.91	4661.19	470	0	29
2026.05.15	01:50:00	4661.19	4662.63	4660.06	4662.46	600	0	29
2026.05.15	01:55:00	4662.48	4662.59	4661.95	4662.40	544	0	29
2026.05.15	02:00:00	4662.39	4663.25	4660.83	4663.03	709	0	29
2026.05.15	02:05:00	4663.07	4663.23	4661.03	4661.04	562	0	29
2026.05.15	02:10:00	4661.01	4662.90	4658.74	4659.10	849	0	29
2026.05.15	02:15:00	4659.12	4660.35	4656.25	4658.75	988	0	29
2026.05.15	02:20:00	4658.81	4659.27	4655.63	4658.02	794	0	29
2026.05.15	02:25:00	4658.02	4664.24	4657.97	4663.89	865	0	29
2026.05.15	02:30:00	4663.98	4665.28	4650.17	4651.19	1218	0	29
2026.05.15	02:35:00	4651.16	4653.28	4646.87	4652.79	1177	0	29
2026.05.15	02:40:00	4652.80	4657.45	4652.18	4657.27	968	0	29
2026.05.15	02:45:00	4657.27	4657.50	4652.47	4654.45	1201	0	29
2026.05.15	02:50:00	4654.45	4655.30	4651.25	4652.17	1013	0	29
2026.05.15	02:55:00	4652.15	4652.15	4648.19	4652.04	1304	0	29
2026.05.15	03:00:00	4652.04	4653.63	4642.73	4649.43	1692	0	29
2026.05.15	03:05:00	4649.43	4652.06	4646.65	4650.70	1456	0	29
2026.05.15	03:10:00	4650.69	4651.01	4644.69	4650.54	1381	0	29
2026.05.15	03:15:00	4650.57	4658.11	4649.23	4654.02	1761	0	29
2026.05.15	03:20:00	4654.01	4654.26	4644.49	4644.71	1412	0	29
2026.05.15	03:25:00	4644.50	4644.79	4629.77	4630.07	1709	0	29
2026.05.15	03:30:00	4629.99	4630.62	4622.48	4624.09	1707	0	29
2026.05.15	03:35:00	4624.15	4624.72	4618.57	4621.60	1537	0	29
2026.05.15	03:40:00	4621.42	4621.98	4613.52	4618.56	1812	0	29
2026.05.15	03:45:00	4619.18	4627.61	4619.07	4627.57	1608	0	29
2026.05.15	03:50:00	4627.57	4627.66	4617.40	4620.00	1734	0	29
2026.05.15	03:55:00	4620.04	4630.45	4617.62	4630.17	1659	0	29
2026.05.15	04:00:00	4630.08	4631.48	4619.04	4622.59	2086	0	29
2026.05.15	04:05:00	4622.52	4624.33	4609.53	4609.83	2038	0	29
2026.05.15	04:10:00	4609.82	4615.34	4607.58	4614.50	1998	0	29
2026.05.15	04:15:00	4614.53	4620.79	4608.82	4619.68	1936	0	29
2026.05.15	04:20:00	4619.66	4625.70	4616.38	4620.70	1931	0	29
2026.05.15	04:25:00	4620.70	4621.51	4608.28	4608.89	1960	0	29
2026.05.15	04:30:00	4608.94	4616.65	4607.65	4616.29	1924	0	29
2026.05.15	04:35:00	4616.28	4621.18	4613.90	4617.36	1865	0	29
2026.05.15	04:40:00	4617.36	4622.93	4617.19	4622.93	1734	0	29
2026.05.15	04:45:00	4622.92	4624.41	4614.18	4616.26	1768	0	29
2026.05.15	04:50:00	4616.34	4617.99	4607.12	4610.16	1876	0	29
2026.05.15	04:55:00	4610.17	4616.37	4610.16	4613.77	1886	0	29
2026.05.15	05:00:00	4614.06	4615.19	4609.71	4614.24	1898	0	29
2026.05.15	05:05:00	4614.23	4618.47	4612.68	4618.16	1743	0	29
2026.05.15	05:10:00	4618.18	4619.02	4612.83	4613.06	1672	0	29
2026.05.15	05:15:00	4613.06	4616.14	4609.32	4613.85	1623	0	29
2026.05.15	05:20:00	4613.84	4616.59	4612.17	4613.93	1325	0	29
2026.05.15	05:25:00	4613.89	4615.18	4611.42	4612.47	1288	0	29
2026.05.15	05:30:00	4612.48	4614.79	4609.54	4612.54	1719	0	29
2026.05.15	05:35:00	4612.54	4616.50	4611.95	4612.90	1544	0	29
2026.05.15	05:40:00	4612.89	4617.86	4610.69	4617.86	1475	0	29
2026.05.15	05:45:00	4617.85	4618.78	4611.60	4614.68	1437	0	29
2026.05.15	05:50:00	4614.61	4621.18	4612.21	4620.75	1646	0	29
2026.05.15	05:55:00	4620.78	4623.41	4617.41	4618.07	1533	0	29
2026.05.15	06:00:00	4617.98	4620.40	4614.59	4619.19	1507	0	29
2026.05.15	06:05:00	4619.20	4622.25	4616.84	4617.51	1358	0	29
2026.05.15	06:10:00	4617.63	4620.05	4616.48	4617.43	1384	0	29
2026.05.15	06:15:00	4617.42	4618.35	4614.27	4614.69	1491	0	29
2026.05.15	06:20:00	4614.69	4615.02	4609.84	4614.21	1489	0	29
2026.05.15	06:25:00	4614.22	4614.71	4611.87	4612.73	1356	0	29
2026.05.15	06:30:00	4612.73	4613.98	4607.40	4609.01	1291	0	29
2026.05.15	06:35:00	4609.03	4615.68	4608.61	4614.69	1257	0	29
2026.05.15	06:40:00	4614.69	4617.32	4613.19	4613.31	1050	0	29
2026.05.15	06:45:00	4613.33	4615.77	4612.60	4615.73	974	0	29
2026.05.15	06:50:00	4615.70	4617.24	4612.65	4612.89	1052	0	29
2026.05.15	06:55:00	4612.89	4616.65	4610.48	4615.42	1054	0	29
2026.05.15	07:00:00	4615.43	4616.53	4612.93	4614.29	1034	0	29
2026.05.15	07:05:00	4614.28	4621.53	4614.28	4621.42	1195	0	29
2026.05.15	07:10:00	4621.43	4621.47	4618.47	4620.05	1103	0	29
2026.05.15	07:15:00	4620.01	4620.58	4614.14	4614.20	904	0	29
2026.05.15	07:20:00	4614.21	4614.25	4607.36	4610.70	1237	0	29
2026.05.15	07:25:00	4610.69	4612.82	4609.49	4610.85	1123	0	29
2026.05.15	07:30:00	4610.86	4614.90	4610.62	4614.15	994	0	29
2026.05.15	07:35:00	4614.14	4614.88	4610.53	4611.30	1160	0	29
2026.05.15	07:40:00	4611.30	4613.32	4604.34	4605.66	1051	0	29
2026.05.15	07:45:00	4605.73	4609.87	4604.97	4609.64	1272	0	29
2026.05.15	07:50:00	4609.63	4612.48	4608.00	4608.08	1081	0	29
2026.05.15	07:55:00	4608.08	4608.33	4604.89	4605.82	1092	0	29
2026.05.15	08:00:00	4606.17	4606.47	4599.16	4600.01	1541	0	29
2026.05.15	08:05:00	4600.01	4601.30	4592.53	4593.05	1690	0	29
2026.05.15	08:10:00	4593.07	4593.54	4588.62	4592.09	1624	0	29
2026.05.15	08:15:00	4592.08	4595.33	4581.54	4582.96	1644	0	29
2026.05.15	08:20:00	4582.99	4589.21	4580.82	4584.83	1746	0	29
2026.05.15	08:25:00	4584.86	4590.18	4583.50	4588.85	1558	0	29
2026.05.15	08:30:00	4588.83	4589.70	4567.39	4569.57	2041	0	29
2026.05.15	08:35:00	4569.46	4571.95	4563.84	4569.14	1987	0	29
2026.05.15	08:40:00	4569.13	4575.77	4565.97	4568.69	1943	0	29
2026.05.15	08:45:00	4568.70	4570.55	4562.58	4563.61	1969	0	29
2026.05.15	08:50:00	4563.60	4573.26	4563.60	4569.01	1891	0	29
2026.05.15	08:55:00	4569.08	4570.87	4558.73	4558.78	1851	0	29
2026.05.15	09:00:00	4558.80	4565.05	4556.31	4563.72	1966	0	29
2026.05.15	09:05:00	4563.66	4570.28	4561.74	4566.54	1954	0	29
2026.05.15	09:10:00	4566.54	4573.21	4564.33	4570.99	1889	0	29
2026.05.15	09:15:00	4570.90	4578.18	4570.25	4575.39	1846	0	29
2026.05.15	09:20:00	4575.40	4578.24	4572.82	4575.18	1811	0	29
2026.05.15	09:25:00	4575.18	4577.92	4572.49	4575.04	1669	0	29
2026.05.15	09:30:00	4575.14	4580.39	4574.42	4575.08	1712	0	29
2026.05.15	09:35:00	4575.08	4576.16	4570.54	4572.18	1710	0	29
2026.05.15	09:40:00	4572.19	4573.28	4566.91	4567.60	1577	0	29
2026.05.15	09:45:00	4567.61	4574.22	4564.36	4572.99	1653	0	29
2026.05.15	09:50:00	4572.91	4574.24	4568.79	4568.96	1710	0	29
2026.05.15	09:55:00	4568.89	4571.20	4566.37	4569.69	1673	0	29
2026.05.15	10:00:00	4569.69	4572.32	4565.93	4570.05	1732	0	29
2026.05.15	10:05:00	4570.08	4576.68	4569.08	4576.17	1704	0	29
2026.05.15	10:10:00	4576.16	4586.14	4575.73	4585.85	1799	0	29
2026.05.15	10:15:00	4585.81	4587.37	4582.19	4586.24	1624	0	29
2026.05.15	10:20:00	4586.22	4588.60	4582.18	4582.42	1602	0	29
2026.05.15	10:25:00	4582.47	4583.44	4579.09	4581.73	1516	0	29
2026.05.15	10:30:00	4581.74	4582.48	4577.20	4578.93	1423	0	29
2026.05.15	10:35:00	4578.92	4582.29	4574.73	4577.21	1382	0	29
2026.05.15	10:40:00	4577.10	4578.66	4575.30	4577.61	1374	0	29
2026.05.15	10:45:00	4577.58	4578.53	4574.17	4574.91	1318	0	29
2026.05.15	10:50:00	4574.93	4574.93	4568.33	4570.58	1364	0	29
2026.05.15	10:55:00	4570.58	4572.88	4568.64	4570.68	1357	0	29
2026.05.15	11:00:00	4570.98	4571.84	4557.23	4561.07	1707	0	29
2026.05.15	11:05:00	4560.97	4567.62	4559.58	4566.43	1679	0	29
2026.05.15	11:10:00	4566.42	4567.09	4563.37	4565.18	1526	0	29
2026.05.15	11:15:00	4565.21	4565.54	4552.78	4556.76	1751	0	29
2026.05.15	11:20:00	4556.77	4560.96	4554.04	4560.13	1662	0	29
2026.05.15	11:25:00	4560.09	4561.21	4556.25	4558.24	1613	0	29
2026.05.15	11:30:00	4558.28	4558.28	4549.97	4554.89	1802	0	29
2026.05.15	11:35:00	4554.91	4559.11	4553.19	4558.27	1657	0	29
2026.05.15	11:40:00	4558.30	4562.49	4557.54	4562.34	1548	0	29
2026.05.15	11:45:00	4562.45	4563.57	4558.04	4562.18	1405	0	29
2026.05.15	11:50:00	4562.19	4562.47	4556.54	4557.68	1327	0	29
2026.05.15	11:55:00	4557.69	4557.83	4552.64	4554.31	1519	0	29
2026.05.15	12:00:00	4554.42	4558.54	4550.23	4557.94	1736	0	29
2026.05.15	12:05:00	4557.94	4563.67	4553.12	4554.75	1583	0	29
2026.05.15	12:10:00	4554.76	4554.76	4546.00	4547.15	1617	0	29
2026.05.15	12:15:00	4547.16	4549.18	4539.36	4546.56	1684	0	29
2026.05.15	12:20:00	4546.56	4552.56	4544.77	4551.72	1575	0	29
2026.05.15	12:25:00	4551.64	4554.49	4550.17	4553.35	1582	0	29
2026.05.15	12:30:00	4553.33	4555.55	4551.82	4553.33	1428	0	29
2026.05.15	12:35:00	4553.33	4553.45	4544.51	4546.66	1565	0	29
2026.05.15	12:40:00	4546.66	4549.25	4542.69	4543.52	1473	0	29
2026.05.15	12:45:00	4543.52	4543.85	4537.73	4537.96	1594	0	29
2026.05.15	12:50:00	4537.96	4542.90	4531.92	4542.41	1689	0	29
2026.05.15	12:55:00	4542.33	4546.94	4538.23	4545.74	1675	0	29
2026.05.15	13:00:00	4545.78	4549.24	4544.09	4546.50	1654	0	29
2026.05.15	13:05:00	4546.52	4559.60	4546.17	4558.56	1738	0	29
2026.05.15	13:10:00	4558.72	4562.59	4556.30	4560.96	1586	0	29
2026.05.15	13:15:00	4560.97	4563.23	4556.74	4557.37	1517	0	29
2026.05.15	13:20:00	4557.39	4561.87	4555.95	4556.00	1540	0	29
2026.05.15	13:25:00	4556.06	4556.65	4551.66	4551.75	1365	0	29
2026.05.15	13:30:00	4551.75	4556.79	4550.84	4554.78	1401	0	29
2026.05.15	13:35:00	4554.79	4554.95	4551.13	4552.36	1405	0	29
2026.05.15	13:40:00	4552.37	4555.28	4549.54	4555.28	1353	0	29
2026.05.15	13:45:00	4555.21	4563.56	4554.19	4559.43	1856	0	29
2026.05.15	13:50:00	4559.53	4572.46	4557.53	4568.75	1844	0	29
2026.05.15	13:55:00	4568.80	4569.75	4564.06	4566.11	1689	0	29
2026.05.15	14:00:00	4566.06	4570.17	4561.82	4561.84	1733	0	29
2026.05.15	14:05:00	4561.89	4566.23	4560.88	4564.35	1546	0	29
2026.05.15	14:10:00	4564.34	4568.89	4563.51	4566.28	1509	0	29
2026.05.15	14:15:00	4566.35	4568.66	4563.31	4564.16	1341	0	29
2026.05.15	14:20:00	4564.17	4565.40	4562.99	4564.71	1314	0	29
2026.05.15	14:25:00	4564.61	4564.61	4558.99	4562.26	1357	0	29
2026.05.15	14:30:00	4562.28	4562.52	4558.64	4559.41	1338	0	29
2026.05.15	14:35:00	4559.40	4560.02	4553.69	4554.05	1429	0	29
2026.05.15	14:40:00	4554.15	4554.73	4550.96	4551.48	1413	0	29
2026.05.15	14:45:00	4551.47	4558.60	4551.15	4556.61	1474	0	29
2026.05.15	14:50:00	4556.53	4558.73	4553.58	4554.02	1312	0	29
2026.05.15	14:55:00	4553.95	4554.05	4549.78	4551.91	1509	0	29
2026.05.15	15:00:00	4551.93	4551.93	4546.27	4550.18	1537	0	29
2026.05.15	15:05:00	4550.18	4552.99	4548.75	4552.98	1517	0	29
2026.05.15	15:10:00	4553.12	4555.16	4545.19	4545.64	1588	0	29
2026.05.15	15:15:00	4545.62	4551.33	4544.89	4548.73	1624	0	29
2026.05.15	15:20:00	4548.73	4558.64	4548.01	4555.62	1727	0	29
2026.05.15	15:25:00	4555.43	4557.47	4552.76	4555.05	1498	0	29
2026.05.15	15:30:00	4555.02	4555.02	4548.02	4549.50	1657	0	29
2026.05.15	15:35:00	4549.44	4553.79	4547.43	4548.20	1721	0	29
2026.05.15	15:40:00	4548.12	4549.86	4543.65	4545.57	1600	0	29
2026.05.15	15:45:00	4545.26	4551.78	4543.65	4549.33	1572	0	29
2026.05.15	15:50:00	4549.32	4555.55	4547.66	4554.25	1486	0	29
2026.05.15	15:55:00	4554.21	4554.62	4545.82	4545.82	1468	0	29
2026.05.15	16:00:00	4546.13	4549.13	4538.33	4544.28	1983	0	29
2026.05.15	16:05:00	4544.28	4549.69	4536.44	4538.30	1826	0	29
2026.05.15	16:10:00	4538.33	4546.88	4538.06	4546.62	1676	0	29
2026.05.15	16:15:00	4546.54	4553.20	4540.68	4550.84	1726	0	29
2026.05.15	16:20:00	4550.87	4554.53	4549.59	4554.44	1674	0	29
2026.05.15	16:25:00	4554.44	4557.53	4546.41	4548.88	1842	0	29
2026.05.15	16:30:00	4548.77	4551.15	4541.58	4542.47	2075	0	29
2026.05.15	16:35:00	4542.55	4542.66	4526.53	4528.58	2101	0	29
2026.05.15	16:40:00	4528.56	4531.14	4520.00	4520.00	2091	0	29
2026.05.15	16:45:00	4519.54	4529.32	4511.69	4528.86	2076	0	29
2026.05.15	16:50:00	4529.10	4536.86	4525.72	4534.60	2072	0	29
2026.05.15	16:55:00	4534.61	4541.89	4530.87	4533.42	1999	0	29
2026.05.15	17:00:00	4533.47	4534.89	4525.33	4533.51	2044	0	29
2026.05.15	17:05:00	4533.52	4540.28	4533.52	4534.14	1985	0	29
2026.05.15	17:10:00	4534.15	4550.44	4533.81	4543.25	1991	0	29
2026.05.15	17:15:00	4543.21	4558.39	4540.44	4558.39	2014	0	29
2026.05.15	17:20:00	4558.76	4562.72	4556.06	4558.29	2016	0	29
2026.05.15	17:25:00	4558.29	4559.09	4552.47	4555.56	1988	0	29
2026.05.15	17:30:00	4555.58	4559.71	4552.97	4557.46	1988	0	29
2026.05.15	17:35:00	4557.39	4560.40	4554.32	4555.91	1910	0	29
2026.05.15	17:40:00	4555.90	4557.36	4550.72	4556.88	1886	0	29
2026.05.15	17:45:00	4556.88	4557.22	4550.32	4551.27	1875	0	29
2026.05.15	17:50:00	4551.33	4557.01	4546.05	4556.84	1941	0	29
2026.05.15	17:55:00	4556.78	4566.44	4555.03	4562.73	1885	0	29
2026.05.15	18:00:00	4562.76	4563.67	4551.87	4553.28	1935	0	29
2026.05.15	18:05:00	4553.27	4558.73	4551.69	4558.71	1832	0	29
2026.05.15	18:10:00	4558.67	4560.03	4550.75	4552.41	1814	0	29
2026.05.15	18:15:00	4552.32	4553.87	4546.18	4547.35	1731	0	29
2026.05.15	18:20:00	4547.43	4552.06	4543.90	4545.72	1719	0	29
2026.05.15	18:25:00	4545.75	4548.77	4542.86	4547.25	1816	0	29
2026.05.15	18:30:00	4547.42	4550.35	4543.61	4543.69	1795	0	29
2026.05.15	18:35:00	4543.66	4546.54	4541.82	4542.26	1753	0	29
2026.05.15	18:40:00	4542.26	4544.71	4539.90	4541.36	1764	0	29
2026.05.15	18:45:00	4541.39	4542.79	4539.11	4540.06	1723	0	29
2026.05.15	18:50:00	4540.09	4543.33	4536.42	4537.88	1727	0	29
2026.05.15	18:55:00	4537.89	4539.65	4533.78	4539.65	1720	0	29
2026.05.15	19:00:00	4539.74	4542.34	4533.52	4535.66	1688	0	29
2026.05.15	19:05:00	4535.66	4536.46	4529.48	4531.36	1666	0	29
2026.05.15	19:10:00	4531.32	4533.48	4529.31	4532.60	1559	0	29
2026.05.15	19:15:00	4532.62	4534.74	4531.33	4533.71	1570	0	29
2026.05.15	19:20:00	4533.72	4540.47	4533.31	4540.43	1560	0	29
2026.05.15	19:25:00	4540.43	4542.29	4537.20	4540.88	1618	0	29
2026.05.15	19:30:00	4541.16	4544.29	4540.04	4544.01	1657	0	29
2026.05.15	19:35:00	4544.00	4545.71	4542.76	4545.48	1510	0	29
2026.05.15	19:40:00	4545.48	4547.48	4543.62	4547.18	1505	0	29
2026.05.15	19:45:00	4547.22	4547.99	4544.99	4545.37	1443	0	29
2026.05.15	19:50:00	4545.32	4547.26	4541.90	4542.66	1596	0	29
2026.05.15	19:55:00	4542.66	4545.07	4541.98	4544.29	1541	0	29
2026.05.15	20:00:00	4544.32	4552.25	4543.13	4550.05	1707	0	29
2026.05.15	20:05:00	4550.21	4555.37	4549.72	4554.63	1476	0	29
2026.05.15	20:10:00	4554.81	4558.00	4554.50	4557.01	1456	0	29
2026.05.15	20:15:00	4557.07	4557.50	4554.50	4555.88	1358	0	29
2026.05.15	20:20:00	4555.82	4563.68	4555.30	4562.04	1517	0	29
2026.05.15	20:25:00	4562.04	4564.43	4556.50	4557.73	1660	0	29
2026.05.15	20:30:00	4557.84	4563.26	4557.72	4562.56	1451	0	29
2026.05.15	20:35:00	4562.53	4563.52	4560.14	4563.03	1510	0	29
2026.05.15	20:40:00	4563.05	4563.57	4560.63	4560.78	1414	0	29
2026.05.15	20:45:00	4560.78	4562.57	4559.84	4560.60	1317	0	29
2026.05.15	20:50:00	4560.60	4560.61	4558.23	4558.33	1361	0	29
2026.05.15	20:55:00	4558.32	4560.46	4557.23	4559.51	1290	0	29
2026.05.15	21:00:00	4559.49	4561.27	4558.08	4559.03	1370	0	29
2026.05.15	21:05:00	4559.03	4559.70	4556.09	4558.50	1464	0	29
2026.05.15	21:10:00	4558.52	4561.95	4558.09	4561.65	1234	0	29
2026.05.15	21:15:00	4561.67	4562.97	4552.93	4554.53	1561	0	29
2026.05.15	21:20:00	4554.50	4559.87	4554.42	4558.59	1548	0	29
2026.05.15	21:25:00	4558.59	4559.42	4556.32	4558.11	1480	0	29
2026.05.15	21:30:00	4558.36	4558.88	4552.34	4555.22	1577	0	29
2026.05.15	21:35:00	4555.46	4557.98	4554.78	4557.98	1316	0	29
2026.05.15	21:40:00	4557.98	4558.40	4555.67	4557.60	1244	0	29
2026.05.15	21:45:00	4557.59	4560.14	4556.66	4559.23	1138	0	29
2026.05.15	21:50:00	4559.23	4562.79	4559.23	4561.03	1091	0	29
2026.05.15	21:55:00	4561.04	4561.34	4558.39	4559.24	1233	0	29
2026.05.15	22:00:00	4559.23	4560.12	4554.25	4554.31	1359	0	29
2026.05.15	22:05:00	4554.34	4555.70	4551.54	4551.74	1249	0	29
2026.05.15	22:10:00	4551.75	4552.14	4549.47	4550.40	1315	0	29
2026.05.15	22:15:00	4550.39	4552.36	4548.92	4552.16	1183	0	29
2026.05.15	22:20:00	4552.17	4552.67	4549.98	4549.99	1121	0	29
2026.05.15	22:25:00	4549.99	4550.95	4548.53	4550.12	1153	0	29
2026.05.15	22:30:00	4550.16	4553.72	4549.77	4550.43	1140	0	29
2026.05.15	22:35:00	4550.48	4555.19	4549.62	4554.68	1215	0	29
2026.05.15	22:40:00	4554.68	4555.23	4552.54	4553.47	1275	0	29
2026.05.15	22:45:00	4553.47	4554.36	4551.61	4551.99	1215	0	29
2026.05.15	22:50:00	4551.58	4551.86	4548.39	4549.21	1427	0	29
2026.05.15	22:55:00	4549.24	4549.24	4544.96	4545.78	1484	0	29
2026.05.15	23:00:00	4545.86	4546.33	4539.08	4539.92	1187	0	29
2026.05.15	23:05:00	4539.95	4540.34	4536.18	4536.88	1259	0	29
2026.05.15	23:10:00	4536.88	4540.57	4536.58	4538.29	1172	0	29
2026.05.15	23:15:00	4538.24	4538.31	4535.45	4536.68	1068	0	29
2026.05.15	23:20:00	4536.64	4537.73	4533.09	4537.26	1031	0	29
2026.05.15	23:25:00	4537.26	4539.14	4536.36	4539.01	863	0	29
2026.05.15	23:30:00	4539.12	4543.92	4539.07	4541.05	1086	0	34
2026.05.15	23:35:00	4541.05	4541.91	4539.27	4540.58	862	0	34
2026.05.15	23:40:00	4540.49	4541.32	4539.13	4540.32	778	0	34
2026.05.15	23:45:00	4540.32	4541.39	4537.85	4538.07	910	0	34
2026.05.15	23:50:00	4538.13	4538.51	4536.40	4538.37	926	0	34
2026.05.15	23:55:00	4538.37	4538.71	4537.72	4538.69	267	0	34
2026.05.18	01:00:00	4538.62	4545.44	4528.57	4545.07	1541	0	34
2026.05.18	01:05:00	4544.98	4555.00	4544.98	4554.00	1266	0	34
2026.05.18	01:10:00	4553.41	4554.72	4547.75	4548.46	1020	0	34
2026.05.18	01:15:00	4548.45	4550.16	4544.14	4545.02	886	0	34
2026.05.18	01:20:00	4545.02	4546.39	4537.99	4545.22	1268	0	34
2026.05.18	01:25:00	4545.23	4545.36	4538.72	4541.00	901	0	34
2026.05.18	01:30:00	4541.03	4551.21	4540.96	4544.63	1231	0	29
2026.05.18	01:35:00	4544.62	4552.76	4544.62	4551.28	1152	0	29
2026.05.18	01:40:00	4551.26	4553.73	4547.98	4549.95	1135	0	29
2026.05.18	01:45:00	4549.94	4554.52	4549.52	4551.76	998	0	29
2026.05.18	01:50:00	4551.72	4551.93	4546.97	4547.25	910	0	29
2026.05.18	01:55:00	4547.26	4550.02	4543.72	4546.15	1055	0	29
2026.05.18	02:00:00	4546.03	4547.96	4543.79	4545.41	971	0	29
2026.05.18	02:05:00	4545.40	4545.46	4539.46	4541.53	1109	0	29
2026.05.18	02:10:00	4541.51	4545.83	4539.90	4541.64	957	0	29
2026.05.18	02:15:00	4541.53	4543.16	4538.75	4539.54	950	0	29
2026.05.18	02:20:00	4541.17	4544.31	4540.36	4541.46	905	0	29
2026.05.18	02:25:00	4541.46	4543.57	4537.88	4537.93	1149	0	29
2026.05.18	02:30:00	4537.93	4539.66	4534.74	4539.05	1211	0	29
2026.05.18	02:35:00	4539.04	4541.28	4536.94	4539.16	1048	0	29
2026.05.18	02:40:00	4539.13	4541.09	4532.48	4539.08	1398	0	29
2026.05.18	02:45:00	4539.07	4540.02	4532.01	4537.99	1412	0	29
2026.05.18	02:50:00	4537.87	4544.08	4537.41	4541.16	1235	0	29
2026.05.18	02:55:00	4541.00	4542.26	4535.48	4537.10	1441	0	29
2026.05.18	03:00:00	4537.10	4542.56	4530.23	4530.95	1927	0	29
2026.05.18	03:05:00	4530.98	4533.68	4523.00	4523.72	1983	0	29
2026.05.18	03:10:00	4523.77	4529.84	4523.77	4526.24	1827	0	29
2026.05.18	03:15:00	4526.24	4529.34	4522.97	4523.11	1830	0	29
2026.05.18	03:20:00	4523.04	4533.56	4517.05	4517.36	1753	0	29
2026.05.18	03:25:00	4517.50	4520.89	4514.59	4515.68	1735	0	29
2026.05.18	03:30:00	4515.68	4518.70	4487.59	4492.18	1899	0	29
2026.05.18	03:35:00	4492.22	4503.04	4489.45	4490.27	1990	0	29
2026.05.18	03:40:00	4490.27	4493.55	4480.58	4481.55	1957	0	29
2026.05.18	03:45:00	4481.57	4496.41	4480.25	4494.27	1935	0	29
2026.05.18	03:50:00	4494.32	4495.85	4486.45	4491.85	1926	0	29
2026.05.18	03:55:00	4491.86	4516.58	4491.53	4515.93	1923	0	29
2026.05.18	04:00:00	4514.83	4516.01	4489.54	4497.74	2142	0	29
2026.05.18	04:05:00	4497.74	4504.82	4492.48	4501.59	2079	0	29
2026.05.18	04:10:00	4501.51	4505.31	4494.54	4495.91	2040	0	29
2026.05.18	04:15:00	4495.91	4500.53	4492.86	4498.40	1962	0	29
2026.05.18	04:20:00	4498.41	4508.06	4493.53	4506.50	2027	0	29
2026.05.18	04:25:00	4506.41	4509.98	4498.50	4503.99	1961	0	29
2026.05.18	04:30:00	4504.04	4511.31	4501.39	4510.12	1968	0	29
2026.05.18	04:35:00	4510.07	4513.66	4499.76	4508.17	1981	0	29
2026.05.18	04:40:00	4508.17	4512.83	4506.00	4512.56	1877	0	29
2026.05.18	04:45:00	4512.49	4528.54	4510.95	4528.23	1918	0	29
2026.05.18	04:50:00	4527.66	4535.53	4525.91	4530.27	1979	0	29
2026.05.18	04:55:00	4530.26	4530.55	4524.82	4525.36	1822	0	29
2026.05.18	05:00:00	4525.39	4535.96	4522.06	4532.11	1787	0	29
2026.05.18	05:05:00	4532.10	4533.61	4525.64	4528.76	1778	0	29
2026.05.18	05:10:00	4528.69	4538.62	4527.83	4536.58	1695	0	29
2026.05.18	05:15:00	4536.60	4537.79	4531.89	4534.87	1449	0	29
2026.05.18	05:20:00	4534.83	4540.58	4533.01	4537.45	1452	0	29
2026.05.18	05:25:00	4537.44	4539.93	4533.47	4533.47	1504	0	29
2026.05.18	05:30:00	4533.34	4537.76	4529.48	4532.15	1738	0	29
2026.05.18	05:35:00	4532.14	4538.39	4530.66	4538.12	1610	0	29
2026.05.18	05:40:00	4538.15	4541.03	4534.96	4536.21	1474	0	29
2026.05.18	05:45:00	4536.20	4542.80	4530.38	4530.58	1603	0	29
2026.05.18	05:50:00	4530.61	4535.45	4530.36	4533.98	1521	0	29
2026.05.18	05:55:00	4533.97	4535.05	4530.86	4533.66	1543	0	29
2026.05.18	06:00:00	4533.62	4535.71	4529.91	4531.10	1603	0	29
2026.05.18	06:05:00	4531.16	4534.74	4527.56	4532.93	1482	0	29
2026.05.18	06:10:00	4533.01	4535.66	4526.83	4529.54	1510	0	29
2026.05.18	06:15:00	4529.60	4533.15	4528.27	4530.78	1484	0	29
2026.05.18	06:20:00	4530.72	4536.55	4529.27	4533.54	1446	0	29
2026.05.18	06:25:00	4533.54	4538.34	4529.25	4535.94	1581	0	29
2026.05.18	06:30:00	4535.94	4537.85	4526.41	4526.92	1708	0	29
2026.05.18	06:35:00	4526.90	4537.52	4525.17	4535.27	1636	0	29
2026.05.18	06:40:00	4535.28	4547.99	4533.78	4545.65	1624	0	29
2026.05.18	06:45:00	4545.58	4547.87	4539.30	4541.96	1567	0	29
2026.05.18	06:50:00	4541.97	4547.56	4539.21	4541.15	1486	0	29
2026.05.18	06:55:00	4541.08	4543.87	4540.44	4541.11	1224	0	29
2026.05.18	07:00:00	4541.07	4548.40	4540.96	4545.71	1497	0	29
2026.05.18	07:05:00	4545.74	4549.69	4543.21	4545.70	1342	0	29
2026.05.18	07:10:00	4545.55	4547.63	4543.49	4544.29	1215	0	29
2026.05.18	07:15:00	4544.30	4547.17	4544.08	4545.53	1322	0	29
2026.05.18	07:20:00	4545.53	4545.88	4536.83	4537.21	1351	0	29
2026.05.18	07:25:00	4537.21	4538.77	4530.09	4532.61	1567	0	29
2026.05.18	07:30:00	4532.45	4541.36	4532.17	4540.01	1329	0	29
2026.05.18	07:35:00	4540.08	4542.78	4538.39	4542.74	1302	0	29
2026.05.18	07:40:00	4542.74	4544.26	4539.74	4541.68	1321	0	29
2026.05.18	07:45:00	4541.68	4541.68	4538.59	4540.42	1190	0	29
2026.05.18	07:50:00	4540.42	4545.62	4537.88	4543.16	1352	0	29
2026.05.18	07:55:00	4543.18	4543.93	4535.16	4540.67	1258	0	29
2026.05.18	08:00:00	4540.64	4542.78	4532.92	4535.93	1576	0	29
2026.05.18	08:05:00	4535.70	4539.82	4533.85	4537.93	1341	0	29
2026.05.18	08:10:00	4537.96	4538.99	4535.54	4538.20	1290	0	29
2026.05.18	08:15:00	4538.23	4549.07	4534.90	4545.93	1502	0	29
2026.05.18	08:20:00	4545.84	4549.50	4541.49	4546.11	1558	0	29
2026.05.18	08:25:00	4546.15	4550.57	4545.07	4548.73	1453	0	29
2026.05.18	08:30:00	4548.72	4551.88	4539.69	4542.55	1826	0	29
2026.05.18	08:35:00	4542.63	4547.11	4540.53	4544.37	1691	0	29
2026.05.18	08:40:00	4544.36	4544.69	4538.41	4539.63	1582	0	29
2026.05.18	08:45:00	4539.63	4542.97	4537.35	4538.74	1518	0	29
2026.05.18	08:50:00	4538.76	4539.71	4534.82	4536.25	1468	0	29
2026.05.18	08:55:00	4536.25	4538.81	4529.98	4530.89	1476	0	29
2026.05.18	09:00:00	4530.87	4539.26	4529.72	4535.31	1656	0	29
2026.05.18	09:05:00	4535.30	4540.45	4533.44	4537.89	1687	0	29
2026.05.18	09:10:00	4537.90	4538.13	4532.33	4537.34	1455	0	29
2026.05.18	09:15:00	4537.32	4541.42	4534.45	4536.32	1421	0	29
2026.05.18	09:20:00	4536.25	4544.03	4534.52	4543.31	1553	0	29
2026.05.18	09:25:00	4543.28	4548.06	4537.18	4537.47	1605	0	29
2026.05.18	09:30:00	4537.50	4547.02	4534.51	4539.90	1730	0	29
2026.05.18	09:35:00	4539.89	4542.08	4537.81	4538.11	1455	0	29
2026.05.18	09:40:00	4538.12	4540.78	4535.08	4540.62	1428	0	29
2026.05.18	09:45:00	4540.63	4546.18	4538.49	4543.65	1521	0	29
2026.05.18	09:50:00	4543.63	4546.05	4542.56	4545.86	1281	0	29
2026.05.18	09:55:00	4545.89	4547.63	4544.72	4546.72	1501	0	29
2026.05.18	10:00:00	4546.72	4549.37	4543.55	4543.93	1543	0	29
2026.05.18	10:05:00	4543.90	4547.97	4543.24	4546.36	1286	0	29
2026.05.18	10:10:00	4546.18	4546.22	4542.07	4543.59	1375	0	29
2026.05.18	10:15:00	4543.42	4545.71	4541.65	4541.93	1280	0	29
2026.05.18	10:20:00	4541.90	4542.07	4538.22	4539.25	1295	0	29
2026.05.18	10:25:00	4539.25	4551.28	4539.14	4550.54	1646	0	29
2026.05.18	10:30:00	4550.55	4559.91	4550.54	4554.78	1818	0	29
2026.05.18	10:35:00	4554.77	4555.23	4551.71	4552.65	1464	0	29
2026.05.18	10:40:00	4552.72	4554.09	4547.83	4548.95	1458	0	29
2026.05.18	10:45:00	4548.98	4551.66	4543.68	4543.87	1314	0	29
2026.05.18	10:50:00	4543.89	4546.10	4540.05	4544.58	1507	0	29
2026.05.18	10:55:00	4544.59	4548.46	4542.76	4546.19	1389	0	29
2026.05.18	11:00:00	4546.07	4548.83	4544.75	4546.45	1439	0	29
2026.05.18	11:05:00	4546.47	4548.28	4543.70	4543.97	1339	0	29
2026.05.18	11:10:00	4543.97	4547.18	4542.40	4546.55	1382	0	29
2026.05.18	11:15:00	4546.54	4546.54	4543.04	4545.59	1285	0	29
2026.05.18	11:20:00	4545.56	4549.80	4545.51	4549.75	1177	0	29
2026.05.18	11:25:00	4549.61	4551.39	4546.79	4547.86	1393	0	29
2026.05.18	11:30:00	4548.00	4553.08	4545.88	4551.67	1413	0	29
2026.05.18	11:35:00	4551.68	4551.81	4548.07	4551.33	1360	0	29
2026.05.18	11:40:00	4551.32	4551.32	4547.98	4548.03	1132	0	29
2026.05.18	11:45:00	4548.03	4553.80	4548.03	4552.29	1263	0	29
2026.05.18	11:50:00	4552.18	4556.93	4551.58	4556.01	1353	0	29
2026.05.18	11:55:00	4555.96	4556.61	4549.93	4549.96	1154	0	29
2026.05.18	12:00:00	4549.94	4551.92	4541.14	4542.44	1421	0	29
2026.05.18	12:05:00	4542.44	4547.15	4541.49	4547.05	1043	0	29
2026.05.18	12:10:00	4547.04	4547.77	4545.08	4546.25	1030	0	29
2026.05.18	12:15:00	4546.28	4548.38	4545.37	4546.25	1104	0	29
2026.05.18	12:20:00	4546.25	4548.85	4545.99	4546.52	929	0	29
2026.05.18	12:25:00	4546.50	4548.24	4544.51	4544.95	1126	0	29
2026.05.18	12:30:00	4544.96	4545.53	4540.62	4543.45	1364	0	29
2026.05.18	12:35:00	4543.44	4546.45	4543.39	4546.06	1172	0	29
2026.05.18	12:40:00	4546.06	4546.06	4540.65	4542.93	1257	0	29
2026.05.18	12:45:00	4542.95	4543.07	4540.50	4541.45	1124	0	29
2026.05.18	12:50:00	4541.46	4543.71	4540.22	4543.13	1209	0	29
2026.05.18	12:55:00	4543.14	4544.58	4542.63	4542.90	1074	0	29
2026.05.18	13:00:00	4542.89	4544.96	4540.27	4540.44	1163	0	29
2026.05.18	13:05:00	4540.42	4542.14	4537.04	4538.18	1295	0	29
2026.05.18	13:10:00	4538.18	4540.59	4535.66	4539.14	1275	0	29
2026.05.18	13:15:00	4539.13	4542.39	4538.62	4541.99	1082	0	29
2026.05.18	13:20:00	4541.99	4542.32	4538.06	4539.26	1115	0	29
2026.05.18	13:25:00	4539.27	4540.67	4538.38	4539.61	1024	0	29
2026.05.18	13:30:00	4539.62	4540.61	4532.70	4532.79	1300	0	29
2026.05.18	13:35:00	4532.79	4539.45	4532.10	4538.23	1404	0	29
2026.05.18	13:40:00	4538.21	4544.03	4537.79	4543.72	1259	0	29
2026.05.18	13:45:00	4543.70	4547.65	4542.28	4543.08	1322	0	29
2026.05.18	13:50:00	4543.09	4543.43	4537.43	4539.30	992	0	29
2026.05.18	13:55:00	4539.30	4540.19	4536.65	4540.14	1028	0	29
2026.05.18	14:00:00	4540.14	4541.72	4537.85	4538.21	1297	0	29
2026.05.18	14:05:00	4538.25	4539.66	4532.33	4532.52	1131	0	29
2026.05.18	14:10:00	4532.49	4539.50	4530.02	4539.45	1462	0	29
2026.05.18	14:15:00	4539.47	4540.10	4536.64	4539.07	1221	0	29
2026.05.18	14:20:00	4539.07	4539.88	4531.79	4535.98	1370	0	29
2026.05.18	14:25:00	4535.75	4537.71	4534.29	4536.21	1175	0	29
2026.05.18	14:30:00	4535.89	4545.44	4535.47	4541.75	1577	0	29
2026.05.18	14:35:00	4541.83	4555.61	4541.83	4555.61	1770	0	29
2026.05.18	14:40:00	4555.85	4566.90	4551.92	4562.06	2099	0	29
2026.05.18	14:45:00	4562.10	4564.45	4555.12	4555.35	1849	0	29
2026.05.18	14:50:00	4555.31	4555.72	4551.44	4551.44	1722	0	29
2026.05.18	14:55:00	4551.55	4554.95	4549.43	4550.64	1591	0	29
2026.05.18	15:00:00	4550.65	4552.49	4547.42	4550.70	1598	0	29
2026.05.18	15:05:00	4550.69	4556.54	4550.69	4555.52	1520	0	29
2026.05.18	15:10:00	4555.51	4555.88	4551.39	4553.40	1449	0	29
2026.05.18	15:15:00	4553.39	4554.93	4547.06	4547.28	1473	0	29
2026.05.18	15:20:00	4547.33	4553.56	4545.31	4551.43	1556	0	29
2026.05.18	15:25:00	4551.44	4554.85	4549.80	4550.63	1476	0	29
2026.05.18	15:30:00	4550.60	4562.56	4550.24	4562.07	1550	0	29
2026.05.18	15:35:00	4562.04	4563.15	4558.15	4561.54	1896	0	29
2026.05.18	15:40:00	4561.50	4569.72	4558.47	4569.60	1853	0	29
2026.05.18	15:45:00	4569.64	4574.73	4568.06	4572.35	1934	0	29
2026.05.18	15:50:00	4572.27	4574.03	4562.56	4563.02	1762	0	29
2026.05.18	15:55:00	4563.18	4572.44	4562.59	4571.28	1590	0	29
2026.05.18	16:00:00	4571.29	4576.77	4564.33	4565.23	1981	0	29
2026.05.18	16:05:00	4565.18	4568.45	4562.49	4563.68	1797	0	29
2026.05.18	16:10:00	4563.53	4569.41	4561.85	4567.60	1728	0	29
2026.05.18	16:15:00	4567.57	4568.43	4563.87	4566.00	1533	0	29
2026.05.18	16:20:00	4566.01	4572.96	4565.45	4572.85	1416	0	29
2026.05.18	16:25:00	4572.81	4576.21	4571.12	4571.86	1613	0	29
2026.05.18	16:30:00	4571.95	4579.75	4567.14	4578.41	1969	0	29
2026.05.18	16:35:00	4578.62	4578.62	4570.81	4573.60	1970	0	29
2026.05.18	16:40:00	4573.60	4575.57	4564.76	4566.33	2019	0	29
2026.05.18	16:45:00	4566.27	4576.36	4563.79	4574.31	2046	0	29
2026.05.18	16:50:00	4574.09	4584.05	4572.86	4583.38	2017	0	29
2026.05.18	16:55:00	4583.60	4584.17	4574.98	4575.65	1933	0	29
2026.05.18	17:00:00	4575.17	4575.31	4564.37	4565.35	1974	0	29
2026.05.18	17:05:00	4565.33	4567.35	4559.60	4566.85	1996	0	29
2026.05.18	17:10:00	4566.88	4569.80	4561.93	4564.22	1872	0	29
2026.05.18	17:15:00	4564.37	4568.83	4562.26	4566.08	1870	0	29
2026.05.18	17:20:00	4566.14	4567.12	4554.94	4559.29	1930	0	29
2026.05.18	17:25:00	4559.32	4563.25	4557.76	4561.58	1886	0	29
2026.05.18	17:30:00	4561.62	4562.96	4544.94	4549.48	1969	0	29
2026.05.18	17:35:00	4549.42	4550.65	4543.06	4546.34	2047	0	29
2026.05.18	17:40:00	4546.38	4549.35	4538.82	4547.65	2025	0	29
2026.05.18	17:45:00	4547.63	4548.09	4537.75	4543.12	1923	0	29
2026.05.18	17:50:00	4543.01	4548.40	4541.21	4541.85	1869	0	29
2026.05.18	17:55:00	4541.84	4547.23	4541.43	4546.44	1735	0	29
2026.05.18	18:00:00	4546.98	4547.89	4531.94	4537.57	2025	0	29
2026.05.18	18:05:00	4537.38	4544.43	4533.82	4536.65	1971	0	29
2026.05.18	18:10:00	4536.66	4542.64	4536.36	4540.52	1790	0	29
2026.05.18	18:15:00	4540.29	4542.61	4534.42	4536.68	1692	0	29
2026.05.18	18:20:00	4536.66	4540.41	4535.95	4538.92	1776	0	29
2026.05.18	18:25:00	4538.88	4540.21	4534.58	4534.58	1751	0	29
2026.05.18	18:30:00	4534.56	4541.43	4533.89	4540.85	1755	0	29
2026.05.18	18:35:00	4540.85	4542.14	4538.12	4541.77	1667	0	29
2026.05.18	18:40:00	4541.77	4544.29	4538.49	4538.52	1575	0	29
2026.05.18	18:45:00	4538.52	4543.48	4538.02	4541.15	1618	0	29
2026.05.18	18:50:00	4541.16	4544.47	4539.67	4544.21	1588	0	29
2026.05.18	18:55:00	4544.17	4546.87	4542.18	4543.49	1603	0	29
2026.05.18	19:00:00	4543.48	4544.45	4540.12	4541.51	1532	0	29
2026.05.18	19:05:00	4541.51	4544.40	4541.11	4543.48	1534	0	29
2026.05.18	19:10:00	4543.48	4548.91	4542.67	4548.54	1514	0	29
2026.05.18	19:15:00	4548.54	4550.32	4546.60	4547.14	1410	0	29
2026.05.18	19:20:00	4547.13	4550.66	4544.41	4545.70	1613	0	29
2026.05.18	19:25:00	4545.71	4546.83	4533.88	4537.07	1819	0	29
2026.05.18	19:30:00	4537.07	4541.88	4534.37	4539.69	1834	0	29
2026.05.18	19:35:00	4539.68	4544.77	4539.37	4544.16	1659	0	29
2026.05.18	19:40:00	4544.19	4544.91	4541.84	4543.30	1512	0	29
2026.05.18	19:45:00	4543.28	4548.70	4542.85	4548.24	1458	0	29
2026.05.18	19:50:00	4548.24	4554.08	4548.24	4553.01	1609	0	29
2026.05.18	19:55:00	4553.01	4554.49	4549.69	4550.14	1448	0	29
2026.05.18	20:00:00	4550.13	4557.17	4547.94	4556.74	1605	0	29
2026.05.18	20:05:00	4556.73	4558.22	4554.70	4556.16	1414	0	29
2026.05.18	20:10:00	4556.20	4556.74	4552.98	4553.19	1358	0	29
2026.05.18	20:15:00	4553.20	4555.56	4551.98	4554.53	1252	0	29
2026.05.18	20:20:00	4554.53	4555.20	4552.40	4553.80	1349	0	29
2026.05.18	20:25:00	4553.81	4554.69	4551.74	4553.87	1349	0	29
2026.05.18	20:30:00	4553.87	4554.13	4548.83	4548.87	1330	0	29
2026.05.18	20:35:00	4548.86	4550.31	4547.23	4549.43	1338	0	29
2026.05.18	20:40:00	4549.43	4551.02	4547.79	4548.20	1344	0	29
2026.05.18	20:45:00	4548.19	4549.56	4546.68	4546.73	1236	0	29
2026.05.18	20:50:00	4546.69	4549.16	4546.52	4547.60	1153	0	29
2026.05.18	20:55:00	4547.59	4547.80	4545.57	4546.96	1105	0	29
2026.05.18	21:00:00	4547.01	4547.01	4543.82	4545.79	1393	0	29
2026.05.18	21:05:00	4545.79	4547.74	4543.81	4545.04	1313	0	29
2026.05.18	21:10:00	4545.04	4546.40	4544.00	4545.16	1237	0	29
2026.05.18	21:15:00	4545.17	4545.33	4541.41	4542.54	1395	0	29
2026.05.18	21:20:00	4542.57	4542.60	4540.34	4541.09	1372	0	29
2026.05.18	21:25:00	4541.09	4542.68	4536.77	4541.90	1588	0	29
2026.05.18	21:30:00	4541.88	4543.92	4540.66	4542.69	1403	0	29
2026.05.18	21:35:00	4542.69	4543.39	4539.20	4539.64	1286	0	29
2026.05.18	21:40:00	4539.63	4541.50	4538.96	4541.49	1262	0	29
2026.05.18	21:45:00	4541.49	4543.19	4540.76	4541.60	1199	0	29
2026.05.18	21:50:00	4541.60	4542.12	4539.74	4540.26	1365	0	29
2026.05.18	21:55:00	4540.26	4541.71	4534.26	4535.73	1378	0	29
2026.05.18	22:00:00	4535.69	4564.98	4535.23	4553.44	2054	0	29
2026.05.18	22:05:00	4554.05	4559.97	4551.12	4557.09	1990	0	29
2026.05.18	22:10:00	4557.02	4558.23	4553.43	4554.40	1787	0	29
2026.05.18	22:15:00	4554.43	4555.52	4550.97	4551.55	1592	0	29
2026.05.18	22:20:00	4551.61	4555.64	4549.79	4550.08	1510	0	29
2026.05.18	22:25:00	4550.09	4551.89	4546.63	4551.60	1588	0	29
2026.05.18	22:30:00	4551.73	4557.27	4550.17	4556.27	1587	0	29
2026.05.18	22:35:00	4556.27	4559.49	4555.95	4559.43	1492	0	29
2026.05.18	22:40:00	4559.45	4561.19	4557.87	4558.11	1584	0	29
2026.05.18	22:45:00	4558.12	4562.91	4557.89	4561.18	1470	0	29
2026.05.18	22:50:00	4561.00	4562.52	4559.87	4562.46	1545	0	29
2026.05.18	22:55:00	4562.17	4562.17	4557.50	4558.46	1494	0	29
2026.05.18	23:00:00	4558.53	4561.25	4557.79	4560.26	994	0	29
2026.05.18	23:05:00	4560.30	4560.38	4558.32	4558.70	759	0	29
2026.05.18	23:10:00	4558.70	4562.88	4558.51	4562.19	607	0	29
2026.05.18	23:15:00	4562.19	4566.44	4562.11	4564.19	879	0	29
2026.05.18	23:20:00	4564.20	4566.54	4562.87	4566.37	725	0	29
2026.05.18	23:25:00	4566.41	4566.61	4562.69	4563.19	756	0	29
2026.05.18	23:30:00	4563.15	4564.74	4561.60	4562.72	821	0	34
2026.05.18	23:35:00	4562.73	4563.94	4562.47	4562.52	549	0	34
2026.05.18	23:40:00	4562.52	4564.93	4562.19	4564.44	603	0	34
2026.05.18	23:45:00	4564.44	4564.91	4563.76	4563.76	573	0	34
2026.05.18	23:50:00	4563.74	4565.54	4563.03	4563.07	503	0	34
2026.05.18	23:55:00	4563.07	4566.53	4562.39	4566.10	413	0	34
2026.05.19	01:00:00	4567.88	4571.34	4567.44	4570.32	809	0	34
2026.05.19	01:05:00	4570.32	4573.48	4569.58	4571.71	519	0	34
2026.05.19	01:10:00	4571.77	4573.23	4570.31	4573.23	531	0	34
2026.05.19	01:15:00	4573.23	4574.39	4572.52	4573.68	771	0	34
2026.05.19	01:20:00	4573.71	4574.18	4571.70	4572.02	654	0	34
2026.05.19	01:25:00	4572.03	4572.94	4571.13	4572.82	670	0	34
2026.05.19	01:30:00	4572.84	4573.73	4571.59	4573.20	654	0	29
2026.05.19	01:35:00	4573.20	4575.85	4572.69	4575.81	552	0	29
2026.05.19	01:40:00	4575.80	4578.32	4575.03	4576.57	788	0	29
2026.05.19	01:45:00	4576.57	4576.91	4574.64	4575.56	550	0	29
2026.05.19	01:50:00	4575.55	4575.84	4573.35	4573.71	544	0	29
2026.05.19	01:55:00	4573.70	4573.94	4572.50	4573.86	480	0	29
2026.05.19	02:00:00	4573.86	4581.12	4573.72	4580.95	1101	0	29
2026.05.19	02:05:00	4580.96	4581.60	4579.10	4580.03	793	0	29
2026.05.19	02:10:00	4580.05	4586.66	4579.82	4585.50	814	0	29
2026.05.19	02:15:00	4585.59	4586.66	4583.39	4585.93	811	0	29
2026.05.19	02:20:00	4585.99	4588.87	4583.77	4586.18	916	0	29
2026.05.19	02:25:00	4586.19	4586.90	4585.15	4585.73	661	0	29
2026.05.19	02:30:00	4585.73	4586.73	4582.81	4586.11	809	0	29
2026.05.19	02:35:00	4586.13	4587.78	4583.74	4584.89	786	0	29
2026.05.19	02:40:00	4584.89	4586.43	4584.09	4585.46	690	0	29
2026.05.19	02:45:00	4585.44	4586.66	4582.87	4583.43	833	0	29
2026.05.19	02:50:00	4583.37	4583.47	4582.04	4582.45	758	0	29
2026.05.19	02:55:00	4582.46	4582.76	4579.06	4581.77	892	0	29
2026.05.19	03:00:00	4581.70	4589.28	4578.58	4579.11	1636	0	29
2026.05.19	03:05:00	4579.23	4585.46	4576.64	4584.12	1608	0	29
2026.05.19	03:10:00	4584.12	4584.56	4578.75	4578.79	1432	0	29
2026.05.19	03:15:00	4578.81	4580.95	4574.95	4580.06	1443	0	29
2026.05.19	03:20:00	4580.09	4585.71	4573.62	4574.80	1512	0	29
2026.05.19	03:25:00	4574.67	4575.23	4568.79	4573.57	1558	0	29
2026.05.19	03:30:00	4573.56	4576.03	4572.25	4574.77	1464	0	29
2026.05.19	03:35:00	4574.81	4575.49	4568.44	4568.82	1450	0	29
2026.05.19	03:40:00	4568.81	4574.02	4568.24	4570.77	1217	0	29
2026.05.19	03:45:00	4570.77	4572.48	4569.53	4571.60	1277	0	29
2026.05.19	03:50:00	4571.68	4571.70	4565.92	4566.29	1307	0	29
2026.05.19	03:55:00	4566.30	4566.79	4561.24	4563.32	1292	0	29
2026.05.19	04:00:00	4562.85	4567.24	4557.73	4564.36	1853	0	29
2026.05.19	04:05:00	4564.36	4569.25	4560.84	4564.34	1687	0	29
2026.05.19	04:10:00	4564.35	4568.34	4562.59	4565.78	1588	0	29
2026.05.19	04:15:00	4565.81	4568.37	4557.71	4559.50	1613	0	29
2026.05.19	04:20:00	4559.44	4559.81	4554.12	4555.75	1668	0	29
2026.05.19	04:25:00	4555.75	4559.87	4555.75	4559.17	1465	0	29
2026.05.19	04:30:00	4559.16	4561.86	4555.25	4561.39	1618	0	29
2026.05.19	04:35:00	4561.46	4568.36	4561.34	4568.23	1581	0	29
2026.05.19	04:40:00	4568.21	4572.26	4566.52	4570.69	1497	0	29
2026.05.19	04:45:00	4570.68	4571.77	4565.61	4566.40	1444	0	29
2026.05.19	04:50:00	4566.38	4568.62	4561.48	4567.42	1537	0	29
2026.05.19	04:55:00	4567.44	4567.81	4562.80	4563.83	1444	0	29
2026.05.19	05:00:00	4563.80	4563.80	4558.36	4561.15	1579	0	29
2026.05.19	05:05:00	4561.10	4561.19	4554.84	4555.16	1662	0	29
2026.05.19	05:10:00	4555.17	4557.63	4553.02	4554.54	1615	0	29
2026.05.19	05:15:00	4554.55	4557.35	4551.54	4557.07	1393	0	29
2026.05.19	05:20:00	4557.10	4559.94	4556.30	4558.04	1291	0	29
2026.05.19	05:25:00	4558.21	4562.07	4557.44	4559.58	1296	0	29
2026.05.19	05:30:00	4559.66	4559.84	4554.43	4555.02	1511	0	29
2026.05.19	05:35:00	4555.02	4557.00	4552.02	4553.47	1464	0	29
2026.05.19	05:40:00	4553.68	4559.50	4551.05	4556.11	1431	0	29
2026.05.19	05:45:00	4556.20	4557.96	4550.38	4552.16	1422	0	29
2026.05.19	05:50:00	4552.18	4554.46	4548.32	4550.59	1374	0	29
2026.05.19	05:55:00	4550.59	4550.69	4545.95	4547.08	1294	0	29
2026.05.19	06:00:00	4547.09	4550.66	4543.66	4547.16	1600	0	29
2026.05.19	06:05:00	4547.15	4552.65	4547.13	4548.88	1254	0	29
2026.05.19	06:10:00	4548.87	4551.98	4547.23	4551.80	1136	0	29
2026.05.19	06:15:00	4551.79	4552.95	4548.46	4551.05	1107	0	29
2026.05.19	06:20:00	4551.06	4551.84	4546.78	4548.36	1093	0	29
2026.05.19	06:25:00	4548.36	4550.57	4547.62	4549.10	1157	0	29
2026.05.19	06:30:00	4549.10	4550.57	4546.97	4549.87	1170	0	29
2026.05.19	06:35:00	4549.86	4555.08	4549.67	4554.63	982	0	29
2026.05.19	06:40:00	4554.64	4554.64	4547.57	4547.73	1078	0	29
2026.05.19	06:45:00	4547.71	4548.68	4544.69	4547.10	1149	0	29
2026.05.19	06:50:00	4547.12	4549.39	4546.16	4548.70	889	0	29
2026.05.19	06:55:00	4548.70	4549.03	4544.32	4544.97	1075	0	29
2026.05.19	07:00:00	4545.00	4545.33	4541.48	4544.12	1227	0	29
2026.05.19	07:05:00	4543.92	4545.63	4541.10	4542.27	1102	0	29
2026.05.19	07:10:00	4542.27	4544.04	4538.69	4540.16	1135	0	29
2026.05.19	07:15:00	4540.19	4542.57	4538.36	4540.20	1047	0	29
2026.05.19	07:20:00	4540.31	4543.06	4540.17	4542.48	1053	0	29
2026.05.19	07:25:00	4542.53	4542.58	4538.18	4540.21	1216	0	29
2026.05.19	07:30:00	4540.25	4540.82	4537.93	4538.72	915	0	29
2026.05.19	07:35:00	4538.75	4541.99	4538.70	4540.54	965	0	29
2026.05.19	07:40:00	4540.51	4542.21	4539.35	4539.74	992	0	29
2026.05.19	07:45:00	4539.72	4542.43	4539.71	4540.57	1069	0	29
2026.05.19	07:50:00	4540.69	4542.82	4540.06	4542.43	1041	0	29
2026.05.19	07:55:00	4542.39	4543.72	4541.51	4542.43	825	0	29
2026.05.19	08:00:00	4542.41	4544.91	4541.70	4544.24	1173	0	29
2026.05.19	08:05:00	4544.27	4545.27	4540.32	4545.27	1114	0	29
2026.05.19	08:10:00	4545.27	4546.49	4543.48	4544.80	1093	0	29
2026.05.19	08:15:00	4544.78	4545.27	4541.27	4541.97	1027	0	29
2026.05.19	08:20:00	4541.97	4542.45	4530.92	4535.38	1376	0	29
2026.05.19	08:25:00	4535.30	4540.54	4533.19	4538.44	1495	0	29
2026.05.19	08:30:00	4538.50	4540.24	4533.04	4536.83	1695	0	29
2026.05.19	08:35:00	4536.86	4541.39	4534.72	4539.84	1648	0	29
2026.05.19	08:40:00	4539.73	4544.12	4538.02	4538.49	1500	0	29
2026.05.19	08:45:00	4538.49	4541.63	4532.99	4533.86	1665	0	29
2026.05.19	08:50:00	4533.57	4541.40	4533.14	4539.84	1549	0	29
2026.05.19	08:55:00	4539.83	4543.44	4538.69	4540.82	1502	0	29
2026.05.19	09:00:00	4540.84	4541.35	4533.44	4539.21	1688	0	29
2026.05.19	09:05:00	4538.73	4540.44	4536.08	4537.70	1627	0	29
2026.05.19	09:10:00	4537.65	4545.83	4537.13	4541.96	1658	0	29
2026.05.19	09:15:00	4541.99	4550.19	4540.92	4550.09	1638	0	29
2026.05.19	09:20:00	4549.97	4551.20	4545.59	4549.35	1556	0	29
2026.05.19	09:25:00	4549.39	4553.89	4547.53	4547.53	1530	0	29
2026.05.19	09:30:00	4547.57	4551.28	4544.79	4550.22	1659	0	29
2026.05.19	09:35:00	4550.20	4552.46	4546.36	4552.20	1465	0	29
2026.05.19	09:40:00	4552.21	4552.81	4548.81	4552.14	1265	0	29
2026.05.19	09:45:00	4552.20	4552.46	4543.07	4543.13	1377	0	29
2026.05.19	09:50:00	4543.14	4547.37	4543.13	4546.81	1145	0	29
2026.05.19	09:55:00	4546.82	4549.60	4546.79	4548.07	1240	0	29
2026.05.19	10:00:00	4548.07	4548.82	4544.14	4547.84	1376	0	29
2026.05.19	10:05:00	4547.82	4555.25	4546.87	4552.89	1420	0	29
2026.05.19	10:10:00	4552.89	4553.81	4547.15	4548.61	1327	0	29
2026.05.19	10:15:00	4548.62	4550.03	4546.67	4548.61	1170	0	29
2026.05.19	10:20:00	4548.65	4549.84	4544.90	4547.02	1294	0	29
2026.05.19	10:25:00	4547.01	4548.23	4543.05	4548.23	1198	0	29
2026.05.19	10:30:00	4548.22	4549.07	4543.74	4544.04	1153	0	29
2026.05.19	10:35:00	4544.01	4547.72	4542.53	4543.16	1306	0	29
2026.05.19	10:40:00	4543.16	4544.93	4541.35	4542.08	1310	0	29
2026.05.19	10:45:00	4542.16	4554.19	4541.94	4550.92	1449	0	29
2026.05.19	10:50:00	4550.93	4553.77	4547.88	4552.13	1454	0	29
2026.05.19	10:55:00	4552.13	4559.29	4552.13	4557.17	1363	0	29
2026.05.19	11:00:00	4557.15	4559.07	4552.56	4552.81	1339	0	29
2026.05.19	11:05:00	4552.82	4552.92	4543.90	4544.30	1375	0	29
2026.05.19	11:10:00	4544.28	4547.93	4542.54	4546.36	1460	0	29
2026.05.19	11:15:00	4546.38	4548.07	4544.22	4544.24	1374	0	29
2026.05.19	11:20:00	4544.24	4544.91	4539.00	4540.57	1231	0	29
2026.05.19	11:25:00	4540.47	4540.91	4536.33	4538.29	1475	0	29
2026.05.19	11:30:00	4538.30	4544.25	4536.89	4544.22	1383	0	29
2026.05.19	11:35:00	4544.22	4544.97	4542.36	4543.17	1187	0	29
2026.05.19	11:40:00	4543.17	4543.68	4542.16	4543.21	1010	0	29
2026.05.19	11:45:00	4543.18	4548.59	4542.95	4546.01	1179	0	29
2026.05.19	11:50:00	4546.02	4547.29	4538.29	4542.55	1179	0	29
2026.05.19	11:55:00	4542.55	4544.22	4541.87	4542.72	903	0	29
2026.05.19	12:00:00	4542.72	4542.72	4539.92	4541.37	1177	0	29
2026.05.19	12:05:00	4541.36	4541.39	4536.92	4540.57	1234	0	29
2026.05.19	12:10:00	4540.56	4540.96	4537.09	4539.57	1140	0	29
2026.05.19	12:15:00	4539.62	4540.11	4536.05	4539.90	1312	0	29
2026.05.19	12:20:00	4539.93	4546.69	4539.74	4546.42	1224	0	29
2026.05.19	12:25:00	4546.42	4546.67	4540.26	4540.54	1372	0	29
2026.05.19	12:30:00	4540.59	4543.07	4536.66	4539.16	1555	0	29
2026.05.19	12:35:00	4539.20	4542.16	4537.26	4539.31	1324	0	29
2026.05.19	12:40:00	4539.31	4540.45	4538.04	4539.53	1281	0	29
2026.05.19	12:45:00	4539.52	4541.21	4538.33	4540.70	1194	0	29
2026.05.19	12:50:00	4540.70	4543.47	4539.08	4543.19	1130	0	29
2026.05.19	12:55:00	4543.26	4544.68	4540.69	4541.77	1175	0	29
2026.05.19	13:00:00	4541.77	4541.77	4536.46	4536.50	1221	0	29
2026.05.19	13:05:00	4536.48	4541.94	4536.05	4540.17	1080	0	29
2026.05.19	13:10:00	4540.17	4542.27	4538.73	4541.42	1034	0	29
2026.05.19	13:15:00	4541.43	4541.82	4538.32	4539.53	981	0	29
2026.05.19	13:20:00	4539.51	4541.59	4538.92	4540.74	1001	0	29
2026.05.19	13:25:00	4540.79	4540.82	4539.20	4539.82	958	0	29
2026.05.19	13:30:00	4539.91	4542.41	4538.88	4541.34	1103	0	29
2026.05.19	13:35:00	4541.24	4542.92	4534.22	4540.95	1361	0	29
2026.05.19	13:40:00	4540.95	4541.44	4525.46	4529.11	1688	0	29
2026.05.19	13:45:00	4529.07	4534.44	4527.68	4532.84	1590	0	29
2026.05.19	13:50:00	4532.85	4535.83	4532.08	4535.21	1361	0	29
2026.05.19	13:55:00	4535.20	4544.64	4535.20	4544.64	1489	0	29
2026.05.19	14:00:00	4544.60	4547.88	4543.05	4543.58	1506	0	29
2026.05.19	14:05:00	4543.61	4543.69	4540.59	4541.27	1254	0	29
2026.05.19	14:10:00	4541.27	4542.19	4535.92	4536.68	1355	0	29
2026.05.19	14:15:00	4536.69	4542.06	4535.76	4540.96	1187	0	29
2026.05.19	14:20:00	4540.94	4541.97	4538.85	4541.02	1150	0	29
2026.05.19	14:25:00	4541.07	4542.11	4536.89	4539.28	1145	0	29
2026.05.19	14:30:00	4539.25	4540.79	4537.66	4539.25	1257	0	29
2026.05.19	14:35:00	4539.23	4539.30	4536.84	4537.99	1116	0	29
2026.05.19	14:40:00	4537.99	4543.08	4537.16	4542.00	1207	0	29
2026.05.19	14:45:00	4541.86	4542.26	4537.26	4539.89	1223	0	29
2026.05.19	14:50:00	4539.89	4540.07	4534.36	4534.81	1213	0	29
2026.05.19	14:55:00	4534.81	4534.92	4529.86	4530.73	1405	0	29
2026.05.19	15:00:00	4530.71	4535.93	4527.41	4535.40	1514	0	29
2026.05.19	15:05:00	4535.41	4542.31	4533.34	4542.20	1406	0	29
2026.05.19	15:10:00	4542.18	4546.60	4541.36	4542.18	1438	0	29
2026.05.19	15:15:00	4542.19	4543.63	4536.72	4539.93	1345	0	29
2026.05.19	15:20:00	4539.94	4544.21	4539.54	4543.80	1353	0	29
2026.05.19	15:25:00	4543.80	4544.17	4540.48	4543.56	1218	0	29
2026.05.19	15:30:00	4543.15	4546.89	4542.03	4543.66	1409	0	29
2026.05.19	15:35:00	4543.67	4547.08	4541.27	4542.46	1383	0	29
2026.05.19	15:40:00	4542.48	4546.37	4536.73	4537.38	1572	0	29
2026.05.19	15:45:00	4537.38	4539.98	4535.65	4539.41	1343	0	29
2026.05.19	15:50:00	4539.46	4541.35	4537.23	4541.14	1209	0	29
2026.05.19	15:55:00	4541.15	4541.55	4536.69	4537.08	1143	0	29
2026.05.19	16:00:00	4537.09	4537.34	4521.92	4523.46	1753	0	29
2026.05.19	16:05:00	4523.39	4525.17	4514.89	4522.66	1917	0	29
2026.05.19	16:10:00	4522.54	4526.43	4519.60	4524.31	1703	0	29
2026.05.19	16:15:00	4524.30	4526.10	4516.32	4517.15	1697	0	29
2026.05.19	16:20:00	4517.14	4519.67	4503.60	4505.01	1957	0	29
2026.05.19	16:25:00	4504.79	4504.79	4491.01	4492.16	2050	0	29
2026.05.19	16:30:00	4492.94	4495.42	4464.89	4481.48	2192	0	29
2026.05.19	16:35:00	4481.45	4486.79	4471.33	4483.35	2157	0	29
2026.05.19	16:40:00	4483.13	4483.46	4470.22	4476.05	2136	0	29
2026.05.19	16:45:00	4476.04	4482.13	4474.12	4481.31	2109	0	29
2026.05.19	16:50:00	4481.19	4505.17	4479.87	4504.45	2108	0	29
2026.05.19	16:55:00	4504.43	4510.90	4497.97	4504.19	2065	0	29
2026.05.19	17:00:00	4503.90	4512.42	4495.87	4511.77	2073	0	29
2026.05.19	17:05:00	4511.62	4514.05	4494.73	4504.03	2121	0	29
2026.05.19	17:10:00	4503.91	4503.97	4492.20	4492.65	2039	0	29
2026.05.19	17:15:00	4492.63	4500.82	4491.96	4494.92	1949	0	29
2026.05.19	17:20:00	4494.92	4495.85	4484.77	4486.56	2043	0	29
2026.05.19	17:25:00	4486.88	4494.17	4484.47	4490.11	2047	0	29
2026.05.19	17:30:00	4490.03	4498.10	4488.77	4490.17	1990	0	29
2026.05.19	17:35:00	4490.18	4498.67	4489.08	4489.70	1977	0	29
2026.05.19	17:40:00	4489.69	4497.78	4487.51	4494.55	1998	0	29
2026.05.19	17:45:00	4494.59	4496.30	4487.71	4490.00	1928	0	29
2026.05.19	17:50:00	4490.00	4494.06	4486.21	4486.69	1937	0	29
2026.05.19	17:55:00	4486.63	4496.67	4486.62	4494.10	1819	0	29
2026.05.19	18:00:00	4494.04	4499.78	4493.97	4496.63	1808	0	29
2026.05.19	18:05:00	4496.69	4499.92	4489.85	4498.32	1845	0	29
2026.05.19	18:10:00	4498.27	4499.77	4495.72	4498.98	1678	0	29
2026.05.19	18:15:00	4498.97	4504.99	4498.24	4500.45	1703	0	29
2026.05.19	18:20:00	4500.54	4502.14	4493.91	4494.93	1717	0	29
2026.05.19	18:25:00	4494.94	4499.91	4494.38	4498.86	1658	0	29
2026.05.19	18:30:00	4498.88	4507.49	4497.87	4503.69	1776	0	29
2026.05.19	18:35:00	4503.38	4505.26	4498.89	4503.01	1713	0	29
2026.05.19	18:40:00	4502.94	4505.06	4500.64	4502.08	1621	0	29
2026.05.19	18:45:00	4502.06	4504.04	4500.22	4504.04	1580	0	29
2026.05.19	18:50:00	4503.99	4505.72	4501.70	4503.05	1537	0	29
2026.05.19	18:55:00	4503.05	4509.23	4502.98	4508.38	1522	0	29
2026.05.19	19:00:00	4508.55	4510.19	4505.27	4505.61	1461	0	29
2026.05.19	19:05:00	4505.61	4505.61	4497.43	4498.40	1539	0	29
2026.05.19	19:10:00	4498.40	4501.10	4496.18	4500.89	1507	0	29
2026.05.19	19:15:00	4500.90	4502.96	4498.77	4500.32	1353	0	29
2026.05.19	19:20:00	4500.31	4505.91	4500.19	4505.57	1337	0	29
2026.05.19	19:25:00	4505.58	4511.92	4505.58	4508.70	1474	0	29
2026.05.19	19:30:00	4508.69	4512.30	4506.65	4507.35	1582	0	29
2026.05.19	19:35:00	4507.35	4509.70	4505.79	4508.71	1391	0	29
2026.05.19	19:40:00	4508.73	4509.38	4505.59	4505.90	1302	0	29
2026.05.19	19:45:00	4505.89	4506.34	4504.56	4505.94	1336	0	29
2026.05.19	19:50:00	4505.96	4507.69	4504.71	4505.43	1240	0	29
2026.05.19	19:55:00	4505.43	4509.19	4504.89	4507.68	1186	0	29
2026.05.19	20:00:00	4507.59	4509.66	4505.94	4506.83	1399	0	29
2026.05.19	20:05:00	4506.83	4509.23	4505.81	4508.06	1296	0	29
2026.05.19	20:10:00	4508.10	4510.78	4506.24	4510.27	1174	0	29
2026.05.19	20:15:00	4510.27	4511.01	4507.70	4508.29	1174	0	29
2026.05.19	20:20:00	4507.96	4508.01	4503.33	4503.52	1255	0	29
2026.05.19	20:25:00	4503.58	4508.38	4503.58	4506.97	1374	0	29
2026.05.19	20:30:00	4507.03	4508.32	4503.93	4504.12	1201	0	29
2026.05.19	20:35:00	4504.13	4506.90	4503.60	4506.90	1223	0	29
2026.05.19	20:40:00	4506.91	4506.99	4502.71	4504.43	1376	0	29
2026.05.19	20:45:00	4504.44	4504.83	4500.44	4500.72	1291	0	29
2026.05.19	20:50:00	4500.74	4501.73	4499.08	4499.54	1283	0	29
2026.05.19	20:55:00	4499.53	4501.36	4499.39	4500.80	1151	0	29
2026.05.19	21:00:00	4500.82	4501.58	4499.80	4501.00	1249	0	29
2026.05.19	21:05:00	4500.99	4503.61	4499.71	4503.13	1153	0	29
2026.05.19	21:10:00	4503.12	4503.47	4500.88	4500.95	1076	0	29
2026.05.19	21:15:00	4500.92	4501.93	4499.53	4499.62	1143	0	29
2026.05.19	21:20:00	4499.61	4499.74	4495.55	4498.50	1419	0	29
2026.05.19	21:25:00	4498.50	4500.08	4495.81	4496.01	1458	0	29
2026.05.19	21:30:00	4495.97	4498.94	4493.33	4497.70	1444	0	29
2026.05.19	21:35:00	4497.70	4499.98	4496.19	4499.79	1262	0	29
2026.05.19	21:40:00	4499.81	4500.75	4498.17	4499.04	1240	0	29
2026.05.19	21:45:00	4499.03	4499.97	4498.04	4499.30	1184	0	29
2026.05.19	21:50:00	4499.32	4499.58	4493.53	4493.85	1208	0	29
2026.05.19	21:55:00	4493.80	4494.70	4490.27	4493.57	1521	0	29
2026.05.19	22:00:00	4493.46	4496.51	4493.03	4493.74	1525	0	29
2026.05.19	22:05:00	4494.05	4496.10	4494.00	4495.44	1188	0	29
2026.05.19	22:10:00	4495.43	4497.50	4495.18	4496.97	1215	0	29
2026.05.19	22:15:00	4496.91	4497.31	4492.04	4492.71	1223	0	29
2026.05.19	22:20:00	4492.70	4492.99	4486.48	4486.66	1404	0	29
2026.05.19	22:25:00	4486.63	4488.74	4485.53	4486.93	1282	0	29
2026.05.19	22:30:00	4486.95	4489.83	4486.17	4486.31	1341	0	29
2026.05.19	22:35:00	4486.31	4488.76	4486.26	4487.56	1235	0	29
2026.05.19	22:40:00	4487.56	4488.68	4485.87	4488.29	1218	0	29
2026.05.19	22:45:00	4488.30	4488.77	4485.93	4486.57	1304	0	29
2026.05.19	22:50:00	4486.57	4486.94	4483.62	4483.74	1373	0	29
2026.05.19	22:55:00	4483.51	4483.92	4481.21	4483.37	1522	0	29
2026.05.19	23:00:00	4483.36	4484.18	4480.93	4482.53	1135	0	29
2026.05.19	23:05:00	4482.47	4486.14	4481.58	4485.42	834	0	29
2026.05.19	23:10:00	4485.41	4486.97	4484.26	4485.51	807	0	29
2026.05.19	23:15:00	4485.54	4485.65	4483.38	4485.38	745	0	29
2026.05.19	23:20:00	4485.37	4488.14	4485.08	4487.32	652	0	29
2026.05.19	23:25:00	4487.31	4487.55	4485.68	4486.17	603	0	29
2026.05.19	23:30:00	4486.14	4486.28	4483.24	4483.92	625	0	34
2026.05.19	23:35:00	4483.88	4484.69	4483.16	4483.22	571	0	34
2026.05.19	23:40:00	4483.23	4484.42	4481.90	4483.30	669	0	34
2026.05.19	23:45:00	4483.31	4484.17	4482.60	4483.05	621	0	34
2026.05.19	23:50:00	4483.04	4484.14	4482.22	4482.48	558	0	34
2026.05.19	23:55:00	4482.54	4484.01	4481.78	4481.87	315	0	34
2026.05.20	01:00:00	4482.82	4484.73	4480.27	4484.36	863	0	34
2026.05.20	01:05:00	4484.37	4485.77	4482.55	4484.46	449	0	34
2026.05.20	01:10:00	4484.47	4484.56	4482.59	4482.68	456	0	34
2026.05.20	01:15:00	4482.77	4482.80	4478.00	4480.05	658	0	34
2026.05.20	01:20:00	4480.06	4481.21	4479.32	4480.64	530	0	34
2026.05.20	01:25:00	4480.64	4480.66	4478.39	4479.30	592	0	34
2026.05.20	01:30:00	4479.32	4484.04	4477.39	4483.95	929	0	29
2026.05.20	01:35:00	4483.49	4485.77	4480.02	4480.73	873	0	29
2026.05.20	01:40:00	4480.73	4484.24	4479.82	4481.95	798	0	29
2026.05.20	01:45:00	4481.95	4483.63	4480.06	4482.10	792	0	29
2026.05.20	01:50:00	4482.14	4482.89	4479.38	4481.31	891	0	29
2026.05.20	01:55:00	4481.32	4484.54	4481.16	4484.31	758	0	29
2026.05.20	02:00:00	4484.16	4484.17	4479.80	4483.26	798	0	29
2026.05.20	02:05:00	4483.49	4484.62	4481.52	4483.59	538	0	29
2026.05.20	02:10:00	4483.75	4486.64	4483.44	4486.21	717	0	29
2026.05.20	02:15:00	4486.22	4488.63	4483.25	4488.22	856	0	29
2026.05.20	02:20:00	4488.22	4488.59	4484.93	4486.76	784	0	29
2026.05.20	02:25:00	4486.76	4487.62	4485.60	4486.17	542	0	29
2026.05.20	02:30:00	4486.14	4493.59	4485.65	4493.20	993	0	29
2026.05.20	02:35:00	4493.15	4494.31	4489.26	4493.33	998	0	29
2026.05.20	02:40:00	4493.30	4496.35	4491.45	4492.30	874	0	29
2026.05.20	02:45:00	4492.31	4494.22	4489.91	4493.44	879	0	29
2026.05.20	02:50:00	4493.45	4494.53	4490.22	4490.91	840	0	29
2026.05.20	02:55:00	4490.91	4492.71	4488.15	4489.28	889	0	29
2026.05.20	03:00:00	4489.28	4489.82	4482.63	4486.09	1375	0	29
2026.05.20	03:05:00	4486.27	4486.75	4479.65	4484.10	1491	0	29
2026.05.20	03:10:00	4484.11	4490.50	4481.70	4488.51	1611	0	29
2026.05.20	03:15:00	4488.59	4490.52	4482.54	4483.64	1667	0	29
2026.05.20	03:20:00	4483.57	4491.42	4481.26	4491.29	1736	0	29
2026.05.20	03:25:00	4491.55	4501.97	4490.13	4501.97	1839	0	29
2026.05.20	03:30:00	4501.81	4507.19	4500.25	4503.01	1792	0	29
2026.05.20	03:35:00	4503.08	4505.55	4499.72	4501.74	1704	0	29
2026.05.20	03:40:00	4501.75	4506.80	4501.15	4505.14	1658	0	29
2026.05.20	03:45:00	4505.15	4508.78	4503.10	4504.84	1601	0	29
2026.05.20	03:50:00	4504.87	4505.45	4500.59	4503.38	1552	0	29
2026.05.20	03:55:00	4503.43	4503.71	4498.04	4500.90	1479	0	29
2026.05.20	04:00:00	4500.86	4506.07	4489.84	4493.68	2001	0	29
2026.05.20	04:05:00	4493.82	4495.41	4487.96	4495.04	1807	0	29
2026.05.20	04:10:00	4495.05	4500.26	4491.24	4492.39	1740	0	29
2026.05.20	04:15:00	4492.38	4496.17	4491.74	4495.66	1674	0	29
2026.05.20	04:20:00	4495.71	4496.48	4483.13	4484.68	1733	0	29
2026.05.20	04:25:00	4484.41	4485.67	4472.77	4473.55	1865	0	29
2026.05.20	04:30:00	4473.55	4476.92	4467.61	4473.31	1963	0	29
2026.05.20	04:35:00	4473.30	4473.32	4456.02	4467.93	1992	0	29
2026.05.20	04:40:00	4467.99	4469.05	4461.66	4466.70	1928	0	29
2026.05.20	04:45:00	4466.68	4473.65	4463.06	4472.36	1863	0	29
2026.05.20	04:50:00	4472.28	4488.44	4472.28	4481.62	2019	0	29
2026.05.20	04:55:00	4481.62	4482.62	4478.64	4481.27	1714	0	29
2026.05.20	05:00:00	4481.31	4485.09	4480.19	4485.08	1733	0	29
2026.05.20	05:05:00	4485.05	4486.92	4478.54	4479.47	1717	0	29
2026.05.20	05:10:00	4479.48	4481.79	4476.09	4481.23	1658	0	29
2026.05.20	05:15:00	4481.25	4482.61	4476.42	4477.22	1518	0	29
2026.05.20	05:20:00	4477.24	4486.84	4476.51	4484.58	1515	0	29
2026.05.20	05:25:00	4484.56	4484.83	4479.35	4481.44	1586	0	29
2026.05.20	05:30:00	4481.42	4483.38	4465.76	4470.47	1934	0	29
2026.05.20	05:35:00	4470.45	4471.17	4465.57	4469.68	1852	0	29
2026.05.20	05:40:00	4469.65	4471.56	4460.64	4460.65	1733	0	29
2026.05.20	05:45:00	4460.63	4464.98	4459.61	4464.01	1754	0	29
2026.05.20	05:50:00	4464.30	4465.97	4461.86	4463.28	1520	0	29
2026.05.20	05:55:00	4463.28	4466.03	4458.48	4465.23	1526	0	29
2026.05.20	06:00:00	4465.22	4467.10	4460.01	4463.14	1603	0	29
2026.05.20	06:05:00	4463.15	4463.73	4453.56	4456.69	1712	0	29
2026.05.20	06:10:00	4456.69	4460.96	4456.01	4457.87	1491	0	29
2026.05.20	06:15:00	4457.89	4463.92	4457.15	4462.55	1355	0	29
2026.05.20	06:20:00	4462.54	4463.17	4460.24	4462.32	1216	0	29
2026.05.20	06:25:00	4462.32	4464.27	4459.81	4461.01	1437	0	29
2026.05.20	06:30:00	4461.01	4461.78	4457.56	4458.73	1497	0	29
2026.05.20	06:35:00	4458.74	4466.06	4458.62	4464.50	1365	0	29
2026.05.20	06:40:00	4464.50	4466.03	4460.28	4460.59	1350	0	29
2026.05.20	06:45:00	4460.58	4461.44	4458.17	4459.62	1178	0	29
2026.05.20	06:50:00	4459.58	4461.48	4458.58	4460.35	1030	0	29
2026.05.20	06:55:00	4460.76	4465.17	4460.06	4463.63	1101	0	29
2026.05.20	07:00:00	4463.65	4470.04	4463.24	4468.73	1415	0	29
2026.05.20	07:05:00	4468.73	4469.34	4466.68	4467.63	1056	0	29
2026.05.20	07:10:00	4467.63	4469.56	4465.28	4469.17	1128	0	29
2026.05.20	07:15:00	4469.18	4470.63	4465.53	4465.77	1122	0	29
2026.05.20	07:20:00	4465.74	4467.04	4463.23	4466.82	1249	0	29
2026.05.20	07:25:00	4466.79	4467.20	4462.40	4465.20	1148	0	29
2026.05.20	07:30:00	4465.17	4465.86	4461.96	4462.73	1176	0	29
2026.05.20	07:35:00	4462.73	4465.64	4460.65	4464.09	1283	0	29
2026.05.20	07:40:00	4464.06	4465.57	4460.57	4463.04	1165	0	29
2026.05.20	07:45:00	4463.09	4463.15	4456.72	4459.85	1211	0	29
2026.05.20	07:50:00	4459.86	4463.04	4459.36	4461.21	1163	0	29
2026.05.20	07:55:00	4461.22	4462.81	4459.95	4461.96	876	0	29
2026.05.20	08:00:00	4461.95	4471.58	4461.63	4471.03	1381	0	29
2026.05.20	08:05:00	4471.01	4472.82	4467.67	4468.53	1272	0	29
2026.05.20	08:10:00	4468.53	4469.80	4467.18	4469.37	1075	0	29
2026.05.20	08:15:00	4469.37	4471.93	4467.41	4471.43	1134	0	29
2026.05.20	08:20:00	4471.40	4475.27	4471.02	4471.04	1228	0	29
2026.05.20	08:25:00	4471.03	4471.62	4467.06	4468.29	1329	0	29
2026.05.20	08:30:00	4468.39	4478.91	4468.13	4477.18	1789	0	29
2026.05.20	08:35:00	4477.20	4478.68	4475.11	4476.72	1589	0	29
2026.05.20	08:40:00	4476.71	4478.06	4471.60	4472.27	1439	0	29
2026.05.20	08:45:00	4472.28	4472.40	4463.32	4465.38	1523	0	29
2026.05.20	08:50:00	4465.38	4472.39	4464.38	4471.36	1483	0	29
2026.05.20	08:55:00	4471.36	4475.22	4471.20	4472.72	1285	0	29
2026.05.20	09:00:00	4472.73	4477.56	4470.61	4472.78	1611	0	29
2026.05.20	09:05:00	4472.78	4474.24	4468.99	4469.65	1528	0	29
2026.05.20	09:10:00	4469.54	4471.64	4467.45	4471.64	1398	0	29
2026.05.20	09:15:00	4472.07	4478.35	4471.88	4477.13	1622	0	29
2026.05.20	09:20:00	4477.17	4477.60	4468.56	4468.66	1618	0	29
2026.05.20	09:25:00	4468.67	4474.45	4467.90	4471.89	1686	0	29
2026.05.20	09:30:00	4472.04	4472.48	4466.65	4466.83	1565	0	29
2026.05.20	09:35:00	4466.82	4468.32	4461.40	4466.79	1549	0	29
2026.05.20	09:40:00	4466.79	4467.01	4463.85	4466.99	1373	0	29
2026.05.20	09:45:00	4466.99	4474.87	4465.31	4473.86	1389	0	29
2026.05.20	09:50:00	4473.83	4478.39	4472.39	4474.80	1718	0	29
2026.05.20	09:55:00	4474.81	4475.74	4471.35	4474.22	1455	0	29
2026.05.20	10:00:00	4474.12	4479.01	4471.96	4477.32	1573	0	29
2026.05.20	10:05:00	4477.30	4483.53	4475.35	4483.13	1432	0	29
2026.05.20	10:10:00	4482.92	4485.20	4480.31	4481.15	1512	0	29
2026.05.20	10:15:00	4481.16	4481.16	4477.90	4478.73	1339	0	29
2026.05.20	10:20:00	4478.75	4484.10	4476.44	4480.25	1375	0	29
2026.05.20	10:25:00	4480.24	4483.39	4479.63	4482.71	1261	0	29
2026.05.20	10:30:00	4482.72	4485.95	4477.58	4478.10	1365	0	29
2026.05.20	10:35:00	4478.19	4481.05	4476.00	4480.29	1302	0	29
2026.05.20	10:40:00	4480.16	4483.68	4478.60	4481.31	1371	0	29
2026.05.20	10:45:00	4481.33	4481.98	4476.13	4477.93	1234	0	29
2026.05.20	10:50:00	4477.94	4479.08	4475.09	4479.08	1240	0	29
2026.05.20	10:55:00	4479.06	4479.81	4476.83	4478.58	1245	0	29
2026.05.20	11:00:00	4478.56	4481.36	4476.71	4481.14	1368	0	29
2026.05.20	11:05:00	4481.23	4483.16	4477.01	4478.89	1306	0	29
2026.05.20	11:10:00	4479.08	4484.15	4477.38	4482.37	1488	0	29
2026.05.20	11:15:00	4482.37	4483.93	4479.53	4481.67	1298	0	29
2026.05.20	11:20:00	4481.70	4486.44	4478.29	4484.26	1526	0	29
2026.05.20	11:25:00	4484.26	4486.03	4482.41	4485.93	1331	0	29
2026.05.20	11:30:00	4486.32	4489.41	4483.01	4483.10	1513	0	29
2026.05.20	11:35:00	4483.09	4484.42	4478.68	4483.51	1358	0	29
2026.05.20	11:40:00	4483.56	4483.70	4476.79	4479.17	1361	0	29
2026.05.20	11:45:00	4479.21	4483.10	4479.14	4481.80	1426	0	29
2026.05.20	11:50:00	4481.88	4489.45	4481.33	4489.13	1335	0	29
2026.05.20	11:55:00	4489.14	4490.10	4483.45	4484.09	1235	0	29
2026.05.20	12:00:00	4484.06	4485.99	4483.46	4484.50	1140	0	29
2026.05.20	12:05:00	4484.50	4486.09	4481.53	4482.03	1293	0	29
2026.05.20	12:10:00	4482.02	4482.41	4479.77	4480.20	1210	0	29
2026.05.20	12:15:00	4480.19	4482.44	4479.06	4482.44	1197	0	29
2026.05.20	12:20:00	4482.43	4483.58	4478.62	4479.34	1087	0	29
2026.05.20	12:25:00	4479.29	4479.45	4472.76	4474.15	1214	0	29
2026.05.20	12:30:00	4474.15	4482.81	4472.85	4482.32	1474	0	29
2026.05.20	12:35:00	4482.32	4483.34	4480.09	4483.25	1144	0	29
2026.05.20	12:40:00	4483.26	4484.78	4483.05	4483.17	1048	0	29
2026.05.20	12:45:00	4483.20	4484.44	4481.82	4483.07	956	0	29
2026.05.20	12:50:00	4483.07	4490.18	4482.70	4489.40	1230	0	29
2026.05.20	12:55:00	4489.41	4491.04	4484.39	4484.90	1070	0	29
2026.05.20	13:00:00	4484.87	4487.45	4484.69	4485.92	1131	0	29
2026.05.20	13:05:00	4485.91	4492.18	4485.91	4489.76	1039	0	29
2026.05.20	13:10:00	4489.73	4490.95	4486.77	4487.94	943	0	29
2026.05.20	13:15:00	4487.97	4490.95	4487.17	4488.22	944	0	29
2026.05.20	13:20:00	4488.23	4492.51	4488.13	4491.46	1032	0	29
2026.05.20	13:25:00	4491.46	4492.28	4488.77	4488.93	974	0	29
2026.05.20	13:30:00	4488.93	4492.46	4488.54	4492.46	1004	0	29
2026.05.20	13:35:00	4492.44	4496.98	4492.26	4495.70	1354	0	29
2026.05.20	13:40:00	4495.66	4496.75	4493.92	4494.22	1163	0	29
2026.05.20	13:45:00	4494.23	4495.81	4492.10	4492.50	1192	0	29
2026.05.20	13:50:00	4492.42	4494.97	4490.34	4494.62	1133	0	29
2026.05.20	13:55:00	4494.64	4494.76	4492.53	4494.57	995	0	29
2026.05.20	14:00:00	4494.59	4496.67	4492.69	4494.23	1178	0	29
2026.05.20	14:05:00	4494.23	4495.83	4494.09	4494.66	1064	0	29
2026.05.20	14:10:00	4494.66	4496.15	4492.88	4493.01	1052	0	29
2026.05.20	14:15:00	4493.01	4496.45	4491.64	4491.93	999	0	29
2026.05.20	14:20:00	4491.92	4496.44	4491.11	4495.84	985	0	29
2026.05.20	14:25:00	4495.83	4501.07	4495.46	4499.99	1133	0	29
2026.05.20	14:30:00	4499.98	4500.34	4496.60	4498.65	1171	0	29
2026.05.20	14:35:00	4498.65	4499.27	4496.03	4497.56	1013	0	29
2026.05.20	14:40:00	4497.73	4498.38	4493.35	4495.22	1214	0	29
2026.05.20	14:45:00	4495.21	4496.74	4491.99	4493.09	1212	0	29
2026.05.20	14:50:00	4493.07	4498.07	4490.81	4498.04	1364	0	29
2026.05.20	14:55:00	4498.02	4499.49	4496.14	4499.11	1106	0	29
2026.05.20	15:00:00	4499.11	4501.07	4495.98	4496.48	1332	0	29
2026.05.20	15:05:00	4496.48	4499.98	4495.81	4497.53	1244	0	29
2026.05.20	15:10:00	4497.55	4497.76	4496.21	4496.54	1115	0	29
2026.05.20	15:15:00	4496.53	4497.03	4493.88	4494.35	1192	0	29
2026.05.20	15:20:00	4494.38	4496.88	4492.91	4496.28	1313	0	29
2026.05.20	15:25:00	4496.27	4499.41	4496.19	4499.38	1496	0	29
2026.05.20	15:30:00	4499.68	4504.31	4499.29	4503.61	1583	0	29
2026.05.20	15:35:00	4503.61	4504.56	4500.98	4503.75	1393	0	29
2026.05.20	15:40:00	4503.75	4504.55	4501.28	4502.84	1264	0	29
2026.05.20	15:45:00	4502.84	4505.40	4501.81	4503.01	1235	0	29
2026.05.20	15:50:00	4503.01	4503.01	4498.50	4498.64	1241	0	29
2026.05.20	15:55:00	4498.54	4498.72	4493.90	4496.17	1393	0	29
2026.05.20	16:00:00	4496.16	4501.19	4493.90	4497.67	1800	0	29
2026.05.20	16:05:00	4497.77	4501.71	4496.52	4498.70	1653	0	29
2026.05.20	16:10:00	4498.69	4506.15	4497.34	4505.19	1577	0	29
2026.05.20	16:15:00	4505.17	4505.28	4498.94	4499.25	1563	0	29
2026.05.20	16:20:00	4499.24	4500.31	4493.87	4494.24	1453	0	29
2026.05.20	16:25:00	4494.19	4494.90	4489.27	4489.27	1677	0	29
2026.05.20	16:30:00	4489.51	4493.01	4488.14	4491.55	1895	0	29
2026.05.20	16:35:00	4491.54	4492.89	4484.66	4485.25	1914	0	29
2026.05.20	16:40:00	4485.40	4490.24	4483.08	4489.90	1913	0	29
2026.05.20	16:45:00	4489.87	4491.98	4486.33	4487.01	1891	0	29
2026.05.20	16:50:00	4487.01	4489.39	4484.77	4485.95	1901	0	29
2026.05.20	16:55:00	4485.95	4486.03	4482.00	4483.03	1777	0	29
2026.05.20	17:00:00	4483.61	4485.10	4480.85	4481.41	1841	0	29
2026.05.20	17:05:00	4481.26	4481.56	4474.86	4476.13	1818	0	29
2026.05.20	17:10:00	4476.09	4480.33	4467.04	4476.83	2023	0	29
2026.05.20	17:15:00	4476.76	4503.58	4476.53	4498.62	2229	0	29
2026.05.20	17:20:00	4498.44	4510.82	4495.65	4502.70	2155	0	29
2026.05.20	17:25:00	4502.73	4507.05	4498.88	4506.85	2051	0	29
2026.05.20	17:30:00	4506.88	4528.48	4506.88	4524.74	2170	0	29
2026.05.20	17:35:00	4524.64	4526.96	4515.24	4523.58	2095	0	29
2026.05.20	17:40:00	4523.84	4523.95	4517.08	4520.55	1944	0	29
2026.05.20	17:45:00	4520.77	4524.14	4516.80	4521.82	1902	0	29
2026.05.20	17:50:00	4521.96	4529.79	4521.04	4529.49	1949	0	29
2026.05.20	17:55:00	4529.60	4537.25	4528.80	4531.22	1992	0	29
2026.05.20	18:00:00	4531.29	4535.70	4529.35	4530.37	1921	0	29
2026.05.20	18:05:00	4530.28	4531.78	4523.79	4526.32	1827	0	29
2026.05.20	18:10:00	4526.32	4526.88	4523.15	4524.46	1729	0	29
2026.05.20	18:15:00	4524.47	4552.72	4524.45	4543.31	2185	0	29
2026.05.20	18:20:00	4543.35	4545.29	4535.68	4536.10	2032	0	29
2026.05.20	18:25:00	4536.14	4537.24	4528.54	4529.46	1949	0	29
2026.05.20	18:30:00	4529.42	4534.95	4527.61	4534.85	1864	0	29
2026.05.20	18:35:00	4534.89	4539.08	4534.68	4537.64	1820	0	29
2026.05.20	18:40:00	4537.74	4539.33	4534.68	4536.84	1688	0	29
2026.05.20	18:45:00	4536.82	4537.72	4535.21	4537.15	1673	0	29
2026.05.20	18:50:00	4537.15	4537.78	4532.41	4533.34	1653	0	29
2026.05.20	18:55:00	4533.32	4534.03	4527.22	4529.11	1787	0	29
2026.05.20	19:00:00	4529.06	4532.23	4528.37	4532.05	1552	0	29
2026.05.20	19:05:00	4532.05	4535.21	4531.41	4533.33	1473	0	29
2026.05.20	19:10:00	4533.31	4534.79	4531.47	4533.70	1489	0	29
2026.05.20	19:15:00	4533.73	4533.73	4529.55	4530.75	1457	0	29
2026.05.20	19:20:00	4530.79	4531.25	4524.92	4526.04	1750	0	29
2026.05.20	19:25:00	4525.97	4527.52	4524.10	4525.94	1619	0	29
2026.05.20	19:30:00	4526.27	4529.41	4524.14	4525.71	1586	0	29
2026.05.20	19:35:00	4525.72	4528.55	4525.33	4527.39	1433	0	29
2026.05.20	19:40:00	4527.45	4533.66	4527.29	4533.66	1539	0	29
2026.05.20	19:45:00	4533.74	4534.89	4530.16	4532.23	1634	0	29
2026.05.20	19:50:00	4532.21	4533.33	4530.95	4532.65	1443	0	29
2026.05.20	19:55:00	4532.51	4535.43	4531.19	4534.42	1391	0	29
2026.05.20	20:00:00	4534.58	4534.82	4531.42	4532.05	1421	0	29
2026.05.20	20:05:00	4532.03	4535.61	4531.29	4535.59	1291	0	29
2026.05.20	20:10:00	4535.59	4538.15	4533.31	4534.35	1502	0	29
2026.05.20	20:15:00	4534.33	4535.61	4533.02	4535.09	1399	0	29
2026.05.20	20:20:00	4535.11	4536.80	4533.11	4533.88	1478	0	29
2026.05.20	20:25:00	4533.89	4536.33	4530.89	4532.36	1513	0	29
2026.05.20	20:30:00	4532.37	4534.97	4529.89	4530.89	1406	0	29
2026.05.20	20:35:00	4530.90	4536.44	4530.16	4535.88	1459	0	29
2026.05.20	20:40:00	4535.83	4536.02	4532.95	4533.11	1142	0	29
2026.05.20	20:45:00	4533.04	4535.19	4532.30	4533.57	1159	0	29
2026.05.20	20:50:00	4533.57	4534.41	4531.91	4531.92	1107	0	29
2026.05.20	20:55:00	4531.93	4532.48	4530.20	4531.44	1042	0	29
2026.05.20	21:00:00	4531.38	4533.02	4529.49	4532.33	1218	0	29
2026.05.20	21:05:00	4532.33	4533.60	4530.48	4532.91	1219	0	29
2026.05.20	21:10:00	4532.90	4533.94	4532.25	4532.85	1159	0	29
2026.05.20	21:15:00	4532.84	4536.59	4532.83	4536.20	1259	0	29
2026.05.20	21:20:00	4536.21	4536.51	4532.69	4533.63	1276	0	29
2026.05.20	21:25:00	4533.60	4535.10	4531.88	4534.96	1441	0	29
2026.05.20	21:30:00	4534.96	4539.71	4534.96	4539.70	1172	0	29
2026.05.20	21:35:00	4539.88	4543.41	4539.70	4542.86	1177	0	29
2026.05.20	21:40:00	4542.86	4543.15	4536.99	4537.12	1179	0	29
2026.05.20	21:45:00	4537.22	4540.60	4536.83	4539.68	1287	0	29
2026.05.20	21:50:00	4539.67	4543.20	4539.16	4541.99	1177	0	29
2026.05.20	21:55:00	4541.99	4545.01	4541.83	4542.32	1188	0	29
2026.05.20	22:00:00	4542.34	4544.66	4542.01	4542.61	1128	0	29
2026.05.20	22:05:00	4542.58	4544.14	4541.78	4543.25	1108	0	29
2026.05.20	22:10:00	4543.24	4545.20	4542.83	4543.81	997	0	29
2026.05.20	22:15:00	4543.82	4545.70	4543.62	4545.67	1084	0	29
2026.05.20	22:20:00	4545.67	4545.98	4543.34	4544.15	1028	0	29
2026.05.20	22:25:00	4544.18	4545.61	4543.69	4545.05	996	0	29
2026.05.20	22:30:00	4545.05	4547.23	4545.05	4545.55	1053	0	29
2026.05.20	22:35:00	4545.54	4550.03	4545.27	4548.20	1134	0	29
2026.05.20	22:40:00	4548.16	4549.29	4545.48	4546.37	1210	0	29
2026.05.20	22:45:00	4546.37	4547.65	4545.58	4546.28	1128	0	29
2026.05.20	22:50:00	4546.13	4548.45	4545.39	4547.96	1389	0	29
2026.05.20	22:55:00	4547.99	4548.37	4545.39	4545.72	1468	0	29
2026.05.20	23:00:00	4545.63	4547.98	4545.63	4546.74	1064	0	29
2026.05.20	23:05:00	4546.77	4546.98	4545.35	4546.30	729	0	29
2026.05.20	23:10:00	4546.49	4550.34	4545.73	4546.65	797	0	29
2026.05.20	23:15:00	4546.66	4548.26	4545.38	4547.22	823	0	29
2026.05.20	23:20:00	4546.57	4546.59	4543.13	4545.23	1393	0	29
2026.05.20	23:25:00	4545.26	4546.54	4545.06	4545.64	1101	0	29
2026.05.20	23:30:00	4545.62	4546.27	4543.61	4543.96	1013	0	34
2026.05.20	23:35:00	4544.00	4544.96	4543.12	4543.74	808	0	34
2026.05.20	23:40:00	4543.69	4544.17	4542.66	4543.40	843	0	34
2026.05.20	23:45:00	4543.36	4544.60	4542.31	4542.85	801	0	34
2026.05.20	23:50:00	4542.88	4544.01	4541.96	4542.81	647	0	34
2026.05.20	23:55:00	4542.89	4543.78	4542.46	4543.77	403	0	34
2026.05.21	01:00:00	4545.35	4548.62	4543.06	4544.41	924	0	34
2026.05.21	01:05:00	4544.36	4546.76	4539.58	4539.58	893	0	34
2026.05.21	01:10:00	4539.88	4542.50	4538.68	4540.03	1019	0	34
2026.05.21	01:15:00	4540.04	4540.44	4537.20	4537.70	923	0	34
2026.05.21	01:20:00	4537.87	4538.47	4535.21	4536.89	942	0	34
2026.05.21	01:25:00	4536.90	4539.19	4536.31	4538.81	639	0	34
2026.05.21	01:30:00	4538.82	4542.48	4538.65	4541.21	812	0	29
2026.05.21	01:35:00	4541.21	4543.40	4540.56	4542.69	631	0	29
2026.05.21	01:40:00	4542.68	4543.09	4540.46	4542.15	635	0	29
2026.05.21	01:45:00	4542.14	4544.61	4540.57	4541.33	750	0	29
2026.05.21	01:50:00	4541.33	4542.15	4537.21	4540.81	939	0	29
2026.05.21	01:55:00	4540.77	4541.79	4537.91	4539.87	808	0	29
2026.05.21	02:00:00	4539.88	4542.05	4539.88	4542.04	577	0	29
2026.05.21	02:05:00	4542.04	4543.11	4538.64	4538.64	704	0	29
2026.05.21	02:10:00	4538.63	4540.35	4537.94	4539.84	611	0	29
2026.05.21	02:15:00	4539.85	4540.64	4538.88	4539.02	594	0	29
2026.05.21	02:20:00	4539.02	4539.23	4536.41	4537.20	770	0	29
2026.05.21	02:25:00	4537.20	4538.46	4534.61	4538.37	826	0	29
2026.05.21	02:30:00	4538.43	4541.15	4537.94	4539.95	853	0	29
2026.05.21	02:35:00	4539.95	4545.37	4539.84	4545.37	669	0	29
2026.05.21	02:40:00	4545.37	4545.37	4542.47	4542.87	716	0	29
2026.05.21	02:45:00	4542.88	4547.25	4541.86	4545.17	916	0	29
2026.05.21	02:50:00	4545.19	4545.35	4542.89	4544.86	788	0	29
2026.05.21	02:55:00	4544.84	4546.51	4543.96	4546.48	826	0	29
2026.05.21	03:00:00	4546.49	4548.81	4540.20	4542.44	1558	0	29
2026.05.21	03:05:00	4542.45	4545.04	4540.23	4544.38	1505	0	29
2026.05.21	03:10:00	4544.38	4545.60	4542.88	4544.88	1514	0	29
2026.05.21	03:15:00	4544.85	4553.12	4540.17	4545.97	1655	0	29
2026.05.21	03:20:00	4545.95	4546.48	4539.19	4541.20	1450	0	29
2026.05.21	03:25:00	4541.25	4545.05	4537.38	4543.65	1384	0	29
2026.05.21	03:30:00	4543.65	4545.02	4539.64	4544.42	1266	0	29
2026.05.21	03:35:00	4544.41	4545.01	4542.24	4542.41	1132	0	29
2026.05.21	03:40:00	4542.40	4543.90	4541.41	4543.70	983	0	29
2026.05.21	03:45:00	4543.70	4544.88	4542.01	4544.35	1117	0	29
2026.05.21	03:50:00	4544.36	4548.72	4543.62	4547.77	1026	0	29
2026.05.21	03:55:00	4547.69	4548.22	4544.94	4545.30	1170	0	29
2026.05.21	04:00:00	4545.23	4549.32	4539.85	4543.69	1877	0	29
2026.05.21	04:05:00	4543.74	4550.91	4541.06	4549.62	1610	0	29
2026.05.21	04:10:00	4549.64	4560.01	4549.45	4559.85	1771	0	29
2026.05.21	04:15:00	4559.85	4561.19	4558.30	4559.49	1564	0	29
2026.05.21	04:20:00	4559.50	4567.74	4557.26	4565.10	1554	0	29
2026.05.21	04:25:00	4565.10	4567.54	4560.50	4566.96	1505	0	29
2026.05.21	04:30:00	4566.92	4569.17	4561.96	4562.82	1661	0	29
2026.05.21	04:35:00	4562.82	4566.86	4561.61	4565.62	1458	0	29
2026.05.21	04:40:00	4565.61	4570.65	4565.60	4567.71	1414	0	29
2026.05.21	04:45:00	4567.71	4568.23	4565.28	4565.28	1341	0	29
2026.05.21	04:50:00	4565.28	4565.76	4558.99	4559.88	1539	0	29
2026.05.21	04:55:00	4559.84	4561.90	4559.38	4560.98	1535	0	29
2026.05.21	05:00:00	4560.97	4564.87	4556.85	4557.11	1434	0	29
2026.05.21	05:05:00	4557.05	4559.56	4555.26	4555.86	1517	0	29
2026.05.21	05:10:00	4555.85	4555.85	4550.69	4551.77	1480	0	29
2026.05.21	05:15:00	4551.76	4553.12	4547.19	4548.89	1369	0	29
2026.05.21	05:20:00	4548.89	4549.48	4546.38	4547.93	1252	0	29
2026.05.21	05:25:00	4547.95	4548.48	4539.65	4540.26	1274	0	29
2026.05.21	05:30:00	4540.31	4542.27	4533.99	4536.94	1670	0	29
2026.05.21	05:35:00	4536.94	4541.60	4536.94	4539.73	1285	0	29
2026.05.21	05:40:00	4539.75	4540.14	4534.27	4536.34	1467	0	29
2026.05.21	05:45:00	4536.33	4537.23	4531.47	4534.34	1410	0	29
2026.05.21	05:50:00	4534.33	4536.51	4533.24	4533.87	1297	0	29
2026.05.21	05:55:00	4533.88	4535.97	4532.56	4533.25	1403	0	29
2026.05.21	06:00:00	4533.03	4535.22	4531.53	4534.82	1348	0	29
2026.05.21	06:05:00	4534.82	4537.60	4534.29	4537.13	1207	0	29
2026.05.21	06:10:00	4537.13	4538.93	4536.57	4537.88	1089	0	29
2026.05.21	06:15:00	4537.91	4538.03	4532.99	4535.43	1153	0	29
2026.05.21	06:20:00	4535.46	4540.22	4535.40	4537.68	1197	0	29
2026.05.21	06:25:00	4537.69	4538.24	4534.18	4535.74	1183	0	29
2026.05.21	06:30:00	4535.66	4537.25	4533.47	4534.23	997	0	29
2026.05.21	06:35:00	4534.23	4534.60	4531.81	4532.57	955	0	29
2026.05.21	06:40:00	4532.57	4536.14	4531.89	4533.97	956	0	29
2026.05.21	06:45:00	4533.98	4534.37	4531.64	4531.83	824	0	29
2026.05.21	06:50:00	4531.83	4531.99	4527.17	4527.95	1029	0	29
2026.05.21	06:55:00	4528.16	4529.65	4527.25	4528.20	1128	0	29
2026.05.21	07:00:00	4528.21	4532.89	4527.35	4531.95	964	0	29
2026.05.21	07:05:00	4531.95	4533.59	4530.93	4532.61	920	0	29
2026.05.21	07:10:00	4532.62	4536.46	4532.37	4536.01	825	0	29
2026.05.21	07:15:00	4536.03	4536.43	4534.40	4534.50	896	0	29
2026.05.21	07:20:00	4534.51	4537.09	4534.39	4536.69	744	0	29
2026.05.21	07:25:00	4536.72	4540.09	4536.70	4539.77	918	0	29
2026.05.21	07:30:00	4539.77	4540.36	4536.50	4536.81	925	0	29
2026.05.21	07:35:00	4536.80	4537.36	4533.82	4537.10	902	0	29
2026.05.21	07:40:00	4537.15	4538.14	4536.28	4537.15	754	0	29
2026.05.21	07:45:00	4537.15	4537.21	4535.44	4536.24	759	0	29
2026.05.21	07:50:00	4536.26	4538.69	4535.78	4535.95	777	0	29
2026.05.21	07:55:00	4535.96	4539.24	4535.96	4538.43	895	0	29
2026.05.21	08:00:00	4538.43	4540.40	4536.68	4538.04	1063	0	29
2026.05.21	08:05:00	4538.04	4538.38	4530.96	4531.65	1208	0	29
2026.05.21	08:10:00	4531.65	4533.24	4529.73	4530.70	1217	0	29
2026.05.21	08:15:00	4530.69	4531.05	4526.11	4527.04	1131	0	29
2026.05.21	08:20:00	4527.04	4527.36	4524.88	4524.98	1089	0	29
2026.05.21	08:25:00	4524.99	4528.10	4521.59	4522.79	1338	0	29
2026.05.21	08:30:00	4522.91	4527.00	4518.60	4525.77	1703	0	29
2026.05.21	08:35:00	4525.78	4527.17	4521.38	4525.63	1531	0	29
2026.05.21	08:40:00	4525.64	4526.77	4524.30	4525.91	1405	0	29
2026.05.21	08:45:00	4525.92	4526.73	4518.54	4523.00	1571	0	29
2026.05.21	08:50:00	4523.27	4529.92	4522.77	4529.67	1488	0	29
2026.05.21	08:55:00	4529.67	4529.69	4525.76	4527.88	1324	0	29
2026.05.21	09:00:00	4527.86	4535.36	4526.63	4533.51	1408	0	29
2026.05.21	09:05:00	4533.52	4535.18	4531.13	4531.21	1110	0	29
2026.05.21	09:10:00	4531.18	4532.38	4527.28	4531.43	1473	0	29
2026.05.21	09:15:00	4531.47	4532.83	4528.53	4530.40	1425	0	29
2026.05.21	09:20:00	4530.39	4539.82	4529.52	4534.15	1616	0	29
2026.05.21	09:25:00	4534.13	4535.30	4529.94	4533.06	1419	0	29
2026.05.21	09:30:00	4533.06	4535.01	4528.09	4529.70	1482	0	29
2026.05.21	09:35:00	4529.71	4531.30	4527.36	4527.67	1415	0	29
2026.05.21	09:40:00	4527.89	4527.91	4522.94	4524.90	1371	0	29
2026.05.21	09:45:00	4524.91	4526.31	4521.93	4523.80	1396	0	29
2026.05.21	09:50:00	4523.79	4524.16	4520.48	4522.46	1591	0	29
2026.05.21	09:55:00	4522.47	4523.24	4518.84	4521.48	1602	0	29
2026.05.21	10:00:00	4521.56	4524.35	4519.12	4520.78	1548	0	29
2026.05.21	10:05:00	4520.74	4522.57	4518.17	4521.92	1372	0	29
2026.05.21	10:10:00	4521.91	4522.21	4519.11	4520.50	1377	0	29
2026.05.21	10:15:00	4520.04	4521.45	4517.38	4521.13	1497	0	29
2026.05.21	10:20:00	4521.12	4523.47	4517.34	4518.13	1377	0	29
2026.05.21	10:25:00	4518.12	4518.84	4511.97	4512.83	1405	0	29
2026.05.21	10:30:00	4512.90	4517.25	4512.05	4516.73	1302	0	29
2026.05.21	10:35:00	4516.64	4517.34	4514.43	4515.40	1222	0	29
2026.05.21	10:40:00	4515.41	4517.10	4514.24	4516.36	1039	0	29
2026.05.21	10:45:00	4516.35	4518.14	4514.22	4518.13	1023	0	29
2026.05.21	10:50:00	4518.03	4523.28	4515.73	4520.95	1288	0	29
2026.05.21	10:55:00	4520.90	4522.73	4519.55	4519.61	1041	0	29
2026.05.21	11:00:00	4519.71	4523.68	4518.29	4523.33	1381	0	29
2026.05.21	11:05:00	4523.45	4529.10	4522.29	4528.61	1432	0	29
2026.05.21	11:10:00	4528.59	4535.66	4527.62	4534.21	1710	0	29
2026.05.21	11:15:00	4534.42	4536.74	4530.06	4530.29	1723	0	29
2026.05.21	11:20:00	4530.31	4533.03	4529.61	4532.87	1418	0	29
2026.05.21	11:25:00	4532.87	4536.75	4529.22	4535.74	1434	0	29
2026.05.21	11:30:00	4535.66	4535.66	4528.25	4529.45	1583	0	29
2026.05.21	11:35:00	4529.50	4531.22	4526.53	4528.03	1339	0	29
2026.05.21	11:40:00	4528.16	4532.39	4527.95	4529.07	1216	0	29
2026.05.21	11:45:00	4529.46	4532.85	4528.24	4530.55	1375	0	29
2026.05.21	11:50:00	4530.54	4532.69	4529.98	4532.42	1264	0	29
2026.05.21	11:55:00	4532.41	4534.55	4532.29	4532.51	1361	0	29
2026.05.21	12:00:00	4532.48	4533.93	4532.01	4532.26	1304	0	29
2026.05.21	12:05:00	4532.24	4535.96	4531.77	4533.70	1434	0	29
2026.05.21	12:10:00	4533.72	4540.42	4533.19	4537.74	1345	0	29
2026.05.21	12:15:00	4537.74	4540.98	4536.38	4540.53	1318	0	29
2026.05.21	12:20:00	4540.52	4542.50	4537.16	4537.34	1350	0	29
2026.05.21	12:25:00	4537.34	4539.49	4535.40	4536.88	1250	0	29
2026.05.21	12:30:00	4536.85	4542.91	4533.80	4535.24	1416	0	29
2026.05.21	12:35:00	4535.25	4536.67	4532.53	4532.59	1206	0	29
2026.05.21	12:40:00	4532.58	4534.68	4529.62	4529.82	1256	0	29
2026.05.21	12:45:00	4529.81	4531.94	4527.74	4531.41	1225	0	29
2026.05.21	12:50:00	4531.40	4533.03	4531.31	4532.67	932	0	29
2026.05.21	12:55:00	4532.69	4533.04	4529.76	4530.60	1018	0	29
2026.05.21	13:00:00	4530.60	4533.54	4530.05	4533.54	1124	0	29
2026.05.21	13:05:00	4533.46	4535.15	4530.69	4534.78	1250	0	29
2026.05.21	13:10:00	4534.72	4535.21	4529.95	4532.64	1249	0	29
2026.05.21	13:15:00	4532.71	4534.66	4530.75	4534.42	1340	0	29
2026.05.21	13:20:00	4534.41	4534.50	4532.05	4534.20	1086	0	29
2026.05.21	13:25:00	4534.20	4534.67	4510.78	4518.03	2063	0	29
2026.05.21	13:30:00	4518.20	4518.20	4508.20	4514.54	1938	0	29
2026.05.21	13:35:00	4514.55	4517.93	4507.60	4508.78	1829	0	29
2026.05.21	13:40:00	4508.59	4518.05	4505.01	4516.92	1856	0	29
2026.05.21	13:45:00	4516.95	4517.82	4513.84	4516.58	1711	0	29
2026.05.21	13:50:00	4516.54	4517.21	4510.82	4515.73	1623	0	29
2026.05.21	13:55:00	4515.66	4516.33	4510.76	4511.47	1677	0	29
2026.05.21	14:00:00	4511.49	4519.98	4510.69	4516.22	1743	0	29
2026.05.21	14:05:00	4516.24	4518.21	4514.94	4516.72	1514	0	29
2026.05.21	14:10:00	4516.70	4518.12	4515.16	4516.28	1360	0	29
2026.05.21	14:15:00	4516.27	4519.68	4515.65	4519.16	1259	0	29
2026.05.21	14:20:00	4519.13	4521.20	4514.88	4515.88	1500	0	29
2026.05.21	14:25:00	4515.87	4515.87	4512.52	4514.03	1292	0	29
2026.05.21	14:30:00	4514.10	4515.86	4510.30	4510.65	1216	0	29
2026.05.21	14:35:00	4510.66	4512.14	4508.06	4510.71	1366	0	29
2026.05.21	14:40:00	4510.65	4514.09	4510.34	4512.17	1264	0	29
2026.05.21	14:45:00	4512.17	4515.07	4511.80	4513.27	1130	0	29
2026.05.21	14:50:00	4513.23	4517.28	4512.72	4514.21	1194	0	29
2026.05.21	14:55:00	4514.21	4514.29	4510.88	4513.99	1396	0	29
2026.05.21	15:00:00	4514.04	4516.79	4514.01	4515.47	1356	0	29
2026.05.21	15:05:00	4515.44	4518.28	4513.67	4517.92	1439	0	29
2026.05.21	15:10:00	4517.89	4519.22	4513.68	4514.57	1390	0	29
2026.05.21	15:15:00	4514.59	4514.66	4509.72	4512.48	1404	0	29
2026.05.21	15:20:00	4512.65	4512.81	4506.12	4506.61	1584	0	29
2026.05.21	15:25:00	4506.69	4507.92	4504.38	4507.13	1376	0	29
2026.05.21	15:30:00	4507.15	4517.78	4505.60	4514.58	1678	0	29
2026.05.21	15:35:00	4514.60	4516.99	4508.69	4511.89	1803	0	29
2026.05.21	15:40:00	4511.88	4515.03	4510.19	4514.95	1624	0	29
2026.05.21	15:45:00	4514.96	4518.06	4509.74	4510.17	1551	0	29
2026.05.21	15:50:00	4510.14	4510.81	4507.20	4508.07	1541	0	29
2026.05.21	15:55:00	4508.09	4509.55	4502.48	4504.06	1629	0	29
2026.05.21	16:00:00	4504.07	4512.21	4499.56	4512.10	1906	0	29
2026.05.21	16:05:00	4512.11	4512.68	4501.77	4504.73	1815	0	29
2026.05.21	16:10:00	4504.73	4505.21	4500.84	4502.25	1740	0	29
2026.05.21	16:15:00	4502.25	4505.46	4496.95	4499.03	1768	0	29
2026.05.21	16:20:00	4499.06	4502.84	4496.72	4498.17	1767	0	29
2026.05.21	16:25:00	4498.19	4500.65	4495.50	4500.65	1645	0	29
2026.05.21	16:30:00	4500.94	4500.98	4490.10	4494.00	2001	0	29
2026.05.21	16:35:00	4493.98	4495.77	4488.58	4492.05	1997	0	29
2026.05.21	16:40:00	4492.06	4502.63	4491.96	4497.89	1905	0	29
2026.05.21	16:45:00	4498.10	4503.45	4494.91	4500.08	1950	0	29
2026.05.21	16:50:00	4500.08	4521.05	4499.43	4518.05	2059	0	29
2026.05.21	16:55:00	4518.04	4520.67	4511.82	4513.28	2039	0	29
2026.05.21	17:00:00	4513.20	4515.41	4505.52	4507.34	1993	0	29
2026.05.21	17:05:00	4507.31	4510.27	4502.61	4505.12	1905	0	29
2026.05.21	17:10:00	4505.17	4509.89	4503.72	4507.99	1854	0	29
2026.05.21	17:15:00	4508.32	4509.08	4498.60	4501.99	2018	0	29
2026.05.21	17:20:00	4501.95	4503.89	4498.10	4502.17	1990	0	29
2026.05.21	17:25:00	4502.10	4507.71	4501.32	4507.38	1864	0	29
2026.05.21	17:30:00	4507.40	4509.87	4505.14	4507.17	1842	0	29
2026.05.21	17:35:00	4507.18	4511.26	4506.53	4508.69	1775	0	29
2026.05.21	17:40:00	4508.66	4509.05	4502.47	4504.73	1838	0	29
2026.05.21	17:45:00	4504.71	4509.46	4501.78	4504.19	1857	0	29
2026.05.21	17:50:00	4504.20	4509.33	4501.95	4509.09	1887	0	29
2026.05.21	17:55:00	4509.05	4510.48	4507.13	4508.78	1880	0	29
2026.05.21	18:00:00	4508.80	4510.03	4503.15	4504.70	1864	0	29
2026.05.21	18:05:00	4504.72	4505.25	4496.67	4501.57	1958	0	29
2026.05.21	18:10:00	4501.56	4515.05	4499.51	4510.01	1969	0	29
2026.05.21	18:15:00	4509.96	4511.53	4507.14	4508.11	1851	0	29
2026.05.21	18:20:00	4508.12	4509.89	4503.10	4504.44	1753	0	29
2026.05.21	18:25:00	4504.34	4505.25	4502.26	4503.28	1674	0	29
2026.05.21	18:30:00	4503.36	4508.71	4502.55	4507.29	1673	0	29
2026.05.21	18:35:00	4507.24	4509.77	4506.63	4509.25	1559	0	29
2026.05.21	18:40:00	4509.34	4509.49	4506.45	4506.92	1505	0	29
2026.05.21	18:45:00	4506.91	4510.46	4506.61	4510.32	1434	0	29
2026.05.21	18:50:00	4510.55	4512.57	4509.49	4510.90	1411	0	29
2026.05.21	18:55:00	4510.89	4512.63	4509.36	4511.94	1420	0	29
2026.05.21	19:00:00	4511.97	4518.84	4511.97	4515.52	1704	0	29
2026.05.21	19:05:00	4515.53	4520.72	4515.05	4519.77	1693	0	29
2026.05.21	19:10:00	4519.79	4519.97	4514.82	4517.15	1700	0	29
2026.05.21	19:15:00	4517.14	4518.61	4514.49	4518.54	1526	0	29
2026.05.21	19:20:00	4518.53	4518.81	4515.48	4516.92	1574	0	29
2026.05.21	19:25:00	4516.90	4517.85	4515.93	4516.51	1462	0	29
2026.05.21	19:30:00	4516.53	4518.93	4516.17	4518.06	1458	0	29
2026.05.21	19:35:00	4518.08	4519.30	4516.05	4516.65	1439	0	29
2026.05.21	19:40:00	4516.65	4518.24	4515.49	4518.03	1169	0	29
2026.05.21	19:45:00	4518.04	4520.20	4517.15	4517.32	1326	0	29
2026.05.21	19:50:00	4517.32	4518.88	4516.23	4517.44	1301	0	29
2026.05.21	19:55:00	4517.43	4519.56	4516.95	4519.43	1337	0	29
2026.05.21	20:00:00	4519.43	4521.74	4516.10	4516.29	1565	0	29
2026.05.21	20:05:00	4516.27	4518.37	4514.14	4517.95	1365	0	29
2026.05.21	20:10:00	4517.92	4531.64	4517.86	4526.14	2058	0	29
2026.05.21	20:15:00	4526.38	4540.53	4526.12	4535.17	2112	0	29
2026.05.21	20:20:00	4535.20	4546.26	4533.27	4536.70	2112	0	29
2026.05.21	20:25:00	4536.71	4541.97	4535.50	4541.64	1891	0	29
2026.05.21	20:30:00	4541.49	4548.95	4538.67	4542.18	1893	0	29
2026.05.21	20:35:00	4542.35	4544.92	4541.84	4542.36	1764	0	29
2026.05.21	20:40:00	4542.45	4548.20	4542.31	4548.18	1773	0	29
2026.05.21	20:45:00	4548.18	4553.41	4544.95	4553.30	1765	0	29
2026.05.21	20:50:00	4553.20	4557.76	4551.62	4556.63	1812	0	29
2026.05.21	20:55:00	4556.85	4559.28	4551.30	4551.45	1894	0	29
2026.05.21	21:00:00	4551.39	4556.08	4543.98	4544.36	1851	0	29
2026.05.21	21:05:00	4544.15	4549.66	4542.99	4548.71	1833	0	29
2026.05.21	21:10:00	4548.70	4549.23	4544.28	4545.99	1759	0	29
2026.05.21	21:15:00	4546.02	4549.67	4544.32	4549.39	1644	0	29
2026.05.21	21:20:00	4549.36	4550.62	4546.68	4550.32	1611	0	29
2026.05.21	21:25:00	4550.31	4550.57	4547.03	4548.38	1599	0	29
2026.05.21	21:30:00	4548.36	4549.41	4545.07	4546.47	1432	0	29
2026.05.21	21:35:00	4546.42	4546.44	4542.76	4543.37	1449	0	29
2026.05.21	21:40:00	4543.35	4547.07	4542.81	4545.24	1425	0	29
2026.05.21	21:45:00	4545.26	4546.01	4535.78	4538.21	1617	0	29
2026.05.21	21:50:00	4538.40	4541.47	4527.75	4527.75	1966	0	29
2026.05.21	21:55:00	4527.74	4532.03	4527.44	4531.89	2019	0	29
2026.05.21	22:00:00	4531.79	4537.13	4531.51	4535.76	1779	0	29
2026.05.21	22:05:00	4535.74	4537.24	4529.96	4536.62	1677	0	29
2026.05.21	22:10:00	4536.62	4537.80	4534.41	4537.80	1488	0	29
2026.05.21	22:15:00	4537.80	4541.40	4537.79	4541.37	1343	0	29
2026.05.21	22:20:00	4541.38	4542.04	4539.01	4539.49	1281	0	29
2026.05.21	22:25:00	4539.49	4540.40	4537.69	4538.80	1322	0	29
2026.05.21	22:30:00	4538.82	4540.68	4538.63	4539.23	1366	0	29
2026.05.21	22:35:00	4539.15	4542.47	4539.15	4542.20	1216	0	29
2026.05.21	22:40:00	4542.30	4543.26	4539.12	4539.30	1302	0	29
2026.05.21	22:45:00	4539.31	4542.05	4538.99	4541.55	1242	0	29
2026.05.21	22:50:00	4541.80	4543.08	4534.64	4536.30	1507	0	29
2026.05.21	22:55:00	4536.40	4543.68	4535.42	4543.00	1778	0	29
2026.05.21	23:00:00	4543.02	4544.12	4541.19	4542.00	1176	0	29
2026.05.21	23:05:00	4542.03	4544.75	4541.12	4541.35	954	0	29
2026.05.21	23:10:00	4541.35	4543.14	4541.12	4542.49	729	0	29
2026.05.21	23:15:00	4542.48	4542.48	4541.21	4541.69	670	0	29
2026.05.21	23:20:00	4541.70	4542.65	4540.57	4540.83	635	0	29
2026.05.21	23:25:00	4540.83	4541.33	4540.22	4541.28	539	0	29
2026.05.21	23:30:00	4541.26	4542.13	4540.40	4540.85	496	0	34
2026.05.21	23:35:00	4540.85	4541.91	4540.27	4541.52	448	0	34
2026.05.21	23:40:00	4541.44	4541.79	4540.33	4540.65	434	0	34
2026.05.21	23:45:00	4540.66	4541.20	4540.30	4540.46	513	0	34
2026.05.21	23:50:00	4540.46	4542.00	4539.75	4541.70	575	0	34
2026.05.21	23:55:00	4541.70	4542.66	4541.53	4542.54	347	0	34
2026.05.22	01:00:00	4544.13	4545.94	4540.86	4544.80	673	0	34
2026.05.22	01:05:00	4544.80	4544.82	4540.41	4540.46	939	0	34
2026.05.22	01:10:00	4540.45	4543.28	4539.81	4541.85	505	0	34
2026.05.22	01:15:00	4541.85	4543.18	4541.51	4542.49	598	0	34
2026.05.22	01:20:00	4542.49	4542.52	4541.57	4541.81	549	0	34
2026.05.22	01:25:00	4541.78	4541.83	4539.96	4541.09	655	0	34
2026.05.22	01:30:00	4541.09	4541.55	4540.45	4540.85	426	0	29
2026.05.22	01:35:00	4540.84	4541.51	4539.70	4540.31	493	0	29
2026.05.22	01:40:00	4540.33	4543.65	4540.20	4542.62	681	0	29
2026.05.22	01:45:00	4542.62	4543.25	4541.82	4542.12	444	0	29
2026.05.22	01:50:00	4542.11	4542.33	4540.91	4541.00	492	0	29
2026.05.22	01:55:00	4540.93	4543.32	4540.85	4543.31	573	0	29
2026.05.22	02:00:00	4543.32	4545.08	4543.00	4543.56	656	0	29
2026.05.22	02:05:00	4543.56	4543.87	4542.68	4543.32	500	0	29
2026.05.22	02:10:00	4543.32	4544.32	4542.86	4543.77	512	0	29
2026.05.22	02:15:00	4543.77	4544.43	4541.28	4541.56	601	0	29
2026.05.22	02:20:00	4541.56	4541.81	4537.55	4539.17	655	0	29
2026.05.22	02:25:00	4539.17	4541.19	4538.94	4540.54	469	0	29
2026.05.22	02:30:00	4540.53	4540.53	4536.81	4537.66	699	0	29
2026.05.22	02:35:00	4537.65	4537.98	4535.61	4537.66	619	0	29
2026.05.22	02:40:00	4537.65	4537.89	4532.69	4532.69	835	0	29
2026.05.22	02:45:00	4532.66	4535.98	4532.58	4535.85	884	0	29
2026.05.22	02:50:00	4535.86	4536.53	4532.64	4532.91	829	0	29
2026.05.22	02:55:00	4532.91	4535.91	4532.88	4535.42	738	0	29
2026.05.22	03:00:00	4535.42	4536.91	4530.94	4532.06	1352	0	29
2026.05.22	03:05:00	4532.08	4534.43	4531.58	4533.63	1281	0	29
2026.05.22	03:10:00	4533.63	4533.63	4531.33	4531.33	1230	0	29
2026.05.22	03:15:00	4531.33	4534.10	4530.26	4532.21	1273	0	29
2026.05.22	03:20:00	4532.23	4537.26	4531.93	4534.05	1257	0	29
2026.05.22	03:25:00	4534.04	4536.49	4533.01	4536.26	1082	0	29
2026.05.22	03:30:00	4536.25	4538.76	4535.77	4536.99	1152	0	29
2026.05.22	03:35:00	4536.95	4541.02	4536.24	4540.12	1164	0	29
2026.05.22	03:40:00	4540.12	4540.82	4537.31	4537.92	1110	0	29
2026.05.22	03:45:00	4538.04	4538.87	4533.96	4534.64	1124	0	29
2026.05.22	03:50:00	4534.70	4536.02	4527.53	4529.16	1262	0	29
2026.05.22	03:55:00	4529.10	4530.57	4525.63	4526.70	1289	0	29
2026.05.22	04:00:00	4526.76	4536.22	4526.09	4529.97	1864	0	29
2026.05.22	04:05:00	4530.02	4530.95	4523.35	4525.31	1680	0	29
2026.05.22	04:10:00	4525.37	4529.89	4524.53	4529.63	1388	0	29
2026.05.22	04:15:00	4529.62	4532.75	4528.49	4531.46	1377	0	29
2026.05.22	04:20:00	4531.47	4533.40	4527.63	4528.17	1323	0	29
2026.05.22	04:25:00	4528.16	4532.03	4526.32	4528.98	1283	0	29
2026.05.22	04:30:00	4528.96	4529.81	4524.25	4525.66	1412	0	29
2026.05.22	04:35:00	4525.66	4526.46	4521.92	4523.06	1489	0	29
2026.05.22	04:40:00	4523.04	4527.63	4521.08	4525.11	1473	0	29
2026.05.22	04:45:00	4525.11	4528.98	4524.79	4527.87	1412	0	29
2026.05.22	04:50:00	4527.85	4531.87	4526.73	4527.40	1435	0	29
2026.05.22	04:55:00	4527.39	4527.80	4525.17	4526.33	1412	0	29
2026.05.22	05:00:00	4526.26	4528.49	4524.86	4526.87	1375	0	29
2026.05.22	05:05:00	4526.87	4526.95	4521.44	4525.93	1462	0	29
2026.05.22	05:10:00	4525.94	4529.33	4524.87	4527.51	1218	0	29
2026.05.22	05:15:00	4527.58	4528.98	4523.86	4523.94	1012	0	29
2026.05.22	05:20:00	4523.98	4525.88	4522.65	4524.16	1017	0	29
2026.05.22	05:25:00	4524.15	4525.41	4523.49	4524.59	914	0	29
2026.05.22	05:30:00	4524.59	4524.59	4518.55	4520.07	1520	0	29
2026.05.22	05:35:00	4520.09	4522.51	4519.72	4521.93	1162	0	29
2026.05.22	05:40:00	4521.93	4524.48	4521.43	4522.56	1206	0	29
2026.05.22	05:45:00	4522.56	4525.11	4522.07	4524.98	1135	0	29
2026.05.22	05:50:00	4524.98	4527.05	4521.95	4522.14	1219	0	29
2026.05.22	05:55:00	4522.15	4523.25	4519.52	4523.17	1252	0	29
2026.05.22	06:00:00	4523.15	4525.09	4521.51	4524.96	1254	0	29
2026.05.22	06:05:00	4524.96	4525.22	4521.18	4522.30	1148	0	29
2026.05.22	06:10:00	4522.29	4524.53	4520.59	4521.07	1023	0	29
2026.05.22	06:15:00	4521.07	4522.74	4520.01	4521.64	1120	0	29
2026.05.22	06:20:00	4521.64	4522.90	4519.95	4520.53	1117	0	29
2026.05.22	06:25:00	4520.52	4522.18	4519.18	4521.72	1006	0	29
2026.05.22	06:30:00	4521.75	4526.07	4521.73	4524.00	1180	0	29
2026.05.22	06:35:00	4524.08	4525.86	4522.97	4524.58	748	0	29
2026.05.22	06:40:00	4524.64	4527.64	4523.54	4526.89	837	0	29
2026.05.22	06:45:00	4526.88	4529.92	4526.74	4529.24	817	0	29
2026.05.22	06:50:00	4529.23	4529.43	4526.37	4527.47	785	0	29
2026.05.22	06:55:00	4527.47	4529.49	4527.17	4529.43	676	0	29
2026.05.22	07:00:00	4529.42	4530.03	4528.28	4528.55	746	0	29
2026.05.22	07:05:00	4528.55	4530.00	4528.17	4528.42	871	0	29
2026.05.22	07:10:00	4528.49	4529.88	4527.80	4529.15	808	0	29
2026.05.22	07:15:00	4529.16	4529.97	4528.10	4528.20	728	0	29
2026.05.22	07:20:00	4528.20	4529.27	4527.60	4528.11	744	0	29
2026.05.22	07:25:00	4528.11	4532.94	4527.92	4532.24	870	0	29
2026.05.22	07:30:00	4532.24	4532.72	4529.64	4529.99	889	0	29
2026.05.22	07:35:00	4529.98	4530.13	4526.13	4526.49	909	0	29
2026.05.22	07:40:00	4526.46	4529.27	4525.43	4529.02	888	0	29
2026.05.22	07:45:00	4529.01	4529.34	4528.16	4528.36	654	0	29
2026.05.22	07:50:00	4528.36	4530.14	4528.18	4528.86	622	0	29
2026.05.22	07:55:00	4528.85	4529.35	4527.04	4527.20	719	0	29
2026.05.22	08:00:00	4527.18	4529.60	4523.63	4525.63	1058	0	29
2026.05.22	08:05:00	4525.65	4527.72	4525.53	4526.54	806	0	29
2026.05.22	08:10:00	4526.54	4526.76	4525.10	4525.45	750	0	29
2026.05.22	08:15:00	4525.36	4526.39	4523.41	4526.15	852	0	29
2026.05.22	08:20:00	4526.13	4528.80	4525.78	4527.07	893	0	29
2026.05.22	08:25:00	4527.04	4529.07	4525.89	4526.03	947	0	29
2026.05.22	08:30:00	4526.08	4531.21	4525.10	4528.71	1478	0	29
2026.05.22	08:35:00	4528.71	4533.99	4528.25	4533.76	1332	0	29
2026.05.22	08:40:00	4533.76	4534.13	4531.37	4534.12	1377	0	29
2026.05.22	08:45:00	4534.13	4534.20	4531.12	4532.41	1113	0	29
2026.05.22	08:50:00	4532.39	4534.17	4528.55	4528.83	1260	0	29
2026.05.22	08:55:00	4528.81	4528.86	4507.34	4511.21	1883	0	29
2026.05.22	09:00:00	4511.05	4519.24	4509.99	4518.86	1841	0	29
2026.05.22	09:05:00	4518.86	4523.18	4518.43	4522.65	1641	0	29
2026.05.22	09:10:00	4522.55	4524.28	4521.10	4521.51	1526	0	29
2026.05.22	09:15:00	4521.49	4522.90	4516.40	4518.73	1583	0	29
2026.05.22	09:20:00	4518.76	4525.45	4517.19	4522.62	1456	0	29
2026.05.22	09:25:00	4522.62	4525.99	4521.96	4525.20	1436	0	29
2026.05.22	09:30:00	4525.19	4527.35	4523.17	4525.76	1500	0	29
2026.05.22	09:35:00	4525.73	4526.93	4522.73	4523.01	1232	0	29
2026.05.22	09:40:00	4523.01	4526.58	4521.60	4526.57	1257	0	29
2026.05.22	09:45:00	4526.59	4528.85	4525.20	4527.11	1254	0	29
2026.05.22	09:50:00	4527.11	4528.26	4523.84	4525.03	1261	0	29
2026.05.22	09:55:00	4525.04	4527.64	4524.95	4526.81	1336	0	29
2026.05.22	10:00:00	4526.81	4527.03	4522.91	4526.05	1490	0	29
2026.05.22	10:05:00	4526.06	4526.45	4522.75	4525.29	1314	0	29
2026.05.22	10:10:00	4525.29	4526.14	4521.41	4522.39	1228	0	29
2026.05.22	10:15:00	4522.42	4525.53	4522.25	4524.94	1181	0	29
2026.05.22	10:20:00	4524.96	4527.27	4524.51	4526.42	1089	0	29
2026.05.22	10:25:00	4526.42	4527.35	4524.35	4525.80	1139	0	29
2026.05.22	10:30:00	4525.80	4525.84	4521.37	4522.51	1352	0	29
2026.05.22	10:35:00	4522.53	4523.35	4517.27	4517.30	1362	0	29
2026.05.22	10:40:00	4517.17	4520.83	4516.10	4519.86	1249	0	29
2026.05.22	10:45:00	4519.86	4520.28	4517.54	4518.46	1194	0	29
2026.05.22	10:50:00	4518.37	4522.77	4517.81	4521.64	1212	0	29
2026.05.22	10:55:00	4521.67	4523.21	4521.14	4521.81	959	0	29
2026.05.22	11:00:00	4521.82	4525.94	4521.55	4524.93	1302	0	29
2026.05.22	11:05:00	4524.96	4527.46	4523.75	4526.95	1243	0	29
2026.05.22	11:10:00	4526.93	4529.95	4524.41	4524.70	1211	0	29
2026.05.22	11:15:00	4524.68	4528.71	4523.71	4528.11	1446	0	29
2026.05.22	11:20:00	4528.09	4531.16	4525.88	4527.94	1521	0	29
2026.05.22	11:25:00	4527.95	4528.83	4524.37	4526.71	1320	0	29
2026.05.22	11:30:00	4526.89	4527.30	4518.73	4519.97	1310	0	29
2026.05.22	11:35:00	4520.00	4524.02	4516.95	4521.84	1630	0	29
2026.05.22	11:40:00	4521.85	4522.98	4521.03	4522.42	1259	0	29
2026.05.22	11:45:00	4522.42	4524.13	4522.42	4522.65	1094	0	29
2026.05.22	11:50:00	4522.66	4524.80	4521.88	4524.03	1148	0	29
2026.05.22	11:55:00	4523.99	4524.06	4521.54	4521.84	1085	0	29
2026.05.22	12:00:00	4521.84	4524.87	4520.62	4523.97	1202	0	29
2026.05.22	12:05:00	4523.90	4525.54	4520.08	4522.12	1296	0	29
2026.05.22	12:10:00	4522.17	4523.11	4517.13	4517.23	1087	0	29
2026.05.22	12:15:00	4517.22	4519.40	4515.16	4518.67	1379	0	29
2026.05.22	12:20:00	4518.54	4519.73	4518.13	4519.23	1038	0	29
2026.05.22	12:25:00	4519.24	4520.49	4517.08	4517.75	1227	0	29
2026.05.22	12:30:00	4517.74	4519.44	4514.77	4519.44	1349	0	29
2026.05.22	12:35:00	4519.44	4524.45	4518.44	4524.36	1148	0	29
2026.05.22	12:40:00	4524.38	4525.99	4522.87	4525.10	1051	0	29
2026.05.22	12:45:00	4525.16	4528.72	4524.66	4528.45	986	0	29
2026.05.22	12:50:00	4528.56	4535.96	4528.56	4533.08	1216	0	29
2026.05.22	12:55:00	4533.07	4535.28	4532.13	4532.15	1216	0	29
2026.05.22	13:00:00	4532.15	4532.51	4529.61	4529.64	1084	0	29
2026.05.22	13:05:00	4529.64	4536.70	4529.60	4535.54	1168	0	29
2026.05.22	13:10:00	4535.51	4536.80	4533.80	4533.80	1106	0	29
2026.05.22	13:15:00	4533.82	4534.14	4531.39	4531.43	1129	0	29
2026.05.22	13:20:00	4531.40	4531.47	4527.77	4529.76	1039	0	29
2026.05.22	13:25:00	4529.77	4530.39	4524.55	4524.78	1138	0	29
2026.05.22	13:30:00	4524.77	4525.48	4518.72	4518.76	1357	0	29
2026.05.22	13:35:00	4518.84	4520.68	4514.60	4518.03	1450	0	29
2026.05.22	13:40:00	4518.07	4518.26	4512.27	4512.46	1316	0	29
2026.05.22	13:45:00	4512.46	4514.82	4510.19	4512.85	1238	0	29
2026.05.22	13:50:00	4512.88	4514.93	4512.39	4512.41	1101	0	29
2026.05.22	13:55:00	4512.40	4515.09	4511.91	4514.65	1064	0	29
2026.05.22	14:00:00	4514.56	4516.51	4513.81	4516.24	1185	0	29
2026.05.22	14:05:00	4516.25	4517.25	4515.43	4516.30	1111	0	29
2026.05.22	14:10:00	4516.29	4516.42	4513.90	4515.88	1064	0	29
2026.05.22	14:15:00	4515.87	4515.87	4511.90	4512.95	1129	0	29
2026.05.22	14:20:00	4512.96	4513.76	4512.08	4512.51	1071	0	29
2026.05.22	14:25:00	4512.51	4514.92	4511.84	4512.03	1045	0	29
2026.05.22	14:30:00	4512.03	4517.35	4511.54	4517.16	1087	0	29
2026.05.22	14:35:00	4517.17	4520.30	4516.69	4518.73	1114	0	29
2026.05.22	14:40:00	4518.75	4523.04	4517.04	4521.65	1221	0	29
2026.05.22	14:45:00	4521.65	4525.01	4521.12	4522.40	1360	0	29
2026.05.22	14:50:00	4522.44	4524.00	4521.79	4523.10	1201	0	29
2026.05.22	14:55:00	4523.14	4523.44	4520.11	4520.61	1139	0	29
2026.05.22	15:00:00	4520.59	4522.16	4518.86	4521.55	1256	0	29
2026.05.22	15:05:00	4521.40	4523.10	4519.19	4519.94	1202	0	29
2026.05.22	15:10:00	4519.94	4529.92	4519.59	4529.26	1684	0	29
2026.05.22	15:15:00	4529.18	4535.72	4526.12	4533.21	1783	0	29
2026.05.22	15:20:00	4533.23	4534.23	4524.44	4527.35	1769	0	29
2026.05.22	15:25:00	4527.28	4528.37	4521.08	4521.65	1484	0	29
2026.05.22	15:30:00	4521.70	4523.61	4517.55	4518.12	1548	0	29
2026.05.22	15:35:00	4518.14	4518.69	4515.00	4517.78	1426	0	29
2026.05.22	15:40:00	4517.78	4519.57	4516.20	4518.66	1403	0	29
2026.05.22	15:45:00	4518.66	4519.82	4517.38	4518.61	1311	0	29
2026.05.22	15:50:00	4518.59	4521.35	4518.34	4519.86	1360	0	29
2026.05.22	15:55:00	4519.87	4528.35	4519.09	4528.22	1335	0	29
2026.05.22	16:00:00	4528.13	4530.25	4520.77	4523.83	1761	0	29
2026.05.22	16:05:00	4523.81	4532.64	4522.77	4531.85	1488	0	29
2026.05.22	16:10:00	4532.29	4534.28	4527.02	4528.14	1864	0	29
2026.05.22	16:15:00	4528.15	4529.74	4525.71	4527.23	1604	0	29
2026.05.22	16:20:00	4527.22	4528.39	4523.33	4523.44	1382	0	29
2026.05.22	16:25:00	4523.44	4524.22	4521.43	4522.03	1435	0	29
2026.05.22	16:30:00	4521.84	4527.09	4519.88	4522.64	1933	0	29
2026.05.22	16:35:00	4522.65	4524.22	4518.30	4519.70	1800	0	29
2026.05.22	16:40:00	4519.70	4519.79	4511.92	4517.67	1882	0	29
2026.05.22	16:45:00	4517.52	4518.90	4510.25	4510.92	1798	0	29
2026.05.22	16:50:00	4511.02	4517.55	4510.35	4517.09	1870	0	29
2026.05.22	16:55:00	4516.94	4516.94	4511.64	4513.71	1561	0	29
2026.05.22	17:00:00	4513.86	4513.86	4503.01	4507.59	2012	0	29
2026.05.22	17:05:00	4507.82	4510.68	4504.55	4509.98	1915	0	29
2026.05.22	17:10:00	4509.99	4511.03	4492.71	4497.58	1900	0	29
2026.05.22	17:15:00	4497.45	4500.56	4492.67	4497.95	2021	0	29
2026.05.22	17:20:00	4497.98	4499.35	4491.64	4494.49	1953	0	29
2026.05.22	17:25:00	4494.50	4499.93	4491.80	4498.98	1920	0	29
2026.05.22	17:30:00	4499.15	4502.21	4497.16	4500.92	1780	0	29
2026.05.22	17:35:00	4500.90	4504.11	4498.35	4500.32	1751	0	29
2026.05.22	17:40:00	4500.35	4505.90	4500.22	4504.49	1613	0	29
2026.05.22	17:45:00	4504.28	4507.27	4504.04	4504.05	1541	0	29
2026.05.22	17:50:00	4503.71	4504.62	4501.46	4503.68	1522	0	29
2026.05.22	17:55:00	4503.68	4503.83	4500.35	4500.54	1591	0	29
2026.05.22	18:00:00	4500.53	4505.90	4500.25	4505.66	1554	0	29
2026.05.22	18:05:00	4505.61	4511.15	4505.38	4511.13	1620	0	29
2026.05.22	18:10:00	4511.07	4511.90	4509.63	4511.11	1629	0	29
2026.05.22	18:15:00	4511.39	4516.65	4511.02	4515.80	1447	0	29
2026.05.22	18:20:00	4515.76	4515.85	4513.56	4514.29	1466	0	29
2026.05.22	18:25:00	4514.29	4519.26	4513.47	4519.26	1552	0	29
2026.05.22	18:30:00	4519.27	4522.26	4518.55	4519.27	1626	0	29
2026.05.22	18:35:00	4518.95	4521.69	4518.37	4520.69	1471	0	29
2026.05.22	18:40:00	4520.66	4521.21	4517.28	4518.15	1431	0	29
2026.05.22	18:45:00	4518.23	4519.70	4514.62	4514.83	1476	0	29
2026.05.22	18:50:00	4514.92	4518.13	4514.75	4516.87	1403	0	29
2026.05.22	18:55:00	4516.87	4521.76	4516.87	4520.09	1466	0	29
2026.05.22	19:00:00	4520.00	4520.37	4517.21	4518.96	1525	0	29
2026.05.22	19:05:00	4518.95	4519.66	4516.83	4517.77	1246	0	29
2026.05.22	19:10:00	4517.81	4519.92	4517.51	4519.48	1160	0	29
2026.05.22	19:15:00	4519.28	4519.29	4516.99	4517.08	1221	0	29
2026.05.22	19:20:00	4517.10	4520.63	4516.95	4520.27	1317	0	29
2026.05.22	19:25:00	4520.30	4523.98	4520.17	4523.73	1277	0	29
2026.05.22	19:30:00	4523.73	4526.81	4521.73	4522.18	1470	0	29
2026.05.22	19:35:00	4522.18	4522.85	4518.89	4519.58	1355	0	29
2026.05.22	19:40:00	4519.58	4519.60	4512.64	4514.95	1269	0	29
2026.05.22	19:45:00	4514.93	4517.95	4513.40	4513.55	1401	0	29
2026.05.22	19:50:00	4513.54	4514.69	4512.44	4513.96	1254	0	29
2026.05.22	19:55:00	4513.96	4514.96	4512.36	4514.86	1279	0	29
2026.05.22	20:00:00	4514.86	4519.10	4514.79	4518.66	1356	0	29
2026.05.22	20:05:00	4518.65	4520.12	4517.79	4519.97	1177	0	29
2026.05.22	20:10:00	4520.01	4520.87	4518.97	4519.34	1175	0	29
2026.05.22	20:15:00	4519.34	4520.09	4514.48	4514.78	1188	0	29
2026.05.22	20:20:00	4514.58	4516.79	4513.13	4515.44	1464	0	29
2026.05.22	20:25:00	4516.10	4525.89	4515.56	4525.37	1697	0	29
2026.05.22	20:30:00	4525.34	4527.73	4520.00	4520.02	1948	0	29
2026.05.22	20:35:00	4520.04	4523.97	4519.37	4523.50	1476	0	29
2026.05.22	20:40:00	4523.53	4524.34	4522.14	4522.14	1296	0	29
2026.05.22	20:45:00	4522.14	4522.77	4520.80	4521.31	1220	0	29
2026.05.22	20:50:00	4521.32	4522.06	4518.99	4519.67	1385	0	29
2026.05.22	20:55:00	4519.68	4521.46	4518.58	4519.15	1186	0	29
2026.05.22	21:00:00	4519.17	4519.37	4511.95	4515.59	1393	0	29
2026.05.22	21:05:00	4515.58	4517.19	4514.05	4515.47	1311	0	29
2026.05.22	21:10:00	4515.47	4515.48	4512.71	4513.76	1216	0	29
2026.05.22	21:15:00	4513.76	4516.09	4512.44	4514.93	1206	0	29
2026.05.22	21:20:00	4514.95	4517.60	4514.87	4516.56	1039	0	29
2026.05.22	21:25:00	4516.56	4517.68	4515.25	4515.25	1099	0	29
2026.05.22	21:30:00	4515.17	4516.96	4513.89	4516.93	929	0	29
2026.05.22	21:35:00	4516.93	4519.87	4514.67	4518.19	1084	0	29
2026.05.22	21:40:00	4518.19	4518.55	4514.75	4515.11	1091	0	29
2026.05.22	21:45:00	4515.11	4515.95	4512.92	4513.10	1078	0	29
2026.05.22	21:50:00	4513.10	4515.79	4512.86	4515.36	1004	0	29
2026.05.22	21:55:00	4515.34	4515.77	4513.12	4514.96	1112	0	29
2026.05.22	22:00:00	4515.11	4515.77	4509.40	4510.54	1426	0	29
2026.05.22	22:05:00	4510.61	4511.05	4507.77	4508.55	1424	0	29
2026.05.22	22:10:00	4508.54	4509.55	4506.93	4507.19	1225	0	29
2026.05.22	22:15:00	4507.21	4509.01	4506.92	4508.93	1219	0	29
2026.05.22	22:20:00	4508.89	4508.92	4507.17	4507.71	1062	0	29
2026.05.22	22:25:00	4507.72	4508.52	4506.31	4507.06	1026	0	29
2026.05.22	22:30:00	4507.07	4508.31	4504.28	4507.94	1169	0	29
2026.05.22	22:35:00	4507.95	4509.66	4507.19	4509.28	1088	0	29
2026.05.22	22:40:00	4509.07	4510.75	4508.72	4509.57	1190	0	29
2026.05.22	22:45:00	4509.59	4509.94	4506.95	4507.47	1183	0	29
2026.05.22	22:50:00	4507.46	4508.13	4506.61	4507.57	1208	0	29
2026.05.22	22:55:00	4507.64	4509.17	4507.28	4508.19	1419	0	29
2026.05.22	23:00:00	4508.34	4509.27	4504.83	4506.18	1073	0	29
2026.05.22	23:05:00	4506.14	4507.15	4505.25	4506.99	549	0	29
2026.05.22	23:10:00	4506.99	4508.13	4506.36	4507.90	537	0	29
2026.05.22	23:15:00	4507.92	4509.35	4506.82	4508.96	652	0	29
2026.05.22	23:20:00	4508.92	4510.31	4508.82	4509.55	550	0	29
2026.05.22	23:25:00	4509.60	4510.39	4508.36	4510.21	521	0	29
2026.05.22	23:30:00	4510.19	4510.39	4505.98	4506.95	901	0	34
2026.05.22	23:35:00	4506.92	4507.41	4505.71	4506.64	680	0	34
2026.05.22	23:40:00	4506.61	4506.68	4504.45	4504.79	822	0	34
2026.05.22	23:45:00	4504.70	4508.28	4504.14	4506.86	779	0	34
2026.05.22	23:50:00	4506.82	4507.22	4504.92	4507.01	623	0	34
2026.05.22	23:55:00	4507.02	4508.40	4506.73	4507.93	270	0	34
2026.05.25	01:00:00	4531.76	4552.87	4531.76	4551.50	1783	0	34
2026.05.25	01:05:00	4550.62	4557.01	4550.04	4554.34	1536	0	34
2026.05.25	01:10:00	4554.37	4557.67	4551.91	4555.11	1452	0	34
2026.05.25	01:15:00	4555.27	4556.37	4548.74	4552.12	1561	0	34
2026.05.25	01:20:00	4552.16	4555.52	4551.69	4554.35	1191	0	34
2026.05.25	01:25:00	4554.40	4555.24	4551.14	4551.96	1017	0	34
2026.05.25	01:30:00	4551.97	4560.85	4551.55	4558.82	1256	0	29
2026.05.25	01:35:00	4558.80	4559.25	4557.07	4557.95	912	0	29
2026.05.25	01:40:00	4557.96	4558.34	4556.62	4558.21	938	0	29
2026.05.25	01:45:00	4558.27	4565.50	4557.92	4565.12	1096	0	29
2026.05.25	01:50:00	4565.11	4565.12	4562.04	4562.14	973	0	29
2026.05.25	01:55:00	4562.15	4565.32	4561.68	4564.97	731	0	29
2026.05.25	02:00:00	4564.97	4568.46	4564.93	4568.20	1090	0	29
2026.05.25	02:05:00	4568.26	4574.02	4567.69	4572.66	1110	0	29
2026.05.25	02:10:00	4572.66	4576.31	4572.66	4574.44	887	0	29
2026.05.25	02:15:00	4574.44	4577.55	4573.57	4574.19	821	0	29
2026.05.25	02:20:00	4574.18	4578.26	4574.02	4576.87	723	0	29
2026.05.25	02:25:00	4576.87	4578.03	4573.74	4574.97	840	0	29
2026.05.25	02:30:00	4574.97	4578.71	4574.95	4578.08	917	0	29
2026.05.25	02:35:00	4578.09	4579.08	4577.75	4578.63	1000	0	29
2026.05.25	02:40:00	4578.59	4579.86	4577.00	4577.28	929	0	29
2026.05.25	02:45:00	4577.28	4578.21	4575.34	4577.05	1051	0	29
2026.05.25	02:50:00	4577.04	4577.04	4573.98	4574.99	897	0	29
2026.05.25	02:55:00	4574.80	4575.06	4565.75	4566.98	1130	0	29
2026.05.25	03:00:00	4566.93	4571.48	4566.06	4568.73	1392	0	29
2026.05.25	03:05:00	4568.73	4574.27	4568.15	4572.95	1316	0	29
2026.05.25	03:10:00	4572.98	4575.70	4570.46	4572.54	1286	0	29
2026.05.25	03:15:00	4572.55	4573.49	4569.85	4571.38	1269	0	29
2026.05.25	03:20:00	4571.38	4574.53	4570.01	4574.42	1126	0	29
2026.05.25	03:25:00	4574.44	4575.43	4570.13	4572.27	1097	0	29
2026.05.25	03:30:00	4572.27	4574.76	4571.75	4573.71	1067	0	29
2026.05.25	03:35:00	4573.71	4575.46	4572.23	4574.97	1002	0	29
2026.05.25	03:40:00	4574.92	4574.92	4570.93	4571.51	1101	0	29
2026.05.25	03:45:00	4571.57	4579.55	4571.01	4576.62	1173	0	29
2026.05.25	03:50:00	4576.65	4577.58	4571.57	4573.48	1324	0	29
2026.05.25	03:55:00	4573.47	4574.34	4566.14	4569.55	1548	0	29
2026.05.25	04:00:00	4569.44	4576.26	4566.91	4568.27	1935	0	29
2026.05.25	04:05:00	4568.27	4569.83	4560.51	4561.89	1762	0	29
2026.05.25	04:10:00	4561.90	4566.78	4561.60	4565.64	1651	0	29
2026.05.25	04:15:00	4565.65	4566.43	4562.31	4566.30	1583	0	29
2026.05.25	04:20:00	4566.31	4572.97	4565.53	4571.39	1463	0	29
2026.05.25	04:25:00	4571.39	4575.38	4568.78	4573.36	1434	0	29
2026.05.25	04:30:00	4573.37	4574.74	4568.75	4568.88	1448	0	29
2026.05.25	04:35:00	4568.87	4571.79	4568.84	4570.43	1345	0	29
2026.05.25	04:40:00	4570.43	4571.06	4563.19	4563.28	1408	0	29
2026.05.25	04:45:00	4563.34	4564.83	4560.23	4563.71	1463	0	29
2026.05.25	04:50:00	4563.69	4567.20	4561.27	4566.44	1169	0	29
2026.05.25	04:55:00	4566.41	4566.90	4560.94	4562.82	1180	0	29
2026.05.25	05:00:00	4562.81	4565.30	4561.32	4562.54	1257	0	29
2026.05.25	05:05:00	4562.54	4568.30	4562.24	4567.69	1365	0	29
2026.05.25	05:10:00	4567.69	4568.00	4561.28	4561.97	1210	0	29
2026.05.25	05:15:00	4562.09	4562.41	4558.78	4561.61	1171	0	29
2026.05.25	05:20:00	4561.61	4563.34	4559.53	4562.57	946	0	29
2026.05.25	05:25:00	4562.57	4563.05	4559.76	4562.86	910	0	29
2026.05.25	05:30:00	4562.84	4565.42	4561.62	4563.70	1299	0	29
2026.05.25	05:35:00	4563.72	4565.64	4561.88	4565.32	1297	0	29
2026.05.25	05:40:00	4565.32	4569.48	4564.38	4569.48	1172	0	29
2026.05.25	05:45:00	4569.60	4570.14	4562.11	4563.25	1248	0	29
2026.05.25	05:50:00	4563.26	4564.89	4561.90	4561.90	1062	0	29
2026.05.25	05:55:00	4561.89	4562.81	4559.40	4561.28	1243	0	29
2026.05.25	06:00:00	4561.28	4564.31	4561.02	4563.13	1367	0	29
2026.05.25	06:05:00	4563.13	4563.40	4560.39	4563.05	1171	0	29
2026.05.25	06:10:00	4563.06	4563.55	4561.48	4563.11	1065	0	29
2026.05.25	06:15:00	4563.11	4563.39	4561.55	4562.06	1107	0	29
2026.05.25	06:20:00	4562.05	4564.45	4561.40	4561.47	1102	0	29
2026.05.25	06:25:00	4561.47	4562.00	4560.10	4560.63	1024	0	29
2026.05.25	06:30:00	4560.63	4562.43	4559.47	4561.48	943	0	29
2026.05.25	06:35:00	4561.38	4564.03	4561.32	4562.82	1086	0	29
2026.05.25	06:40:00	4562.78	4562.82	4558.19	4558.45	916	0	29
2026.05.25	06:45:00	4558.44	4559.14	4556.90	4558.56	975	0	29
2026.05.25	06:50:00	4558.54	4560.05	4556.50	4559.75	898	0	29
2026.05.25	06:55:00	4559.75	4561.24	4559.30	4559.73	927	0	29
2026.05.25	07:00:00	4559.73	4561.96	4559.31	4561.20	870	0	29
2026.05.25	07:05:00	4561.23	4561.96	4560.60	4561.59	772	0	29
2026.05.25	07:10:00	4561.58	4562.48	4559.89	4560.82	763	0	29
2026.05.25	07:15:00	4560.83	4561.88	4559.96	4561.03	690	0	29
2026.05.25	07:20:00	4561.04	4564.46	4561.03	4563.94	879	0	29
2026.05.25	07:25:00	4563.95	4565.77	4563.92	4565.11	770	0	29
2026.05.25	07:30:00	4565.12	4565.43	4559.98	4560.64	979	0	29
2026.05.25	07:35:00	4560.64	4562.44	4559.66	4561.96	707	0	29
2026.05.25	07:40:00	4561.96	4562.94	4560.83	4562.34	626	0	29
2026.05.25	07:45:00	4562.34	4564.37	4562.25	4563.85	501	0	29
2026.05.25	07:50:00	4563.86	4565.31	4563.25	4564.22	588	0	29
2026.05.25	07:55:00	4564.23	4565.62	4564.13	4564.80	756	0	29
2026.05.25	08:00:00	4564.81	4565.92	4562.97	4565.59	804	0	29
2026.05.25	08:05:00	4565.60	4565.82	4564.35	4564.49	630	0	29
2026.05.25	08:10:00	4564.50	4565.12	4562.92	4563.54	769	0	29
2026.05.25	08:15:00	4563.56	4563.65	4562.39	4562.88	682	0	29
2026.05.25	08:20:00	4562.89	4562.95	4556.31	4556.54	1031	0	29
2026.05.25	08:25:00	4556.53	4557.01	4554.03	4554.20	910	0	29
2026.05.25	08:30:00	4554.15	4559.56	4552.71	4557.60	1378	0	29
2026.05.25	08:35:00	4557.64	4560.65	4557.51	4559.92	1109	0	29
2026.05.25	08:40:00	4559.92	4560.96	4555.29	4556.89	1108	0	29
2026.05.25	08:45:00	4556.86	4557.74	4554.42	4554.60	1066	0	29
2026.05.25	08:50:00	4554.67	4555.04	4551.92	4553.86	1166	0	29
2026.05.25	08:55:00	4553.88	4555.35	4552.80	4553.31	1099	0	29
2026.05.25	09:00:00	4553.26	4555.78	4552.37	4553.00	1445	0	29
2026.05.25	09:05:00	4553.00	4553.67	4550.39	4552.09	1234	0	29
2026.05.25	09:10:00	4552.05	4554.16	4551.48	4553.80	1129	0	29
2026.05.25	09:15:00	4553.76	4555.26	4552.45	4554.39	1095	0	29
2026.05.25	09:20:00	4554.43	4556.72	4552.19	4556.37	1203	0	29
2026.05.25	09:25:00	4556.36	4557.29	4553.92	4554.16	1160	0	29
2026.05.25	09:30:00	4554.16	4556.04	4553.48	4555.05	1160	0	29
2026.05.25	09:35:00	4555.05	4557.34	4554.68	4555.36	1146	0	29
2026.05.25	09:40:00	4555.37	4557.23	4555.13	4556.35	1035	0	29
2026.05.25	09:45:00	4556.33	4559.26	4556.10	4557.74	1085	0	29
2026.05.25	09:50:00	4557.79	4559.26	4556.41	4558.61	1204	0	29
2026.05.25	09:55:00	4558.46	4563.19	4558.46	4562.42	1311	0	29
2026.05.25	10:00:00	4562.60	4564.69	4561.08	4563.93	1201	0	29
2026.05.25	10:05:00	4563.93	4564.34	4561.32	4562.08	1176	0	29
2026.05.25	10:10:00	4562.02	4564.31	4560.74	4560.79	1129	0	29
2026.05.25	10:15:00	4560.79	4561.17	4553.23	4555.37	1373	0	29
2026.05.25	10:20:00	4555.40	4556.14	4552.55	4555.59	1524	0	29
2026.05.25	10:25:00	4555.61	4556.97	4554.05	4554.38	1179	0	29
2026.05.25	10:30:00	4554.41	4561.63	4554.16	4559.08	1342	0	29
2026.05.25	10:35:00	4559.05	4559.92	4557.21	4558.76	1067	0	29
2026.05.25	10:40:00	4558.76	4561.01	4558.55	4559.89	979	0	29
2026.05.25	10:45:00	4559.90	4562.18	4558.64	4562.18	960	0	29
2026.05.25	10:50:00	4562.17	4565.01	4561.70	4563.84	939	0	29
2026.05.25	10:55:00	4563.85	4565.01	4563.33	4564.77	949	0	29
2026.05.25	11:00:00	4564.75	4565.00	4562.55	4562.72	1171	0	29
2026.05.25	11:05:00	4562.72	4563.12	4559.78	4561.43	968	0	29
2026.05.25	11:10:00	4561.46	4561.98	4559.63	4561.05	848	0	29
2026.05.25	11:15:00	4561.04	4561.30	4559.50	4560.71	765	0	29
2026.05.25	11:20:00	4560.69	4561.09	4555.20	4555.21	1027	0	29
2026.05.25	11:25:00	4555.24	4556.06	4553.76	4554.92	1307	0	29
2026.05.25	11:30:00	4554.93	4558.03	4554.27	4556.88	871	0	29
2026.05.25	11:35:00	4556.98	4558.03	4554.91	4556.04	913	0	29
2026.05.25	11:40:00	4556.05	4556.46	4553.41	4554.57	833	0	29
2026.05.25	11:45:00	4554.58	4555.28	4553.41	4554.54	881	0	29
2026.05.25	11:50:00	4554.54	4556.35	4554.29	4555.95	772	0	29
2026.05.25	11:55:00	4555.96	4556.54	4555.51	4556.05	624	0	29
2026.05.25	12:00:00	4556.10	4558.66	4555.56	4557.18	742	0	29
2026.05.25	12:05:00	4557.21	4557.32	4554.97	4555.09	691	0	29
2026.05.25	12:10:00	4555.09	4557.22	4555.01	4555.46	727	0	29
2026.05.25	12:15:00	4555.46	4557.38	4555.46	4556.44	660	0	29
2026.05.25	12:20:00	4556.43	4556.58	4555.49	4556.50	617	0	29
2026.05.25	12:25:00	4556.47	4558.94	4556.37	4558.87	665	0	29
2026.05.25	12:30:00	4558.85	4565.05	4558.38	4565.03	1048	0	29
2026.05.25	12:35:00	4565.02	4565.59	4562.97	4564.67	1138	0	29
2026.05.25	12:40:00	4564.67	4565.95	4563.70	4565.69	775	0	29
2026.05.25	12:45:00	4565.69	4566.73	4564.59	4566.48	810	0	29
2026.05.25	12:50:00	4566.46	4568.47	4566.20	4567.19	806	0	29
2026.05.25	12:55:00	4567.17	4569.05	4566.78	4567.57	810	0	29
2026.05.25	13:00:00	4567.59	4569.63	4567.56	4568.97	792	0	29
2026.05.25	13:05:00	4568.97	4570.95	4568.85	4570.89	763	0	29
2026.05.25	13:10:00	4570.90	4572.45	4569.91	4571.90	1033	0	29
2026.05.25	13:15:00	4571.91	4573.62	4571.22	4572.77	901	0	29
2026.05.25	13:20:00	4572.77	4572.84	4571.01	4572.28	826	0	29
2026.05.25	13:25:00	4572.28	4572.33	4569.87	4570.86	823	0	29
2026.05.25	13:30:00	4570.86	4573.18	4570.08	4572.56	771	0	29
2026.05.25	13:35:00	4572.55	4572.60	4570.65	4570.80	825	0	29
2026.05.25	13:40:00	4570.80	4570.96	4568.39	4570.07	1012	0	29
2026.05.25	13:45:00	4570.07	4572.33	4570.05	4570.40	637	0	29
2026.05.25	13:50:00	4570.40	4570.42	4569.26	4569.86	626	0	29
2026.05.25	13:55:00	4569.95	4570.27	4568.48	4568.59	622	0	29
2026.05.25	14:00:00	4568.59	4568.72	4567.90	4568.49	612	0	29
2026.05.25	14:05:00	4568.50	4568.65	4567.61	4568.25	599	0	29
2026.05.25	14:10:00	4568.25	4572.40	4568.23	4572.11	663	0	29
2026.05.25	14:15:00	4572.08	4575.16	4571.79	4574.85	951	0	29
2026.05.25	14:20:00	4574.86	4575.02	4571.77	4571.83	786	0	29
2026.05.25	14:25:00	4571.83	4571.85	4569.46	4571.63	780	0	29
2026.05.25	14:30:00	4571.62	4574.44	4571.54	4573.28	925	0	29
2026.05.25	14:35:00	4573.11	4576.13	4572.82	4575.91	859	0	29
2026.05.25	14:40:00	4575.91	4576.12	4573.88	4574.46	799	0	29
2026.05.25	14:45:00	4574.46	4576.95	4571.15	4571.15	1043	0	29
2026.05.25	14:50:00	4571.15	4571.88	4570.35	4570.61	813	0	29
2026.05.25	14:55:00	4570.60	4571.08	4569.22	4569.39	905	0	29
2026.05.25	15:00:00	4569.39	4569.39	4563.73	4564.48	1316	0	29
2026.05.25	15:05:00	4564.43	4564.51	4557.08	4560.27	1280	0	29
2026.05.25	15:10:00	4560.26	4561.25	4556.11	4556.27	1236	0	29
2026.05.25	15:15:00	4556.29	4556.87	4553.85	4554.10	1086	0	29
2026.05.25	15:20:00	4554.08	4556.68	4552.94	4556.35	1245	0	29
2026.05.25	15:25:00	4556.30	4560.85	4556.16	4560.51	1033	0	29
2026.05.25	15:30:00	4560.50	4564.14	4559.87	4564.13	1018	0	29
2026.05.25	15:35:00	4564.14	4570.17	4563.31	4568.78	1150	0	29
2026.05.25	15:40:00	4568.78	4569.23	4566.35	4566.44	1073	0	29
2026.05.25	15:45:00	4566.44	4568.06	4564.25	4566.20	1027	0	29
2026.05.25	15:50:00	4566.21	4567.24	4565.89	4566.76	777	0	29
2026.05.25	15:55:00	4566.76	4568.67	4566.60	4567.64	1004	0	29
2026.05.25	16:00:00	4567.67	4567.73	4561.61	4564.52	1594	0	29
2026.05.25	16:05:00	4564.51	4571.28	4564.46	4568.42	1350	0	29
2026.05.25	16:10:00	4568.41	4568.48	4562.70	4564.33	1269	0	29
2026.05.25	16:15:00	4564.34	4564.40	4560.49	4561.98	1181	0	29
2026.05.25	16:20:00	4561.99	4564.56	4561.86	4563.42	1046	0	29
2026.05.25	16:25:00	4563.44	4563.75	4560.91	4561.78	1076	0	29
2026.05.25	16:30:00	4561.78	4564.36	4561.47	4564.15	1251	0	29
2026.05.25	16:35:00	4564.14	4565.53	4563.01	4564.26	1111	0	29
2026.05.25	16:40:00	4564.27	4565.54	4563.74	4565.09	1115	0	29
2026.05.25	16:45:00	4565.05	4565.31	4560.06	4561.52	1118	0	29
2026.05.25	16:50:00	4561.52	4563.41	4560.70	4563.35	948	0	29
2026.05.25	16:55:00	4563.39	4564.90	4563.01	4563.07	1037	0	29
2026.05.25	17:00:00	4563.05	4567.30	4562.32	4567.02	1117	0	29
2026.05.25	17:05:00	4567.00	4569.86	4567.00	4569.56	1120	0	29
2026.05.25	17:10:00	4569.56	4569.94	4566.96	4567.67	973	0	29
2026.05.25	17:15:00	4567.67	4568.85	4567.37	4568.34	887	0	29
2026.05.25	17:20:00	4568.33	4570.05	4567.62	4570.02	877	0	29
2026.05.25	17:25:00	4570.03	4570.55	4567.34	4567.81	892	0	29
2026.05.25	17:30:00	4567.85	4568.32	4565.11	4567.82	981	0	29
2026.05.25	17:35:00	4567.77	4568.32	4566.31	4567.59	772	0	29
2026.05.25	17:40:00	4567.56	4568.45	4566.46	4566.96	770	0	29
2026.05.25	17:45:00	4566.97	4568.38	4566.29	4568.12	919	0	29
2026.05.25	17:50:00	4568.18	4568.92	4565.78	4565.82	835	0	29
2026.05.25	17:55:00	4565.81	4566.95	4565.32	4566.75	984	0	29
2026.05.25	18:00:00	4566.74	4569.21	4566.53	4568.12	939	0	29
2026.05.25	18:05:00	4568.15	4568.15	4565.61	4566.61	878	0	29
2026.05.25	18:10:00	4566.63	4573.46	4566.06	4570.13	1556	0	29
2026.05.25	18:15:00	4570.07	4570.81	4567.97	4570.42	1056	0	29
2026.05.25	18:20:00	4570.39	4573.41	4570.25	4572.97	1035	0	29
2026.05.25	18:25:00	4572.91	4574.56	4571.58	4573.28	1184	0	29
2026.05.25	18:30:00	4573.32	4573.39	4570.09	4570.95	904	0	29
2026.05.25	18:35:00	4571.03	4571.10	4566.71	4568.69	975	0	29
2026.05.25	18:40:00	4568.69	4569.53	4567.85	4568.95	771	0	29
2026.05.25	18:45:00	4568.96	4570.53	4568.71	4570.32	606	0	29
2026.05.25	18:50:00	4570.31	4572.32	4570.20	4571.87	600	0	29
2026.05.25	18:55:00	4571.85	4572.72	4570.62	4570.81	603	0	29
2026.05.25	19:00:00	4570.82	4570.98	4568.56	4569.32	837	0	29
2026.05.25	19:05:00	4569.32	4570.05	4568.89	4569.31	719	0	29
2026.05.25	19:10:00	4569.31	4570.74	4569.27	4570.57	574	0	29
2026.05.25	19:15:00	4570.57	4570.61	4568.68	4568.80	522	0	29
2026.05.25	19:20:00	4568.80	4570.30	4568.74	4569.68	521	0	29
2026.05.25	19:25:00	4569.68	4570.23	4568.05	4568.15	470	0	29
2026.05.25	19:30:00	4568.15	4570.06	4567.93	4570.04	780	0	29
2026.05.25	19:35:00	4570.01	4571.05	4569.69	4571.00	557	0	29
2026.05.25	19:40:00	4571.00	4572.33	4570.42	4572.08	695	0	29
2026.05.25	19:45:00	4572.08	4573.29	4571.77	4572.93	641	0	29
2026.05.25	19:50:00	4572.92	4574.57	4570.88	4570.88	828	0	29
2026.05.25	19:55:00	4570.89	4573.55	4570.89	4573.53	652	0	29
2026.05.25	20:00:00	4573.35	4576.59	4573.35	4575.70	665	0	29
2026.05.25	20:05:00	4575.69	4576.11	4574.42	4576.01	585	0	29
2026.05.25	20:10:00	4576.01	4577.78	4573.79	4574.13	981	0	29
2026.05.25	20:15:00	4574.13	4574.54	4573.60	4573.84	577	0	29
2026.05.25	20:20:00	4573.87	4573.88	4571.16	4571.42	605	0	29
2026.05.25	20:25:00	4571.38	4571.58	4570.36	4571.39	442	0	29
2026.05.25	20:30:00	4571.39	4571.46	4569.73	4569.74	337	0	29
2026.05.25	20:35:00	4569.73	4569.88	4567.78	4567.82	393	0	29
2026.05.25	20:40:00	4567.83	4568.15	4566.36	4566.79	586	0	29
2026.05.25	20:45:00	4566.79	4566.80	4563.29	4565.06	796	0	29
2026.05.25	20:50:00	4565.07	4565.23	4563.59	4564.49	451	0	29
2026.05.25	20:55:00	4564.49	4565.70	4563.99	4565.09	420	0	29
2026.05.25	21:00:00	4565.10	4569.08	4564.50	4569.05	597	0	29
2026.05.25	21:05:00	4569.04	4571.43	4568.04	4570.19	481	0	29
2026.05.25	21:10:00	4570.21	4570.66	4568.02	4569.19	466	0	29
2026.05.25	21:15:00	4569.18	4570.15	4568.81	4568.86	327	0	29
2026.05.25	21:20:00	4568.84	4570.68	4567.44	4567.72	349	0	29
2026.05.25	21:25:00	4567.67	4570.78	4567.42	4570.77	403	0	29
2026.05.26	01:00:00	4570.10	4573.23	4569.85	4570.98	956	0	34
2026.05.26	01:05:00	4571.00	4572.90	4570.65	4572.54	588	0	34
2026.05.26	01:10:00	4572.56	4574.03	4572.09	4573.40	649	0	34
2026.05.26	01:15:00	4573.39	4575.21	4573.17	4573.78	630	0	34
2026.05.26	01:20:00	4573.78	4575.14	4572.92	4575.10	574	0	34
2026.05.26	01:25:00	4575.10	4575.42	4572.94	4573.14	523	0	34
2026.05.26	01:30:00	4573.17	4573.25	4571.03	4571.04	768	0	29
2026.05.26	01:35:00	4571.06	4573.50	4569.63	4572.71	700	0	29
2026.05.26	01:40:00	4572.71	4575.13	4571.80	4574.03	751	0	29
2026.05.26	01:45:00	4574.01	4575.22	4573.52	4573.84	613	0	29
2026.05.26	01:50:00	4573.85	4576.32	4573.85	4576.15	447	0	29
2026.05.26	01:55:00	4576.15	4576.52	4574.15	4574.93	743	0	29
2026.05.26	02:00:00	4574.93	4576.69	4573.94	4574.14	721	0	29
2026.05.26	02:05:00	4574.14	4576.70	4573.82	4576.27	601	0	29
2026.05.26	02:10:00	4576.28	4579.16	4575.56	4579.12	875	0	29
2026.05.26	02:15:00	4579.09	4580.10	4577.17	4577.50	803	0	29
2026.05.26	02:20:00	4577.53	4578.07	4572.93	4573.93	820	0	29
2026.05.26	02:25:00	4573.95	4574.08	4567.20	4568.31	946	0	29
2026.05.26	02:30:00	4568.26	4568.50	4560.39	4560.75	1185	0	29
2026.05.26	02:35:00	4560.75	4562.35	4555.21	4561.54	1469	0	29
2026.05.26	02:40:00	4561.58	4562.24	4555.11	4556.56	1105	0	29
2026.05.26	02:45:00	4556.56	4561.25	4556.56	4559.36	1089	0	29
2026.05.26	02:50:00	4559.29	4562.82	4558.62	4562.71	908	0	29
2026.05.26	02:55:00	4562.34	4562.76	4559.18	4559.60	852	0	29
2026.05.26	03:00:00	4559.59	4559.82	4549.25	4550.58	1739	0	29
2026.05.26	03:05:00	4550.57	4552.48	4548.77	4549.60	1573	0	29
2026.05.26	03:10:00	4549.61	4553.13	4548.62	4552.25	1374	0	29
2026.05.26	03:15:00	4552.25	4553.41	4541.30	4545.98	1489	0	29
2026.05.26	03:20:00	4546.04	4546.90	4541.41	4544.77	1480	0	29
2026.05.26	03:25:00	4544.77	4550.36	4544.22	4549.26	1208	0	29
2026.05.26	03:30:00	4549.31	4552.96	4549.27	4551.85	1199	0	29
2026.05.26	03:35:00	4551.82	4552.21	4546.17	4547.20	1178	0	29
2026.05.26	03:40:00	4547.21	4549.56	4543.33	4547.96	1212	0	29
2026.05.26	03:45:00	4548.10	4551.51	4544.66	4544.82	1214	0	29
2026.05.26	03:50:00	4544.82	4546.22	4539.56	4542.24	1436	0	29
2026.05.26	03:55:00	4542.24	4550.12	4542.20	4549.58	1294	0	29
2026.05.26	04:00:00	4549.58	4550.09	4542.29	4542.72	1789	0	29
2026.05.26	04:05:00	4542.70	4547.19	4542.33	4545.53	1634	0	29
2026.05.26	04:10:00	4545.93	4549.27	4545.75	4548.62	1596	0	29
2026.05.26	04:15:00	4548.62	4549.06	4545.59	4546.81	1362	0	29
2026.05.26	04:20:00	4546.81	4548.05	4541.81	4543.95	1501	0	29
2026.05.26	04:25:00	4543.95	4546.38	4542.98	4543.78	1428	0	29
2026.05.26	04:30:00	4543.79	4544.25	4537.22	4538.87	1719	0	29
2026.05.26	04:35:00	4538.74	4538.91	4527.86	4529.70	1662	0	29
2026.05.26	04:40:00	4529.82	4532.79	4527.96	4532.23	1806	0	29
2026.05.26	04:45:00	4532.26	4535.13	4531.35	4533.20	1592	0	29
2026.05.26	04:50:00	4533.32	4536.20	4531.36	4535.01	1375	0	29
2026.05.26	04:55:00	4534.88	4537.30	4534.59	4536.96	1343	0	29
2026.05.26	05:00:00	4536.97	4538.06	4535.41	4536.52	1198	0	29
2026.05.26	05:05:00	4536.45	4538.96	4535.38	4538.60	1149	0	29
2026.05.26	05:10:00	4538.63	4539.51	4537.13	4538.46	1069	0	29
2026.05.26	05:15:00	4538.47	4538.91	4536.47	4538.30	884	0	29
2026.05.26	05:20:00	4538.36	4538.41	4536.50	4538.13	904	0	29
2026.05.26	05:25:00	4538.12	4538.64	4536.35	4536.80	924	0	29
2026.05.26	05:30:00	4536.81	4537.16	4533.67	4534.61	1189	0	29
2026.05.26	05:35:00	4534.61	4538.49	4534.22	4537.47	1217	0	29
2026.05.26	05:40:00	4537.48	4538.48	4533.54	4533.92	1101	0	29
2026.05.26	05:45:00	4533.85	4534.00	4531.17	4532.54	1224	0	29
2026.05.26	05:50:00	4532.55	4533.56	4530.01	4532.28	1093	0	29
2026.05.26	05:55:00	4532.29	4534.72	4532.12	4532.22	995	0	29
2026.05.26	06:00:00	4532.18	4536.31	4532.04	4533.56	1042	0	29
2026.05.26	06:05:00	4533.52	4536.54	4533.44	4535.64	958	0	29
2026.05.26	06:10:00	4535.67	4538.30	4534.81	4537.05	934	0	29
2026.05.26	06:15:00	4537.03	4538.90	4536.84	4538.41	1004	0	29
2026.05.26	06:20:00	4538.41	4543.62	4538.25	4541.90	1084	0	29
2026.05.26	06:25:00	4541.89	4543.19	4541.18	4542.18	1002	0	29
2026.05.26	06:30:00	4542.21	4544.36	4541.75	4544.35	841	0	29
2026.05.26	06:35:00	4544.35	4545.31	4543.06	4543.33	803	0	29
2026.05.26	06:40:00	4543.35	4544.32	4540.92	4541.37	773	0	29
2026.05.26	06:45:00	4541.36	4542.47	4540.78	4541.82	570	0	29
2026.05.26	06:50:00	4541.82	4543.69	4541.57	4542.57	682	0	29
2026.05.26	06:55:00	4542.58	4543.09	4541.20	4542.31	521	0	29
2026.05.26	07:00:00	4542.31	4543.11	4540.43	4540.50	600	0	29
2026.05.26	07:05:00	4540.44	4540.62	4538.98	4539.26	669	0	29
2026.05.26	07:10:00	4539.26	4539.85	4536.20	4537.28	895	0	29
2026.05.26	07:15:00	4537.29	4539.41	4536.45	4538.09	763	0	29
2026.05.26	07:20:00	4538.10	4538.43	4535.16	4535.38	529	0	29
2026.05.26	07:25:00	4535.41	4535.54	4532.50	4532.51	698	0	29
2026.05.26	07:30:00	4532.52	4533.15	4529.74	4530.30	1003	0	29
2026.05.26	07:35:00	4530.25	4530.82	4525.83	4527.80	943	0	29
2026.05.26	07:40:00	4527.74	4529.17	4525.15	4526.18	815	0	29
2026.05.26	07:45:00	4526.16	4527.83	4524.70	4527.54	986	0	29
2026.05.26	07:50:00	4527.53	4529.04	4526.22	4527.54	790	0	29
2026.05.26	07:55:00	4527.53	4527.78	4523.47	4525.42	909	0	29
2026.05.26	08:00:00	4525.42	4529.32	4522.94	4528.71	1200	0	29
2026.05.26	08:05:00	4528.69	4530.55	4526.20	4530.35	970	0	29
2026.05.26	08:10:00	4530.36	4531.36	4529.01	4529.33	974	0	29
2026.05.26	08:15:00	4529.25	4531.32	4528.99	4529.33	767	0	29
2026.05.26	08:20:00	4529.33	4531.09	4528.89	4529.93	724	0	29
2026.05.26	08:25:00	4529.91	4531.40	4528.73	4531.24	760	0	29
2026.05.26	08:30:00	4531.17	4533.88	4530.41	4533.45	1373	0	29
2026.05.26	08:35:00	4533.45	4535.02	4532.28	4532.56	1273	0	29
2026.05.26	08:40:00	4532.55	4532.78	4527.90	4529.75	1435	0	29
2026.05.26	08:45:00	4529.73	4529.81	4526.25	4527.80	1288	0	29
2026.05.26	08:50:00	4527.81	4528.15	4523.52	4526.91	1481	0	29
2026.05.26	08:55:00	4526.79	4528.68	4524.79	4527.22	1192	0	29
2026.05.26	09:00:00	4527.18	4531.28	4526.98	4531.02	1272	0	29
2026.05.26	09:05:00	4531.02	4532.21	4530.18	4530.97	1195	0	29
2026.05.26	09:10:00	4530.99	4532.74	4528.96	4531.61	1232	0	29
2026.05.26	09:15:00	4531.61	4532.09	4529.27	4530.83	1065	0	29
2026.05.26	09:20:00	4530.84	4534.71	4530.07	4533.97	1166	0	29
2026.05.26	09:25:00	4533.97	4536.14	4528.33	4530.36	1317	0	29
2026.05.26	09:30:00	4530.34	4531.35	4528.62	4530.73	1253	0	29
2026.05.26	09:35:00	4530.74	4533.29	4530.70	4531.60	1110	0	29
2026.05.26	09:40:00	4531.60	4533.93	4531.31	4533.79	1120	0	29
2026.05.26	09:45:00	4533.79	4533.98	4528.79	4529.69	1201	0	29
2026.05.26	09:50:00	4529.66	4531.51	4528.42	4531.42	1205	0	29
2026.05.26	09:55:00	4531.42	4533.51	4530.42	4530.98	1048	0	29
2026.05.26	10:00:00	4530.93	4533.51	4529.16	4531.47	1418	0	29
2026.05.26	10:05:00	4531.46	4533.86	4527.58	4527.61	1507	0	29
2026.05.26	10:10:00	4527.60	4530.36	4525.88	4528.47	1352	0	29
2026.05.26	10:15:00	4528.47	4528.50	4522.05	4526.73	1390	0	29
2026.05.26	10:20:00	4526.76	4530.26	4525.13	4530.07	1157	0	29
2026.05.26	10:25:00	4530.05	4531.11	4528.81	4529.63	1050	0	29
2026.05.26	10:30:00	4529.63	4529.77	4523.05	4525.99	1409	0	29
2026.05.26	10:35:00	4525.97	4526.34	4521.63	4523.11	1348	0	29
2026.05.26	10:40:00	4523.11	4527.44	4521.99	4526.61	1218	0	29
2026.05.26	10:45:00	4526.61	4533.39	4525.20	4533.34	1231	0	29
2026.05.26	10:50:00	4533.36	4535.39	4531.51	4531.55	1253	0	29
2026.05.26	10:55:00	4531.57	4538.93	4531.57	4538.17	1350	0	29
2026.05.26	11:00:00	4538.37	4538.77	4535.25	4535.82	1396	0	29
2026.05.26	11:05:00	4535.82	4536.13	4532.75	4533.02	1166	0	29
2026.05.26	11:10:00	4533.02	4533.50	4527.02	4527.50	1169	0	29
2026.05.26	11:15:00	4527.52	4529.79	4527.42	4529.60	1077	0	29
2026.05.26	11:20:00	4529.64	4529.90	4526.27	4527.14	1005	0	29
2026.05.26	11:25:00	4527.15	4527.90	4520.55	4522.44	1351	0	29
2026.05.26	11:30:00	4522.23	4523.15	4520.11	4521.30	1271	0	29
2026.05.26	11:35:00	4521.31	4523.73	4520.39	4522.35	1148	0	29
2026.05.26	11:40:00	4522.31	4526.26	4521.75	4525.41	1117	0	29
2026.05.26	11:45:00	4525.39	4527.34	4521.45	4522.22	1088	0	29
2026.05.26	11:50:00	4522.23	4525.21	4520.19	4524.22	1039	0	29
2026.05.26	11:55:00	4524.22	4524.41	4522.12	4523.73	1034	0	29
2026.05.26	12:00:00	4523.73	4524.59	4522.57	4524.27	1122	0	29
2026.05.26	12:05:00	4524.51	4524.86	4522.19	4523.44	1044	0	29
2026.05.26	12:10:00	4523.41	4523.62	4519.32	4520.45	852	0	29
2026.05.26	12:15:00	4520.47	4525.51	4518.20	4524.68	1262	0	29
2026.05.26	12:20:00	4524.72	4525.46	4520.74	4522.19	1246	0	29
2026.05.26	12:25:00	4522.16	4526.41	4521.60	4524.80	1148	0	29
2026.05.26	12:30:00	4524.81	4525.24	4517.02	4518.07	1308	0	29
2026.05.26	12:35:00	4518.12	4518.71	4515.89	4516.67	1107	0	29
2026.05.26	12:40:00	4516.74	4517.19	4512.07	4513.22	1334	0	29
2026.05.26	12:45:00	4513.22	4519.00	4513.10	4518.89	1206	0	29
2026.05.26	12:50:00	4518.90	4519.36	4516.84	4518.94	1005	0	29
2026.05.26	12:55:00	4518.94	4523.49	4517.53	4522.65	1241	0	29
2026.05.26	13:00:00	4522.65	4523.28	4519.66	4519.72	1248	0	29
2026.05.26	13:05:00	4519.69	4525.37	4519.37	4525.37	1024	0	29
2026.05.26	13:10:00	4525.36	4532.07	4525.06	4529.32	1461	0	29
2026.05.26	13:15:00	4529.38	4532.96	4527.47	4528.04	1252	0	29
2026.05.26	13:20:00	4528.04	4532.44	4527.67	4531.59	1015	0	29
2026.05.26	13:25:00	4531.58	4535.29	4531.45	4533.36	1151	0	29
2026.05.26	13:30:00	4533.39	4538.80	4533.39	4538.69	1480	0	29
2026.05.26	13:35:00	4538.69	4538.69	4533.79	4534.10	1298	0	29
2026.05.26	13:40:00	4534.03	4534.71	4531.44	4533.16	1123	0	29
2026.05.26	13:45:00	4533.14	4537.50	4533.12	4537.45	1192	0	29
2026.05.26	13:50:00	4537.42	4540.47	4534.41	4534.74	1398	0	29
2026.05.26	13:55:00	4534.71	4535.21	4533.75	4534.45	1053	0	29
2026.05.26	14:00:00	4534.50	4536.18	4532.85	4536.00	1152	0	29
2026.05.26	14:05:00	4536.00	4536.10	4533.84	4534.95	1012	0	29
2026.05.26	14:10:00	4534.98	4535.88	4531.69	4531.71	918	0	29
2026.05.26	14:15:00	4531.71	4532.61	4529.93	4529.95	1023	0	29
2026.05.26	14:20:00	4529.94	4530.15	4525.27	4525.63	1268	0	29
2026.05.26	14:25:00	4525.61	4526.05	4522.75	4523.73	1233	0	29
2026.05.26	14:30:00	4523.65	4523.76	4517.40	4519.34	1605	0	29
2026.05.26	14:35:00	4519.30	4519.57	4507.17	4510.78	1865	0	29
2026.05.26	14:40:00	4510.80	4513.16	4504.60	4510.05	1697	0	29
2026.05.26	14:45:00	4510.08	4515.64	4508.41	4512.51	1391	0	29
2026.05.26	14:50:00	4512.52	4515.48	4510.64	4511.54	1396	0	29
2026.05.26	14:55:00	4511.51	4511.68	4503.83	4507.16	1439	0	29
2026.05.26	15:00:00	4507.15	4510.05	4504.45	4508.19	1526	0	29
2026.05.26	15:05:00	4508.19	4512.01	4506.32	4510.65	1522	0	29
2026.05.26	15:10:00	4510.55	4512.22	4507.68	4510.34	1316	0	29
2026.05.26	15:15:00	4510.38	4515.89	4509.62	4512.28	1386	0	29
2026.05.26	15:20:00	4512.26	4512.87	4508.11	4509.61	1315	0	29
2026.05.26	15:25:00	4509.64	4511.54	4503.61	4506.15	1238	0	29
2026.05.26	15:30:00	4506.18	4510.46	4500.65	4510.36	1555	0	29
2026.05.26	15:35:00	4510.32	4510.32	4501.48	4502.31	1399	0	29
2026.05.26	15:40:00	4502.24	4511.99	4502.09	4511.98	1388	0	29
2026.05.26	15:45:00	4511.98	4521.14	4510.57	4519.84	1565	0	29
2026.05.26	15:50:00	4519.83	4523.49	4517.45	4522.45	1569	0	29
2026.05.26	15:55:00	4522.46	4523.56	4519.11	4520.28	1397	0	29
2026.05.26	16:00:00	4520.31	4526.30	4519.42	4523.43	1609	0	29
2026.05.26	16:05:00	4523.42	4523.67	4519.48	4522.40	1379	0	29
2026.05.26	16:10:00	4522.40	4522.53	4516.13	4518.35	1472	0	29
2026.05.26	16:15:00	4518.34	4521.74	4518.15	4520.11	1237	0	29
2026.05.26	16:20:00	4520.13	4526.90	4520.10	4526.11	1532	0	29
2026.05.26	16:25:00	4526.23	4527.40	4522.03	4522.27	1413	0	29
2026.05.26	16:30:00	4522.26	4527.78	4521.87	4522.47	1885	0	29
2026.05.26	16:35:00	4522.44	4528.77	4521.26	4524.56	1761	0	29
2026.05.26	16:40:00	4524.52	4531.33	4524.24	4527.28	1721	0	29
2026.05.26	16:45:00	4527.28	4529.19	4525.29	4525.87	1684	0	29
2026.05.26	16:50:00	4525.91	4526.27	4512.75	4515.81	1995	0	29
2026.05.26	16:55:00	4515.88	4517.69	4512.24	4513.97	1717	0	29
2026.05.26	17:00:00	4514.06	4517.96	4511.16	4517.48	1828	0	29
2026.05.26	17:05:00	4517.48	4520.38	4514.89	4515.43	1737	0	29
2026.05.26	17:10:00	4515.45	4515.62	4507.88	4511.04	1716	0	29
2026.05.26	17:15:00	4510.96	4514.64	4508.54	4514.24	1610	0	29
2026.05.26	17:20:00	4514.25	4517.32	4512.50	4515.90	1557	0	29
2026.05.26	17:25:00	4515.89	4517.79	4514.94	4517.62	1472	0	29
2026.05.26	17:30:00	4517.63	4521.55	4516.84	4517.52	1519	0	29
2026.05.26	17:35:00	4517.54	4524.89	4517.48	4522.28	1653	0	29
2026.05.26	17:40:00	4522.29	4523.76	4519.70	4521.40	1408	0	29
2026.05.26	17:45:00	4521.38	4521.99	4518.54	4519.24	1455	0	29
2026.05.26	17:50:00	4519.25	4519.50	4515.56	4515.84	1415	0	29
2026.05.26	17:55:00	4515.81	4516.08	4512.67	4515.23	1588	0	29
2026.05.26	18:00:00	4515.21	4515.46	4508.07	4511.41	1701	0	29
2026.05.26	18:05:00	4511.46	4514.28	4508.82	4510.59	1634	0	29
2026.05.26	18:10:00	4510.58	4512.50	4508.73	4509.44	1541	0	29
2026.05.26	18:15:00	4509.40	4510.42	4505.11	4508.23	1579	0	29
2026.05.26	18:20:00	4508.18	4508.63	4505.01	4506.01	1473	0	29
2026.05.26	18:25:00	4506.00	4508.30	4504.84	4505.93	1520	0	29
2026.05.26	18:30:00	4506.01	4508.37	4503.73	4505.59	1632	0	29
2026.05.26	18:35:00	4505.57	4507.46	4502.22	4507.45	1575	0	29
2026.05.26	18:40:00	4507.44	4508.90	4506.47	4508.19	1516	0	29
2026.05.26	18:45:00	4508.20	4509.18	4506.47	4506.80	1458	0	29
2026.05.26	18:50:00	4506.77	4510.73	4505.98	4509.69	1507	0	29
2026.05.26	18:55:00	4509.68	4509.68	4506.03	4506.41	1559	0	29
2026.05.26	19:00:00	4506.37	4508.41	4505.37	4506.09	1369	0	29
2026.05.26	19:05:00	4506.09	4506.21	4502.28	4502.99	1263	0	29
2026.05.26	19:10:00	4502.99	4503.24	4501.03	4501.40	1354	0	29
2026.05.26	19:15:00	4501.38	4505.65	4499.78	4505.04	1486	0	29
2026.05.26	19:20:00	4505.06	4506.12	4502.44	4506.11	1227	0	29
2026.05.26	19:25:00	4506.13	4508.70	4505.55	4507.96	1122	0	29
2026.05.26	19:30:00	4507.95	4511.15	4507.35	4509.67	1301	0	29
2026.05.26	19:35:00	4509.71	4510.64	4508.10	4508.13	1294	0	29
2026.05.26	19:40:00	4508.15	4508.85	4506.10	4506.47	1240	0	29
2026.05.26	19:45:00	4506.50	4507.73	4503.13	4503.31	1229	0	29
2026.05.26	19:50:00	4503.32	4505.80	4503.05	4505.07	1220	0	29
2026.05.26	19:55:00	4505.05	4505.81	4504.40	4504.87	1175	0	29
2026.05.26	20:00:00	4504.86	4507.39	4504.29	4505.60	1167	0	29
2026.05.26	20:05:00	4505.57	4505.73	4503.22	4504.33	1191	0	29
2026.05.26	20:10:00	4504.33	4504.78	4503.50	4503.65	1059	0	29
2026.05.26	20:15:00	4503.65	4504.70	4503.30	4504.34	1048	0	29
2026.05.26	20:20:00	4504.33	4506.59	4504.11	4506.58	1210	0	29
2026.05.26	20:25:00	4506.58	4507.45	4500.43	4501.40	1402	0	29
2026.05.26	20:30:00	4501.23	4501.62	4498.13	4500.21	1491	0	29
2026.05.26	20:35:00	4500.16	4501.01	4497.36	4499.08	1334	0	29
2026.05.26	20:40:00	4499.07	4499.62	4497.00	4498.51	1241	0	29
2026.05.26	20:45:00	4498.51	4500.92	4498.34	4500.42	1057	0	29
2026.05.26	20:50:00	4500.42	4501.19	4496.08	4496.39	1006	0	29
2026.05.26	20:55:00	4496.39	4496.87	4489.79	4490.92	1548	0	29
2026.05.26	21:00:00	4490.70	4493.20	4485.16	4487.70	1605	0	29
2026.05.26	21:05:00	4487.71	4489.08	4482.55	4488.84	1354	0	29
2026.05.26	21:10:00	4488.84	4490.97	4485.48	4487.28	1112	0	29
2026.05.26	21:15:00	4487.30	4490.71	4486.50	4490.61	1207	0	29
2026.05.26	21:20:00	4490.62	4492.97	4490.40	4492.35	1205	0	29
2026.05.26	21:25:00	4492.35	4496.17	4492.05	4495.25	1294	0	29
2026.05.26	21:30:00	4495.19	4498.36	4494.17	4497.34	1144	0	29
2026.05.26	21:35:00	4497.33	4497.35	4495.25	4496.47	1083	0	29
2026.05.26	21:40:00	4496.47	4496.66	4495.13	4496.08	1014	0	29
2026.05.26	21:45:00	4496.07	4498.37	4496.03	4497.65	908	0	29
2026.05.26	21:50:00	4497.63	4499.53	4497.37	4498.60	1102	0	29
2026.05.26	21:55:00	4498.49	4499.51	4498.12	4499.26	1158	0	29
2026.05.26	22:00:00	4499.25	4501.05	4497.63	4499.73	1165	0	29
2026.05.26	22:05:00	4499.72	4500.52	4498.67	4500.39	906	0	29
2026.05.26	22:10:00	4500.48	4501.03	4499.03	4499.39	874	0	29
2026.05.26	22:15:00	4499.39	4504.57	4499.31	4502.38	1007	0	29
2026.05.26	22:20:00	4502.38	4504.14	4502.15	4503.22	844	0	29
2026.05.26	22:25:00	4503.22	4503.51	4501.18	4502.05	927	0	29
2026.05.26	22:30:00	4502.04	4503.55	4500.79	4503.53	1035	0	29
2026.05.26	22:35:00	4503.54	4504.46	4503.07	4503.59	1098	0	29
2026.05.26	22:40:00	4503.53	4505.85	4503.47	4504.83	1001	0	29
2026.05.26	22:45:00	4504.83	4507.95	4504.11	4507.32	917	0	29
2026.05.26	22:50:00	4507.31	4507.90	4505.74	4505.86	1127	0	29
2026.05.26	22:55:00	4505.94	4509.91	4505.71	4508.94	1532	0	29
2026.05.26	23:00:00	4508.94	4510.45	4507.27	4507.48	885	0	29
2026.05.26	23:05:00	4507.49	4509.04	4506.26	4507.06	651	0	29
2026.05.26	23:10:00	4507.06	4508.04	4506.40	4507.84	475	0	29
2026.05.26	23:15:00	4507.91	4509.80	4507.91	4508.47	484	0	29
2026.05.26	23:20:00	4508.47	4509.16	4507.49	4508.65	475	0	29
2026.05.26	23:25:00	4508.65	4508.88	4506.30	4506.52	453	0	29
2026.05.26	23:30:00	4506.48	4507.67	4506.35	4506.59	324	0	34
2026.05.26	23:35:00	4506.59	4508.33	4506.06	4508.28	389	0	34
2026.05.26	23:40:00	4508.30	4509.72	4507.80	4508.76	364	0	34
2026.05.26	23:45:00	4508.77	4510.11	4506.29	4506.55	594	0	34
2026.05.26	23:50:00	4506.46	4506.50	4504.04	4506.37	662	0	34
2026.05.26	23:55:00	4506.34	4507.82	4506.21	4507.02	403	0	34
2026.05.27	01:00:00	4536.91	4538.62	4501.06	4503.36	393	0	34
2026.05.27	01:05:00	4503.88	4509.58	4501.38	4504.91	1106	0	34
2026.05.27	01:10:00	4504.90	4508.99	4501.39	4504.71	1071	0	34
2026.05.27	01:15:00	4504.79	4507.39	4503.98	4506.87	812	0	34
2026.05.27	01:20:00	4506.85	4509.99	4503.69	4505.04	985	0	34
2026.05.27	01:25:00	4504.98	4506.92	4502.69	4504.42	823	0	34
2026.05.27	01:30:00	4504.45	4506.02	4500.21	4500.21	908	0	29
2026.05.27	01:35:00	4500.29	4502.05	4497.94	4501.52	992	0	29
2026.05.27	01:40:00	4501.53	4503.29	4500.37	4500.56	861	0	29
2026.05.27	01:45:00	4500.56	4502.69	4499.49	4502.22	681	0	29
2026.05.27	01:50:00	4502.21	4507.06	4501.88	4506.87	816	0	29
2026.05.27	01:55:00	4506.88	4512.40	4506.56	4510.91	918	0	29
2026.05.27	02:00:00	4510.92	4513.65	4509.49	4511.03	981	0	29
2026.05.27	02:05:00	4511.06	4512.85	4509.59	4509.75	730	0	29
2026.05.27	02:10:00	4509.77	4510.01	4507.53	4508.81	725	0	29
2026.05.27	02:15:00	4508.81	4510.07	4508.03	4509.09	580	0	29
2026.05.27	02:20:00	4509.08	4509.35	4504.44	4505.63	964	0	29
2026.05.27	02:25:00	4505.62	4512.09	4505.35	4512.07	857	0	29
2026.05.27	02:30:00	4512.13	4516.55	4511.07	4514.99	957	0	29
2026.05.27	02:35:00	4514.94	4515.69	4512.54	4515.43	889	0	29
2026.05.27	02:40:00	4515.51	4526.90	4515.10	4526.89	1202	0	29
2026.05.27	02:45:00	4526.87	4527.86	4520.31	4521.07	1216	0	29
2026.05.27	02:50:00	4521.08	4522.65	4520.29	4521.14	822	0	29
2026.05.27	02:55:00	4521.12	4521.13	4518.54	4519.64	863	0	29
2026.05.27	03:00:00	4519.61	4525.81	4517.29	4520.74	1287	0	29
2026.05.27	03:05:00	4520.73	4524.09	4519.83	4522.19	1096	0	29
2026.05.27	03:10:00	4522.21	4522.59	4520.03	4522.01	1059	0	29
2026.05.27	03:15:00	4522.00	4522.50	4520.00	4521.16	1045	0	29
2026.05.27	03:20:00	4521.11	4521.52	4515.90	4516.23	1125	0	29
2026.05.27	03:25:00	4516.23	4518.85	4514.11	4517.90	1142	0	29
2026.05.27	03:30:00	4517.90	4520.68	4517.47	4519.71	892	0	29
2026.05.27	03:35:00	4519.71	4520.69	4517.61	4517.69	969	0	29
2026.05.27	03:40:00	4517.67	4519.26	4516.87	4518.62	896	0	29
2026.05.27	03:45:00	4518.66	4522.09	4518.54	4519.08	919	0	29
2026.05.27	03:50:00	4519.07	4519.12	4516.12	4516.99	1004	0	29
2026.05.27	03:55:00	4516.98	4518.94	4514.66	4515.07	1090	0	29
2026.05.27	04:00:00	4515.08	4517.85	4514.02	4515.70	1665	0	29
2026.05.27	04:05:00	4515.60	4517.48	4512.61	4516.61	1482	0	29
2026.05.27	04:10:00	4516.63	4520.90	4515.80	4519.44	1407	0	29
2026.05.27	04:15:00	4519.43	4520.33	4515.68	4516.08	1250	0	29
2026.05.27	04:20:00	4516.10	4521.08	4515.91	4519.08	1165	0	29
2026.05.27	04:25:00	4519.07	4519.38	4514.39	4516.13	1003	0	29
2026.05.27	04:30:00	4516.10	4517.06	4513.72	4515.03	1304	0	29
2026.05.27	04:35:00	4515.06	4516.69	4511.53	4511.92	1099	0	29
2026.05.27	04:40:00	4511.95	4513.63	4509.31	4509.99	1111	0	29
2026.05.27	04:45:00	4510.02	4510.50	4506.85	4510.01	1074	0	29
2026.05.27	04:50:00	4509.89	4510.13	4507.25	4507.59	1008	0	29
2026.05.27	04:55:00	4507.57	4509.75	4506.87	4507.88	990	0	29
2026.05.27	05:00:00	4507.93	4509.60	4504.07	4505.49	1307	0	29
2026.05.27	05:05:00	4505.49	4505.65	4502.08	4503.48	1195	0	29
2026.05.27	05:10:00	4503.48	4504.53	4502.13	4504.13	1144	0	29
2026.05.27	05:15:00	4504.15	4505.17	4499.03	4499.63	1082	0	29
2026.05.27	05:20:00	4499.61	4504.80	4499.24	4504.10	941	0	29
2026.05.27	05:25:00	4504.08	4505.72	4503.89	4505.44	815	0	29
2026.05.27	05:30:00	4505.47	4505.72	4503.84	4505.31	989	0	29
2026.05.27	05:35:00	4505.31	4505.97	4500.11	4500.30	1072	0	29
2026.05.27	05:40:00	4500.30	4502.25	4498.79	4499.85	1057	0	29
2026.05.27	05:45:00	4499.81	4501.76	4498.07	4501.63	948	0	29
2026.05.27	05:50:00	4501.66	4504.98	4501.66	4503.76	917	0	29
2026.05.27	05:55:00	4503.78	4506.87	4503.61	4505.74	823	0	29
2026.05.27	06:00:00	4505.71	4509.74	4505.06	4507.65	1011	0	29
2026.05.27	06:05:00	4507.64	4509.24	4505.58	4509.24	843	0	29
2026.05.27	06:10:00	4509.24	4510.33	4508.20	4509.19	876	0	29
2026.05.27	06:15:00	4509.18	4511.88	4508.56	4510.98	940	0	29
2026.05.27	06:20:00	4510.97	4511.50	4508.36	4508.83	864	0	29
2026.05.27	06:25:00	4508.84	4508.84	4505.54	4507.10	927	0	29
2026.05.27	06:30:00	4507.08	4507.21	4504.85	4505.03	713	0	29
2026.05.27	06:35:00	4505.01	4505.01	4501.64	4502.88	776	0	29
2026.05.27	06:40:00	4502.88	4505.21	4502.74	4504.33	703	0	29
2026.05.27	06:45:00	4504.35	4505.46	4503.55	4504.26	715	0	29
2026.05.27	06:50:00	4504.26	4504.69	4501.90	4502.19	718	0	29
2026.05.27	06:55:00	4502.18	4502.18	4496.66	4497.05	836	0	29
2026.05.27	07:00:00	4497.09	4500.56	4495.86	4499.73	977	0	29
2026.05.27	07:05:00	4499.71	4502.46	4499.21	4501.52	772	0	29
2026.05.27	07:10:00	4501.60	4503.20	4501.10	4503.01	704	0	29
2026.05.27	07:15:00	4503.00	4503.11	4500.69	4501.00	714	0	29
2026.05.27	07:20:00	4501.01	4503.34	4500.76	4502.38	721	0	29
2026.05.27	07:25:00	4502.38	4502.39	4499.59	4499.63	840	0	29
2026.05.27	07:30:00	4499.60	4501.82	4497.94	4501.29	997	0	29
2026.05.27	07:35:00	4501.30	4502.91	4499.92	4502.89	752	0	29
2026.05.27	07:40:00	4502.92	4508.42	4502.54	4508.41	972	0	29
2026.05.27	07:45:00	4508.37	4517.23	4508.37	4516.53	1168	0	29
2026.05.27	07:50:00	4516.46	4517.16	4511.71	4512.20	1087	0	29
2026.05.27	07:55:00	4512.21	4512.61	4509.24	4510.06	904	0	29
2026.05.27	08:00:00	4510.11	4513.74	4508.32	4513.58	985	0	29
2026.05.27	08:05:00	4513.59	4513.62	4510.37	4510.99	961	0	29
2026.05.27	08:10:00	4510.88	4510.89	4508.94	4509.03	818	0	29
2026.05.27	08:15:00	4509.05	4509.07	4505.13	4505.45	978	0	29
2026.05.27	08:20:00	4505.48	4507.01	4504.11	4506.21	1049	0	29
2026.05.27	08:25:00	4506.14	4508.09	4505.73	4507.25	795	0	29
2026.05.27	08:30:00	4507.25	4508.78	4493.65	4496.56	1682	0	29
2026.05.27	08:35:00	4496.58	4500.78	4494.60	4499.58	1606	0	29
2026.05.27	08:40:00	4499.38	4500.06	4491.68	4493.37	1783	0	29
2026.05.27	08:45:00	4493.41	4498.00	4491.93	4497.89	1617	0	29
2026.05.27	08:50:00	4497.90	4502.25	4496.31	4498.71	1668	0	29
2026.05.27	08:55:00	4498.70	4499.87	4496.49	4497.55	1432	0	29
2026.05.27	09:00:00	4497.52	4499.16	4493.79	4495.05	1512	0	29
2026.05.27	09:05:00	4495.11	4498.99	4493.81	4497.85	1471	0	29
2026.05.27	09:10:00	4497.86	4498.55	4493.75	4493.99	1518	0	29
2026.05.27	09:15:00	4493.99	4495.86	4486.37	4489.42	1527	0	29
2026.05.27	09:20:00	4489.36	4490.46	4483.80	4486.81	1559	0	29
2026.05.27	09:25:00	4486.76	4489.13	4483.80	4486.16	1560	0	29
2026.05.27	09:30:00	4486.26	4486.45	4479.95	4483.53	1718	0	29
2026.05.27	09:35:00	4483.53	4485.63	4480.74	4483.34	1283	0	29
2026.05.27	09:40:00	4483.36	4487.85	4482.43	4487.69	1311	0	29
2026.05.27	09:45:00	4487.62	4490.11	4487.01	4488.26	1237	0	29
2026.05.27	09:50:00	4488.21	4489.20	4486.66	4487.24	1048	0	29
2026.05.27	09:55:00	4487.26	4487.67	4483.53	4485.15	1267	0	29
2026.05.27	10:00:00	4485.14	4488.43	4484.99	4487.04	1347	0	29
2026.05.27	10:05:00	4487.04	4488.51	4482.96	4484.74	1235	0	29
2026.05.27	10:10:00	4484.74	4484.76	4480.12	4480.21	1215	0	29
2026.05.27	10:15:00	4480.33	4485.21	4480.26	4484.09	1159	0	29
2026.05.27	10:20:00	4484.09	4489.16	4482.92	4486.39	1096	0	29
2026.05.27	10:25:00	4486.36	4487.11	4484.80	4486.18	1133	0	29
2026.05.27	10:30:00	4486.16	4488.52	4484.73	4485.59	1140	0	29
2026.05.27	10:35:00	4485.62	4486.30	4481.20	4483.01	1098	0	29
2026.05.27	10:40:00	4483.00	4484.53	4482.10	4482.71	896	0	29
2026.05.27	10:45:00	4482.72	4484.01	4477.86	4479.42	1062	0	29
2026.05.27	10:50:00	4479.45	4480.43	4475.83	4479.24	1370	0	29
2026.05.27	10:55:00	4479.24	4482.21	4478.63	4481.98	1125	0	29
2026.05.27	11:00:00	4481.99	4489.18	4481.47	4486.47	1386	0	29
2026.05.27	11:05:00	4486.33	4487.53	4484.97	4485.92	1211	0	29
2026.05.27	11:10:00	4485.95	4486.98	4483.77	4486.28	1167	0	29
2026.05.27	11:15:00	4486.34	4490.71	4486.04	4489.76	1164	0	29
2026.05.27	11:20:00	4489.76	4492.74	4487.78	4490.64	1150	0	29
2026.05.27	11:25:00	4490.61	4490.93	4487.84	4489.09	1114	0	29
2026.05.27	11:30:00	4489.06	4489.51	4485.97	4488.52	926	0	29
2026.05.27	11:35:00	4488.53	4492.73	4488.32	4492.71	951	0	29
2026.05.27	11:40:00	4492.71	4496.57	4492.59	4496.20	1260	0	29
2026.05.27	11:45:00	4496.16	4497.25	4492.69	4496.47	1206	0	29
2026.05.27	11:50:00	4496.45	4498.62	4495.60	4498.18	1162	0	29
2026.05.27	11:55:00	4498.18	4498.31	4494.79	4497.80	904	0	29
2026.05.27	12:00:00	4497.79	4497.79	4491.04	4491.79	1310	0	29
2026.05.27	12:05:00	4491.80	4492.49	4488.64	4489.43	1045	0	29
2026.05.27	12:10:00	4489.46	4493.22	4489.29	4491.73	957	0	29
2026.05.27	12:15:00	4491.70	4495.33	4491.70	4494.56	944	0	29
2026.05.27	12:20:00	4494.53	4495.13	4490.78	4491.00	922	0	29
2026.05.27	12:25:00	4491.02	4491.74	4489.35	4490.04	882	0	29
2026.05.27	12:30:00	4490.04	4490.71	4486.89	4490.60	1098	0	29
2026.05.27	12:35:00	4490.60	4492.18	4490.12	4491.26	850	0	29
2026.05.27	12:40:00	4491.27	4491.82	4488.37	4488.61	790	0	29
2026.05.27	12:45:00	4488.61	4489.87	4488.21	4489.51	682	0	29
2026.05.27	12:50:00	4489.51	4492.98	4489.48	4492.54	840	0	29
2026.05.27	12:55:00	4492.52	4493.14	4490.09	4490.10	661	0	29
2026.05.27	13:00:00	4490.14	4490.52	4485.00	4486.44	925	0	29
2026.05.27	13:05:00	4486.44	4488.96	4486.19	4487.10	853	0	29
2026.05.27	13:10:00	4487.11	4487.66	4484.27	4485.44	851	0	29
2026.05.27	13:15:00	4485.44	4486.30	4479.68	4479.70	956	0	29
2026.05.27	13:20:00	4479.69	4481.14	4478.04	4479.85	1108	0	29
2026.05.27	13:25:00	4479.85	4480.00	4476.48	4476.96	1075	0	29
2026.05.27	13:30:00	4476.92	4477.17	4472.41	4473.82	1275	0	29
2026.05.27	13:35:00	4473.83	4475.81	4462.11	4463.72	1533	0	29
2026.05.27	13:40:00	4463.40	4470.02	4462.77	4465.63	1593	0	29
2026.05.27	13:45:00	4465.56	4466.90	4444.20	4448.54	1861	0	29
2026.05.27	13:50:00	4448.32	4450.10	4442.88	4444.82	1788	0	29
2026.05.27	13:55:00	4444.89	4450.17	4442.76	4445.75	1632	0	29
2026.05.27	14:00:00	4445.87	4453.20	4445.60	4452.42	1498	0	29
2026.05.27	14:05:00	4452.42	4452.42	4446.51	4449.59	1395	0	29
2026.05.27	14:10:00	4449.60	4451.61	4443.35	4451.18	1447	0	29
2026.05.27	14:15:00	4451.18	4452.17	4447.71	4449.18	1319	0	29
2026.05.27	14:20:00	4449.17	4449.17	4440.28	4445.79	1511	0	29
2026.05.27	14:25:00	4445.80	4446.14	4439.71	4440.83	1489	0	29
2026.05.27	14:30:00	4440.83	4441.70	4432.34	4436.82	1718	0	29
2026.05.27	14:35:00	4436.81	4441.68	4434.90	4441.08	1432	0	29
2026.05.27	14:40:00	4441.07	4444.18	4438.41	4443.14	1228	0	29
2026.05.27	14:45:00	4443.13	4444.72	4439.06	4439.13	1158	0	29
2026.05.27	14:50:00	4439.12	4439.57	4433.51	4433.65	1418	0	29
2026.05.27	14:55:00	4433.67	4433.99	4425.01	4428.59	1627	0	29
2026.05.27	15:00:00	4428.60	4437.50	4428.35	4434.29	1645	0	29
2026.05.27	15:05:00	4434.30	4437.33	4431.86	4433.11	1322	0	29
2026.05.27	15:10:00	4432.90	4433.43	4428.83	4430.37	1383	0	29
2026.05.27	15:15:00	4430.35	4454.12	4427.53	4447.40	1675	0	29
2026.05.27	15:20:00	4447.54	4466.45	4442.28	4455.01	2132	0	29
2026.05.27	15:25:00	4455.22	4460.74	4452.93	4454.69	1936	0	29
2026.05.27	15:30:00	4454.66	4460.18	4445.59	4447.32	1855	0	29
2026.05.27	15:35:00	4447.34	4453.37	4444.65	4452.17	1716	0	29
2026.05.27	15:40:00	4452.65	4452.68	4446.07	4446.98	1564	0	29
2026.05.27	15:45:00	4446.98	4448.16	4442.44	4445.03	1495	0	29
2026.05.27	15:50:00	4444.99	4446.87	4441.07	4446.22	1507	0	29
2026.05.27	15:55:00	4446.12	4446.30	4437.71	4438.80	1468	0	29
2026.05.27	16:00:00	4438.70	4438.93	4429.61	4432.18	1879	0	29
2026.05.27	16:05:00	4432.16	4432.31	4411.68	4414.20	2002	0	29
2026.05.27	16:10:00	4414.35	4420.18	4411.05	4416.67	1942	0	29
2026.05.27	16:15:00	4416.55	4421.29	4409.70	4411.36	1883	0	29
2026.05.27	16:20:00	4411.55	4417.16	4405.82	4416.60	1825	0	29
2026.05.27	16:25:00	4416.68	4419.39	4401.38	4404.71	1934	0	29
2026.05.27	16:30:00	4404.73	4424.45	4404.73	4423.81	2054	0	29
2026.05.27	16:35:00	4423.80	4425.59	4412.45	4418.08	2048	0	29
2026.05.27	16:40:00	4418.08	4423.37	4416.50	4419.19	1956	0	29
2026.05.27	16:45:00	4419.15	4428.38	4418.34	4420.30	1890	0	29
2026.05.27	16:50:00	4420.45	4433.97	4419.51	4425.30	1913	0	29
2026.05.27	16:55:00	4425.29	4428.18	4423.68	4427.33	1852	0	29
2026.05.27	17:00:00	4427.28	4438.10	4426.10	4438.06	1879	0	29
2026.05.27	17:05:00	4438.11	4448.19	4436.72	4444.30	1957	0	29
2026.05.27	17:10:00	4444.20	4455.35	4443.22	4447.97	1928	0	29
2026.05.27	17:15:00	4448.05	4451.94	4446.86	4451.13	1810	0	29
2026.05.27	17:20:00	4451.17	4455.35	4442.81	4444.29	1914	0	29
2026.05.27	17:25:00	4444.27	4446.01	4440.19	4445.44	1843	0	29
2026.05.27	17:30:00	4445.24	4449.21	4435.83	4440.91	1905	0	29
2026.05.27	17:35:00	4441.00	4445.35	4439.74	4444.14	1747	0	29
2026.05.27	17:40:00	4444.23	4444.90	4440.25	4443.10	1613	0	29
2026.05.27	17:45:00	4443.13	4446.12	4438.28	4438.28	1537	0	29
2026.05.27	17:50:00	4438.14	4439.84	4436.62	4439.78	1656	0	29
2026.05.27	17:55:00	4439.80	4439.80	4433.18	4433.92	1667	0	29
2026.05.27	18:00:00	4433.84	4438.42	4430.31	4436.22	1633	0	29
2026.05.27	18:05:00	4436.22	4437.09	4428.71	4429.51	1596	0	29
2026.05.27	18:10:00	4429.50	4432.65	4428.14	4432.06	1470	0	29
2026.05.27	18:15:00	4431.99	4433.07	4429.71	4430.92	1412	0	29
2026.05.27	18:20:00	4430.89	4434.02	4429.84	4433.46	1424	0	29
2026.05.27	18:25:00	4433.40	4435.87	4432.57	4435.74	1301	0	29
2026.05.27	18:30:00	4435.88	4441.47	4435.88	4438.63	1604	0	29
2026.05.27	18:35:00	4438.63	4440.73	4437.72	4440.73	1388	0	29
2026.05.27	18:40:00	4440.73	4441.15	4433.02	4434.08	1431	0	29
2026.05.27	18:45:00	4434.09	4438.70	4431.45	4432.76	1578	0	29
2026.05.27	18:50:00	4432.80	4435.11	4430.96	4434.19	1421	0	29
2026.05.27	18:55:00	4434.20	4437.17	4432.82	4436.45	1181	0	29
2026.05.27	19:00:00	4436.47	4441.86	4434.84	4437.53	1341	0	29
2026.05.27	19:05:00	4437.54	4438.07	4434.16	4436.76	1274	0	29
2026.05.27	19:10:00	4436.85	4440.87	4436.78	4440.13	1226	0	29
2026.05.27	19:15:00	4440.16	4443.12	4439.86	4441.81	1053	0	29
2026.05.27	19:20:00	4441.80	4444.18	4441.72	4444.13	1141	0	29
2026.05.27	19:25:00	4444.17	4447.54	4443.53	4446.79	1221	0	29
2026.05.27	19:30:00	4446.79	4449.55	4445.20	4448.32	1134	0	29
2026.05.27	19:35:00	4448.31	4450.86	4448.31	4449.76	1186	0	29
2026.05.27	19:40:00	4449.77	4453.19	4449.64	4450.75	1210	0	29
2026.05.27	19:45:00	4451.06	4452.77	4449.37	4452.03	1180	0	29
2026.05.27	19:50:00	4452.12	4453.25	4450.13	4450.72	1159	0	29
2026.05.27	19:55:00	4450.73	4451.40	4449.46	4450.78	1210	0	29
2026.05.27	20:00:00	4450.76	4450.98	4447.34	4449.18	1307	0	29
2026.05.27	20:05:00	4449.19	4451.54	4442.70	4442.96	1479	0	29
2026.05.27	20:10:00	4442.96	4445.62	4441.43	4444.04	1422	0	29
2026.05.27	20:15:00	4444.06	4447.39	4443.25	4446.73	1188	0	29
2026.05.27	20:20:00	4446.73	4448.22	4445.87	4446.55	1215	0	29
2026.05.27	20:25:00	4446.56	4451.18	4445.45	4449.80	1211	0	29
2026.05.27	20:30:00	4449.83	4453.26	4449.83	4451.97	1136	0	29
2026.05.27	20:35:00	4451.97	4454.24	4450.98	4451.01	1173	0	29
2026.05.27	20:40:00	4451.01	4452.02	4450.35	4450.59	1035	0	29
2026.05.27	20:45:00	4450.59	4451.74	4450.01	4450.83	859	0	29
2026.05.27	20:50:00	4450.84	4453.64	4450.66	4452.85	953	0	29
2026.05.27	20:55:00	4452.85	4454.00	4450.35	4450.35	924	0	29
2026.05.27	21:00:00	4450.32	4452.15	4449.30	4449.50	1094	0	29
2026.05.27	21:05:00	4449.50	4450.05	4447.65	4448.05	1017	0	29
2026.05.27	21:10:00	4448.05	4450.03	4448.03	4450.02	859	0	29
2026.05.27	21:15:00	4450.02	4453.07	4449.84	4452.48	914	0	29
2026.05.27	21:20:00	4452.63	4458.26	4452.40	4454.92	1231	0	29
2026.05.27	21:25:00	4454.93	4455.90	4454.29	4455.50	1114	0	29
2026.05.27	21:30:00	4455.51	4456.39	4452.23	4452.63	1062	0	29
2026.05.27	21:35:00	4452.64	4453.39	4451.34	4453.04	735	0	29
2026.05.27	21:40:00	4453.04	4453.99	4452.91	4453.34	685	0	29
2026.05.27	21:45:00	4453.14	4453.54	4452.55	4453.34	683	0	29
2026.05.27	21:50:00	4453.34	4453.76	4452.36	4452.49	736	0	29
2026.05.27	21:55:00	4452.49	4454.97	4452.30	4454.37	743	0	29
2026.05.27	22:00:00	4454.36	4454.73	4451.87	4452.12	734	0	29
2026.05.27	22:05:00	4452.10	4453.24	4451.86	4452.66	724	0	29
2026.05.27	22:10:00	4452.66	4452.79	4450.54	4451.72	936	0	29
2026.05.27	22:15:00	4451.71	4452.27	4449.74	4449.99	914	0	29
2026.05.27	22:20:00	4450.00	4454.00	4449.99	4453.15	708	0	29
2026.05.27	22:25:00	4453.16	4453.20	4450.42	4450.98	1005	0	29
2026.05.27	22:30:00	4450.98	4453.47	4449.64	4452.62	942	0	29
2026.05.27	22:35:00	4452.63	4454.67	4451.95	4454.62	814	0	29
2026.05.27	22:40:00	4454.61	4454.72	4453.12	4453.62	747	0	29
2026.05.27	22:45:00	4453.65	4453.69	4451.84	4452.07	708	0	29
2026.05.27	22:50:00	4452.00	4452.82	4450.65	4451.05	1020	0	29
2026.05.27	22:55:00	4451.06	4451.06	4448.73	4450.86	1272	0	29
2026.05.27	23:00:00	4450.77	4453.46	4450.04	4452.49	805	0	29
2026.05.27	23:05:00	4452.49	4453.45	4451.55	4452.96	605	0	29
2026.05.27	23:10:00	4452.83	4455.14	4452.39	4455.14	434	0	29
2026.05.27	23:15:00	4455.14	4458.79	4455.14	4458.09	749	0	29
2026.05.27	23:20:00	4458.13	4458.74	4456.00	4456.85	609	0	29
2026.05.27	23:25:00	4456.85	4456.86	4454.65	4454.95	501	0	29
2026.05.27	23:30:00	4454.92	4455.61	4454.43	4454.45	472	0	34
2026.05.27	23:35:00	4454.44	4454.44	4452.22	4452.40	427	0	34
2026.05.27	23:40:00	4452.40	4453.82	4451.53	4453.55	499	0	34
2026.05.27	23:45:00	4453.54	4454.48	4452.52	4454.22	515	0	34
2026.05.27	23:50:00	4454.21	4455.22	4453.97	4454.87	333	0	34
2026.05.27	23:55:00	4454.89	4456.09	4454.72	4455.96	266	0	34
2026.05.28	01:00:00	4455.56	4467.12	4455.49	4456.56	727	0	34
2026.05.28	01:05:00	4456.44	4462.31	4455.61	4458.81	607	0	34
2026.05.28	01:10:00	4458.81	4460.38	4457.25	4457.88	577	0	34
2026.05.28	01:15:00	4457.88	4460.40	4456.63	4459.46	545	0	34
2026.05.28	01:20:00	4459.46	4461.94	4457.71	4460.64	587	0	34
2026.05.28	01:25:00	4460.65	4461.79	4459.61	4459.89	647	0	34
2026.05.28	01:30:00	4459.91	4460.15	4455.16	4457.26	936	0	29
2026.05.28	01:35:00	4457.27	4461.80	4457.25	4461.41	572	0	29
2026.05.28	01:40:00	4461.46	4462.38	4458.16	4458.51	676	0	29
2026.05.28	01:45:00	4458.51	4458.81	4456.34	4456.57	541	0	29
2026.05.28	01:50:00	4456.57	4458.07	4455.33	4456.73	600	0	29
2026.05.28	01:55:00	4456.73	4457.79	4456.55	4457.43	528	0	29
2026.05.28	02:00:00	4457.45	4457.79	4455.15	4456.59	681	0	29
2026.05.28	02:05:00	4456.60	4456.85	4451.73	4452.82	791	0	29
2026.05.28	02:10:00	4452.84	4454.23	4451.81	4453.54	721	0	29
2026.05.28	02:15:00	4453.54	4454.91	4451.40	4453.67	804	0	29
2026.05.28	02:20:00	4453.76	4454.69	4449.53	4451.60	1081	0	29
2026.05.28	02:25:00	4451.59	4452.22	4449.33	4450.65	850	0	29
2026.05.28	02:30:00	4450.64	4451.37	4449.33	4449.69	869	0	29
2026.05.28	02:35:00	4449.69	4453.97	4449.65	4453.24	710	0	29
2026.05.28	02:40:00	4453.25	4453.77	4450.68	4450.68	755	0	29
2026.05.28	02:45:00	4450.69	4450.69	4446.17	4448.23	1054	0	29
2026.05.28	02:50:00	4448.23	4448.94	4443.84	4446.22	1061	0	29
2026.05.28	02:55:00	4446.18	4449.86	4445.69	4447.08	970	0	29
2026.05.28	03:00:00	4447.08	4452.47	4445.32	4449.47	1454	0	29
2026.05.28	03:05:00	4449.47	4449.99	4445.72	4449.13	1133	0	29
2026.05.28	03:10:00	4449.12	4449.94	4444.49	4444.58	1144	0	29
2026.05.28	03:15:00	4444.58	4453.85	4444.01	4452.23	1283	0	29
2026.05.28	03:20:00	4452.23	4453.54	4444.28	4445.86	1184	0	29
2026.05.28	03:25:00	4445.83	4447.85	4444.20	4446.25	1228	0	29
2026.05.28	03:30:00	4446.24	4449.99	4443.90	4449.42	1302	0	29
2026.05.28	03:35:00	4449.42	4452.89	4448.96	4450.76	976	0	29
2026.05.28	03:40:00	4450.78	4453.17	4450.27	4452.10	1008	0	29
2026.05.28	03:45:00	4452.09	4455.23	4451.96	4453.75	1031	0	29
2026.05.28	03:50:00	4453.75	4454.40	4451.63	4451.64	911	0	29
2026.05.28	03:55:00	4451.61	4457.86	4450.69	4457.10	1182	0	29
2026.05.28	04:00:00	4457.06	4458.80	4445.74	4445.88	1783	0	29
2026.05.28	04:05:00	4445.88	4448.20	4442.92	4444.53	1527	0	29
2026.05.28	04:10:00	4444.52	4446.35	4437.80	4438.17	1494	0	29
2026.05.28	04:15:00	4438.21	4440.34	4431.69	4433.39	1608	0	29
2026.05.28	04:20:00	4433.42	4434.96	4426.93	4431.19	1531	0	29
2026.05.28	04:25:00	4431.19	4431.27	4417.28	4419.40	1726	0	29
2026.05.28	04:30:00	4419.13	4425.72	4417.12	4425.26	1618	0	29
2026.05.28	04:35:00	4425.31	4426.45	4420.78	4422.78	1560	0	29
2026.05.28	04:40:00	4422.79	4423.07	4415.93	4417.58	1639	0	29
2026.05.28	04:45:00	4417.59	4420.37	4416.36	4417.58	1567	0	29
2026.05.28	04:50:00	4417.58	4419.65	4407.57	4409.15	1740	0	29
2026.05.28	04:55:00	4409.16	4411.25	4406.88	4409.95	1649	0	29
2026.05.28	05:00:00	4409.98	4412.59	4402.79	4404.09	1738	0	29
2026.05.28	05:05:00	4404.08	4408.43	4403.07	4407.87	1425	0	29
2026.05.28	05:10:00	4407.88	4408.15	4396.42	4402.67	1643	0	29
2026.05.28	05:15:00	4402.61	4405.77	4402.33	4404.21	1359	0	29
2026.05.28	05:20:00	4404.22	4406.10	4399.76	4405.76	1236	0	29
2026.05.28	05:25:00	4405.75	4408.31	4405.68	4406.11	1080	0	29
2026.05.28	05:30:00	4406.11	4410.33	4404.01	4408.91	1438	0	29
2026.05.28	05:35:00	4408.92	4409.16	4405.73	4406.80	1225	0	29
2026.05.28	05:40:00	4406.81	4408.38	4400.62	4402.01	1346	0	29
2026.05.28	05:45:00	4402.01	4402.27	4393.69	4396.07	1618	0	29
2026.05.28	05:50:00	4396.08	4398.33	4393.35	4395.38	1358	0	29
2026.05.28	05:55:00	4395.31	4398.82	4392.62	4394.43	1356	0	29
2026.05.28	06:00:00	4394.37	4396.39	4390.30	4395.55	1504	0	29
2026.05.28	06:05:00	4395.55	4397.78	4394.28	4396.50	1367	0	29
2026.05.28	06:10:00	4396.45	4397.35	4391.78	4394.13	1392	0	29
2026.05.28	06:15:00	4394.12	4394.42	4382.90	4384.46	1559	0	29
2026.05.28	06:20:00	4384.50	4387.85	4382.34	4386.66	1524	0	29
2026.05.28	06:25:00	4386.66	4388.23	4383.27	4387.66	1494	0	29
2026.05.28	06:30:00	4387.57	4387.85	4379.87	4379.88	1522	0	29
2026.05.28	06:35:00	4379.90	4380.13	4370.92	4373.93	1648	0	29
2026.05.28	06:40:00	4374.00	4377.78	4371.80	4376.72	1712	0	29
2026.05.28	06:45:00	4376.71	4379.25	4372.45	4375.01	1533	0	29
2026.05.28	06:50:00	4375.00	4376.29	4371.90	4375.51	1429	0	29
2026.05.28	06:55:00	4375.51	4376.86	4368.40	4374.77	1423	0	29
2026.05.28	07:00:00	4374.71	4377.55	4369.63	4375.06	1513	0	29
2026.05.28	07:05:00	4375.09	4382.01	4373.74	4381.11	1476	0	29
2026.05.28	07:10:00	4381.09	4381.66	4375.82	4376.35	1272	0	29
2026.05.28	07:15:00	4376.35	4376.99	4368.96	4369.26	1311	0	29
2026.05.28	07:20:00	4369.15	4372.66	4366.51	4371.42	1359	0	29
2026.05.28	07:25:00	4371.46	4371.98	4367.12	4368.38	1349	0	29
2026.05.28	07:30:00	4368.39	4372.47	4368.32	4371.49	1326	0	29
2026.05.28	07:35:00	4371.47	4373.68	4370.51	4372.09	1225	0	29
2026.05.28	07:40:00	4372.06	4375.02	4370.96	4373.98	1242	0	29
2026.05.28	07:45:00	4373.97	4375.11	4369.22	4369.53	1220	0	29
2026.05.28	07:50:00	4369.76	4372.46	4368.19	4371.01	1329	0	29
2026.05.28	07:55:00	4371.01	4374.80	4371.01	4372.93	1277	0	29
2026.05.28	08:00:00	4372.94	4374.05	4367.15	4369.98	1367	0	29
2026.05.28	08:05:00	4370.01	4374.21	4368.11	4371.84	1262	0	29
2026.05.28	08:10:00	4371.84	4377.23	4371.60	4375.35	1203	0	29
2026.05.28	08:15:00	4375.28	4376.20	4371.78	4374.47	1175	0	29
2026.05.28	08:20:00	4374.45	4377.59	4371.68	4377.13	1099	0	29
2026.05.28	08:25:00	4377.14	4379.88	4376.56	4378.64	1156	0	29
2026.05.28	08:30:00	4378.63	4387.76	4375.27	4386.65	1744	0	29
2026.05.28	08:35:00	4386.59	4391.16	4386.59	4391.16	1555	0	29
2026.05.28	08:40:00	4391.14	4393.46	4389.29	4389.45	1533	0	29
2026.05.28	08:45:00	4389.48	4394.82	4389.48	4392.30	1488	0	29
2026.05.28	08:50:00	4392.35	4395.81	4390.97	4393.41	1490	0	29
2026.05.28	08:55:00	4393.40	4393.69	4387.65	4387.96	1257	0	29
2026.05.28	09:00:00	4388.01	4390.61	4385.70	4387.64	1498	0	29
2026.05.28	09:05:00	4387.53	4387.81	4378.85	4379.70	1466	0	29
2026.05.28	09:10:00	4379.98	4381.63	4374.78	4375.99	1484	0	29
2026.05.28	09:15:00	4376.03	4380.37	4374.28	4379.59	1429	0	29
2026.05.28	09:20:00	4379.64	4384.76	4379.50	4381.91	1344	0	29
2026.05.28	09:25:00	4381.93	4384.76	4380.09	4380.35	1348	0	29
2026.05.28	09:30:00	4380.34	4384.90	4379.29	4383.37	1370	0	29
2026.05.28	09:35:00	4383.36	4385.40	4381.97	4382.02	1222	0	29
2026.05.28	09:40:00	4381.95	4383.75	4376.87	4380.43	1200	0	29
2026.05.28	09:45:00	4380.43	4384.39	4379.18	4383.33	1225	0	29
2026.05.28	09:50:00	4383.28	4383.96	4381.02	4382.61	1209	0	29
2026.05.28	09:55:00	4382.62	4384.59	4381.73	4383.48	1126	0	29
2026.05.28	10:00:00	4383.51	4389.62	4383.51	4387.42	1465	0	29
2026.05.28	10:05:00	4387.23	4392.23	4386.79	4391.96	1215	0	29
2026.05.28	10:10:00	4391.88	4391.88	4386.80	4388.78	1092	0	29
2026.05.28	10:15:00	4388.78	4395.16	4386.33	4394.40	1203	0	29
2026.05.28	10:20:00	4394.29	4396.22	4393.12	4394.27	1219	0	29
2026.05.28	10:25:00	4394.25	4396.03	4391.77	4392.63	1136	0	29
2026.05.28	10:30:00	4392.63	4393.72	4389.27	4389.44	1175	0	29
2026.05.28	10:35:00	4389.44	4392.63	4388.50	4389.13	1042	0	29
2026.05.28	10:40:00	4389.14	4389.73	4385.47	4389.37	1094	0	29
2026.05.28	10:45:00	4389.36	4390.98	4386.21	4387.95	1154	0	29
2026.05.28	10:50:00	4387.96	4389.34	4382.89	4385.53	1143	0	29
2026.05.28	10:55:00	4385.53	4388.78	4383.72	4387.47	1128	0	29
2026.05.28	11:00:00	4387.48	4392.95	4386.42	4387.46	1393	0	29
2026.05.28	11:05:00	4387.42	4393.57	4386.65	4393.57	1221	0	29
2026.05.28	11:10:00	4393.58	4394.86	4391.53	4393.22	1090	0	29
2026.05.28	11:15:00	4393.21	4394.48	4391.07	4391.79	1095	0	29
2026.05.28	11:20:00	4391.78	4394.38	4391.14	4392.53	1121	0	29
2026.05.28	11:25:00	4392.57	4393.07	4387.56	4389.74	1064	0	29
2026.05.28	11:30:00	4389.72	4391.94	4386.22	4391.93	1060	0	29
2026.05.28	11:35:00	4392.23	4394.90	4389.92	4391.87	1046	0	29
2026.05.28	11:40:00	4391.86	4393.37	4389.33	4389.90	1050	0	29
2026.05.28	11:45:00	4389.93	4391.32	4387.17	4390.86	1014	0	29
2026.05.28	11:50:00	4390.85	4391.73	4388.45	4388.56	845	0	29
2026.05.28	11:55:00	4388.56	4388.97	4385.87	4386.90	1052	0	29
2026.05.28	12:00:00	4386.83	4390.88	4386.41	4389.30	1126	0	29
2026.05.28	12:05:00	4389.27	4390.94	4388.28	4389.57	1063	0	29
2026.05.28	12:10:00	4389.58	4390.55	4386.58	4389.30	1087	0	29
2026.05.28	12:15:00	4389.30	4391.98	4388.58	4389.99	941	0	29
2026.05.28	12:20:00	4390.00	4399.04	4389.95	4395.36	1190	0	29
2026.05.28	12:25:00	4395.35	4397.72	4393.57	4396.40	1178	0	29
2026.05.28	12:30:00	4396.40	4396.82	4391.59	4392.83	1377	0	29
2026.05.28	12:35:00	4392.86	4395.68	4391.48	4392.38	1104	0	29
2026.05.28	12:40:00	4392.36	4393.04	4390.13	4391.08	1043	0	29
2026.05.28	12:45:00	4391.08	4393.42	4389.68	4392.85	1009	0	29
2026.05.28	12:50:00	4392.83	4396.17	4392.41	4394.48	1171	0	29
2026.05.28	12:55:00	4394.29	4396.29	4392.82	4393.56	1068	0	29
2026.05.28	13:00:00	4393.56	4394.90	4391.48	4393.64	1065	0	29
2026.05.28	13:05:00	4393.65	4401.56	4393.63	4401.37	1081	0	29
2026.05.28	13:10:00	4401.56	4404.10	4398.43	4399.28	1144	0	29
2026.05.28	13:15:00	4399.36	4400.76	4398.04	4399.36	927	0	29
2026.05.28	13:20:00	4399.36	4399.41	4393.76	4395.73	1125	0	29
2026.05.28	13:25:00	4395.73	4402.24	4395.60	4401.15	1114	0	29
2026.05.28	13:30:00	4401.14	4402.41	4398.21	4398.76	1084	0	29
2026.05.28	13:35:00	4398.75	4399.75	4397.26	4397.79	923	0	29
2026.05.28	13:40:00	4397.82	4398.38	4388.08	4389.08	1265	0	29
2026.05.28	13:45:00	4389.06	4389.06	4380.04	4380.72	1463	0	29
2026.05.28	13:50:00	4380.74	4384.77	4375.37	4382.15	1717	0	29
2026.05.28	13:55:00	4382.16	4387.31	4382.14	4383.01	1388	0	29
2026.05.28	14:00:00	4382.99	4388.53	4381.56	4388.50	1384	0	29
2026.05.28	14:05:00	4388.51	4389.28	4385.48	4386.85	1225	0	29
2026.05.28	14:10:00	4386.86	4388.55	4385.41	4386.99	1138	0	29
2026.05.28	14:15:00	4387.00	4390.45	4386.64	4389.44	1126	0	29
2026.05.28	14:20:00	4389.45	4389.99	4385.71	4387.56	988	0	29
2026.05.28	14:25:00	4387.54	4389.12	4384.35	4384.86	885	0	29
2026.05.28	14:30:00	4384.87	4386.99	4380.91	4386.63	1070	0	29
2026.05.28	14:35:00	4386.65	4390.10	4386.07	4388.46	1160	0	29
2026.05.28	14:40:00	4388.44	4390.31	4385.02	4385.78	1087	0	29
2026.05.28	14:45:00	4385.77	4386.21	4383.00	4383.40	1056	0	29
2026.05.28	14:50:00	4383.21	4384.55	4381.08	4383.72	1262	0	29
2026.05.28	14:55:00	4383.68	4388.41	4383.17	4387.92	1209	0	29
2026.05.28	15:00:00	4388.07	4391.23	4388.03	4390.10	1159	0	29
2026.05.28	15:05:00	4390.11	4392.69	4389.44	4391.56	1232	0	29
2026.05.28	15:10:00	4391.57	4392.68	4388.64	4392.59	1211	0	29
2026.05.28	15:15:00	4392.60	4392.81	4387.59	4388.26	1179	0	29
2026.05.28	15:20:00	4388.35	4389.57	4379.68	4381.26	1476	0	29
2026.05.28	15:25:00	4381.46	4386.93	4381.14	4385.29	1117	0	29
2026.05.28	15:30:00	4385.39	4394.38	4383.96	4392.34	1682	0	29
2026.05.28	15:35:00	4392.34	4402.32	4391.46	4398.85	1702	0	29
2026.05.28	15:40:00	4398.70	4402.99	4397.47	4402.02	1615	0	29
2026.05.28	15:45:00	4402.05	4410.26	4401.64	4409.94	1624	0	29
2026.05.28	15:50:00	4409.86	4421.45	4409.16	4420.55	1722	0	29
2026.05.28	15:55:00	4420.57	4433.60	4420.57	4432.13	1795	0	29
2026.05.28	16:00:00	4432.36	4436.23	4428.79	4432.49	1990	0	29
2026.05.28	16:05:00	4432.59	4438.96	4425.98	4426.28	1804	0	29
2026.05.28	16:10:00	4426.29	4431.96	4425.08	4426.70	1647	0	29
2026.05.28	16:15:00	4426.86	4431.95	4425.79	4431.46	1503	0	29
2026.05.28	16:20:00	4431.49	4434.26	4427.37	4428.75	1536	0	29
2026.05.28	16:25:00	4428.76	4433.02	4427.68	4428.50	1467	0	29
2026.05.28	16:30:00	4428.67	4430.74	4418.41	4418.72	1892	0	29
2026.05.28	16:35:00	4418.73	4426.32	4418.19	4424.82	1927	0	29
2026.05.28	16:40:00	4424.86	4425.59	4419.54	4422.05	1797	0	29
2026.05.28	16:45:00	4422.06	4430.08	4421.60	4425.62	1787	0	29
2026.05.28	16:50:00	4425.83	4434.23	4425.71	4430.69	1867	0	29
2026.05.28	16:55:00	4430.77	4432.17	4426.43	4430.50	1662	0	29
2026.05.28	17:00:00	4430.45	4433.19	4420.70	4424.53	1850	0	29
2026.05.28	17:05:00	4424.33	4442.52	4424.17	4438.86	1888	0	29
2026.05.28	17:10:00	4438.96	4467.15	4432.29	4464.31	2050	0	29
2026.05.28	17:15:00	4464.38	4473.36	4451.65	4464.62	2185	0	29
2026.05.28	17:20:00	4464.60	4467.02	4453.60	4461.49	2075	0	29
2026.05.28	17:25:00	4461.46	4465.16	4458.88	4460.88	2020	0	29
2026.05.28	17:30:00	4460.86	4467.92	4456.22	4456.50	2013	0	29
2026.05.28	17:35:00	4456.52	4460.12	4452.93	4459.57	1948	0	29
2026.05.28	17:40:00	4459.55	4471.44	4458.43	4468.83	1965	0	29
2026.05.28	17:45:00	4469.13	4480.33	4466.25	4468.08	2094	0	29
2026.05.28	17:50:00	4468.01	4475.41	4466.65	4470.36	1944	0	29
2026.05.28	17:55:00	4470.37	4470.69	4461.96	4469.27	1872	0	29
2026.05.28	18:00:00	4469.92	4476.86	4468.70	4474.92	1863	0	29
2026.05.28	18:05:00	4474.91	4480.68	4472.44	4473.39	1803	0	29
2026.05.28	18:10:00	4473.41	4474.24	4470.45	4471.34	1627	0	29
2026.05.28	18:15:00	4471.37	4473.99	4470.73	4472.42	1497	0	29
2026.05.28	18:20:00	4472.40	4476.87	4469.25	4476.21	1640	0	29
2026.05.28	18:25:00	4476.38	4482.08	4475.37	4476.71	1662	0	29
2026.05.28	18:30:00	4477.02	4481.31	4477.02	4480.94	1613	0	29
2026.05.28	18:35:00	4480.93	4484.69	4478.32	4478.38	1681	0	29
2026.05.28	18:40:00	4478.40	4481.04	4477.20	4479.30	1507	0	29
2026.05.28	18:45:00	4479.31	4482.25	4478.84	4479.60	1390	0	29
2026.05.28	18:50:00	4479.58	4482.33	4479.44	4480.09	1350	0	29
2026.05.28	18:55:00	4480.13	4482.21	4478.66	4482.20	1242	0	29
2026.05.28	19:00:00	4482.21	4483.80	4477.95	4480.76	1482	0	29
2026.05.28	19:05:00	4480.77	4485.77	4480.77	4481.26	1435	0	29
2026.05.28	19:10:00	4481.26	4485.38	4481.26	4484.32	1367	0	29
2026.05.28	19:15:00	4484.32	4497.37	4484.05	4497.04	1776	0	29
2026.05.28	19:20:00	4497.02	4502.32	4494.76	4502.06	1740	0	29
2026.05.28	19:25:00	4502.05	4502.77	4498.84	4500.44	1622	0	29
2026.05.28	19:30:00	4500.39	4502.50	4497.77	4498.88	1362	0	29
2026.05.28	19:35:00	4498.85	4503.08	4497.65	4499.35	1443	0	29
2026.05.28	19:40:00	4499.33	4506.24	4499.07	4504.32	1539	0	29
2026.05.28	19:45:00	4504.32	4508.25	4504.32	4505.14	1539	0	29
2026.05.28	19:50:00	4505.14	4509.57	4504.84	4508.40	1497	0	29
2026.05.28	19:55:00	4508.04	4511.00	4507.85	4510.97	1291	0	29
2026.05.28	20:00:00	4510.97	4514.43	4509.47	4510.06	1547	0	29
2026.05.28	20:05:00	4510.07	4510.21	4505.93	4509.81	1375	0	29
2026.05.28	20:10:00	4509.81	4510.37	4503.57	4503.87	1378	0	29
2026.05.28	20:15:00	4503.88	4506.81	4503.43	4504.44	1320	0	29
2026.05.28	20:20:00	4504.46	4505.64	4502.45	4504.97	1466	0	29
2026.05.28	20:25:00	4504.98	4506.25	4501.22	4501.99	1509	0	29
2026.05.28	20:30:00	4502.03	4507.04	4502.03	4505.19	1207	0	29
2026.05.28	20:35:00	4505.17	4505.82	4503.95	4505.66	1171	0	29
2026.05.28	20:40:00	4505.66	4507.11	4504.37	4504.99	1024	0	29
2026.05.28	20:45:00	4504.99	4509.10	4504.65	4508.43	1198	0	29
2026.05.28	20:50:00	4508.42	4508.52	4506.76	4507.58	1115	0	29
2026.05.28	20:55:00	4507.58	4509.92	4507.50	4508.85	1151	0	29
2026.05.28	21:00:00	4508.88	4516.47	4508.77	4513.08	1409	0	29
2026.05.28	21:05:00	4513.10	4513.75	4509.35	4509.72	1290	0	29
2026.05.28	21:10:00	4509.71	4509.71	4506.23	4507.62	1330	0	29
2026.05.28	21:15:00	4507.62	4512.66	4505.71	4509.61	1422	0	29
2026.05.28	21:20:00	4509.61	4511.10	4507.62	4508.17	1336	0	29
2026.05.28	21:25:00	4508.18	4508.21	4505.36	4506.24	1253	0	29
2026.05.28	21:30:00	4506.36	4506.41	4501.54	4502.13	1238	0	29
2026.05.28	21:35:00	4502.03	4503.60	4500.89	4501.92	1195	0	29
2026.05.28	21:40:00	4501.91	4502.79	4501.01	4501.72	1033	0	29
2026.05.28	21:45:00	4501.71	4502.43	4498.53	4499.28	1096	0	29
2026.05.28	21:50:00	4499.28	4503.59	4498.80	4502.93	1110	0	29
2026.05.28	21:55:00	4502.96	4503.32	4500.56	4501.00	971	0	29
2026.05.28	22:00:00	4501.27	4503.68	4500.07	4501.73	1117	0	29
2026.05.28	22:05:00	4501.76	4502.29	4498.87	4498.96	934	0	29
2026.05.28	22:10:00	4498.96	4501.77	4498.63	4499.53	1018	0	29
2026.05.28	22:15:00	4499.53	4501.57	4499.53	4501.01	881	0	29
2026.05.28	22:20:00	4501.01	4502.95	4500.44	4502.45	870	0	29
2026.05.28	22:25:00	4502.40	4502.47	4499.70	4499.71	974	0	29
2026.05.28	22:30:00	4499.71	4501.80	4499.71	4500.92	992	0	29
2026.05.28	22:35:00	4500.92	4501.62	4499.38	4500.90	922	0	29
2026.05.28	22:40:00	4500.82	4501.03	4498.96	4499.23	930	0	29
2026.05.28	22:45:00	4499.20	4500.33	4498.22	4498.61	942	0	29
2026.05.28	22:50:00	4498.66	4499.96	4497.75	4498.92	1190	0	29
2026.05.28	22:55:00	4498.91	4499.47	4497.13	4498.00	1350	0	29
2026.05.28	23:00:00	4497.83	4498.24	4495.58	4495.79	979	0	29
2026.05.28	23:05:00	4496.04	4497.44	4494.91	4496.12	672	0	29
2026.05.28	23:10:00	4496.11	4498.62	4496.03	4497.10	729	0	29
2026.05.28	23:15:00	4497.10	4500.59	4496.34	4497.52	844	0	29
2026.05.28	23:20:00	4497.53	4498.82	4497.50	4497.73	482	0	29
2026.05.28	23:25:00	4497.71	4499.50	4497.01	4499.31	478	0	29
2026.05.28	23:30:00	4499.29	4500.67	4498.26	4500.22	583	0	34
2026.05.28	23:35:00	4500.22	4500.23	4496.28	4496.38	572	0	34
2026.05.28	23:40:00	4496.38	4496.69	4494.88	4495.47	536	0	34
2026.05.28	23:45:00	4495.51	4496.36	4494.91	4495.91	591	0	34
2026.05.28	23:50:00	4495.84	4496.13	4494.92	4495.79	436	0	34
2026.05.28	23:55:00	4495.84	4496.45	4495.47	4496.29	284	0	34
2026.05.29	01:00:00	4496.01	4499.64	4495.25	4497.22	592	0	34
2026.05.29	01:05:00	4497.23	4498.12	4491.77	4493.57	727	0	34
2026.05.29	01:10:00	4493.58	4495.16	4492.49	4493.77	649	0	34
2026.05.29	01:15:00	4493.73	4494.88	4493.20	4493.70	415	0	34
2026.05.29	01:20:00	4493.70	4494.85	4493.08	4493.79	541	0	34
2026.05.29	01:25:00	4493.79	4496.54	4492.78	4495.81	707	0	34
2026.05.29	01:30:00	4495.88	4496.50	4493.79	4494.02	662	0	29
2026.05.29	01:35:00	4494.03	4495.12	4493.09	4494.35	573	0	29
2026.05.29	01:40:00	4494.34	4496.55	4493.41	4495.57	698	0	29
2026.05.29	01:45:00	4495.59	4496.22	4494.48	4494.58	577	0	29
2026.05.29	01:50:00	4494.56	4494.87	4492.51	4493.89	637	0	29
2026.05.29	01:55:00	4493.89	4494.29	4491.07	4491.18	618	0	29
2026.05.29	02:00:00	4491.20	4495.34	4491.13	4495.26	897	0	29
2026.05.29	02:05:00	4495.27	4495.73	4494.10	4494.25	649	0	29
2026.05.29	02:10:00	4494.28	4494.93	4494.28	4494.74	487	0	29
2026.05.29	02:15:00	4494.73	4496.95	4494.69	4495.87	595	0	29
2026.05.29	02:20:00	4495.88	4495.88	4493.97	4494.59	545	0	29
2026.05.29	02:25:00	4494.60	4494.60	4491.79	4492.31	553	0	29
2026.05.29	02:30:00	4492.31	4494.57	4491.31	4494.01	697	0	29
2026.05.29	02:35:00	4494.03	4494.61	4491.96	4492.00	698	0	29
2026.05.29	02:40:00	4492.00	4492.16	4489.24	4489.94	759	0	29
2026.05.29	02:45:00	4489.93	4491.20	4489.01	4490.47	829	0	29
2026.05.29	02:50:00	4490.48	4494.47	4490.42	4492.21	845	0	29
2026.05.29	02:55:00	4492.21	4496.34	4491.76	4495.11	845	0	29
2026.05.29	03:00:00	4495.12	4497.93	4492.50	4495.03	1389	0	29
2026.05.29	03:05:00	4495.02	4496.43	4492.11	4494.70	1257	0	29
2026.05.29	03:10:00	4494.69	4498.14	4492.70	4497.38	1218	0	29
2026.05.29	03:15:00	4497.24	4499.78	4496.52	4499.10	1097	0	29
2026.05.29	03:20:00	4499.18	4500.43	4495.88	4497.54	974	0	29
2026.05.29	03:25:00	4497.53	4500.52	4496.77	4500.05	1116	0	29
2026.05.29	03:30:00	4500.05	4500.33	4495.20	4495.20	1126	0	29
2026.05.29	03:35:00	4495.18	4496.51	4493.30	4494.19	953	0	29
2026.05.29	03:40:00	4494.08	4498.46	4494.07	4498.28	892	0	29
2026.05.29	03:45:00	4498.27	4498.29	4493.25	4495.08	959	0	29
2026.05.29	03:50:00	4495.09	4496.75	4493.65	4494.04	932	0	29
2026.05.29	03:55:00	4494.04	4496.06	4493.48	4496.06	921	0	29
2026.05.29	04:00:00	4496.27	4503.44	4492.43	4500.78	1771	0	29
2026.05.29	04:05:00	4500.77	4509.26	4498.89	4508.76	1553	0	29
2026.05.29	04:10:00	4508.86	4515.26	4508.08	4514.86	1613	0	29
2026.05.29	04:15:00	4514.86	4520.61	4514.49	4518.62	1552	0	29
2026.05.29	04:20:00	4518.66	4520.23	4512.72	4512.72	1439	0	29
2026.05.29	04:25:00	4512.71	4513.33	4505.23	4505.39	1437	0	29
2026.05.29	04:30:00	4505.38	4505.67	4502.42	4504.04	1481	0	29
2026.05.29	04:35:00	4504.07	4508.34	4503.21	4506.93	1370	0	29
2026.05.29	04:40:00	4506.98	4508.42	4505.44	4506.39	1417	0	29
2026.05.29	04:45:00	4506.39	4506.74	4501.51	4501.98	1345	0	29
2026.05.29	04:50:00	4501.96	4506.48	4501.10	4506.09	1266	0	29
2026.05.29	04:55:00	4506.08	4507.63	4503.83	4506.46	1204	0	29
2026.05.29	05:00:00	4506.42	4510.91	4505.99	4510.71	1361	0	29
2026.05.29	05:05:00	4510.69	4511.12	4505.10	4505.80	1085	0	29
2026.05.29	05:10:00	4505.83	4507.95	4504.10	4506.84	1176	0	29
2026.05.29	05:15:00	4506.81	4508.88	4505.17	4505.79	986	0	29
2026.05.29	05:20:00	4505.82	4506.01	4502.90	4504.48	897	0	29
2026.05.29	05:25:00	4504.48	4504.92	4501.82	4503.03	745	0	29
2026.05.29	05:30:00	4503.03	4505.07	4498.34	4504.06	1322	0	29
2026.05.29	05:35:00	4504.06	4506.49	4503.20	4506.15	1079	0	29
2026.05.29	05:40:00	4506.15	4507.84	4504.92	4505.12	1002	0	29
2026.05.29	05:45:00	4505.09	4508.14	4504.71	4506.48	1037	0	29
2026.05.29	05:50:00	4506.43	4506.49	4502.15	4503.15	1211	0	29
2026.05.29	05:55:00	4503.14	4505.14	4501.24	4501.75	1111	0	29
2026.05.29	06:00:00	4501.55	4501.90	4498.95	4501.55	1258	0	29
2026.05.29	06:05:00	4501.56	4501.58	4496.68	4498.09	1224	0	29
2026.05.29	06:10:00	4498.10	4498.72	4494.96	4496.31	1292	0	29
2026.05.29	06:15:00	4496.37	4497.70	4495.31	4496.36	1104	0	29
2026.05.29	06:20:00	4496.36	4499.19	4496.30	4498.27	1065	0	29
2026.05.29	06:25:00	4498.27	4498.33	4495.22	4496.75	1156	0	29
2026.05.29	06:30:00	4496.76	4498.23	4496.64	4497.29	874	0	29
2026.05.29	06:35:00	4497.29	4497.98	4494.86	4496.20	900	0	29
2026.05.29	06:40:00	4496.26	4499.17	4496.26	4498.12	786	0	29
2026.05.29	06:45:00	4498.10	4499.98	4497.96	4499.91	731	0	29
2026.05.29	06:50:00	4499.91	4500.46	4496.43	4499.68	875	0	29
2026.05.29	06:55:00	4499.67	4501.65	4498.75	4501.24	883	0	29
2026.05.29	07:00:00	4501.26	4505.30	4501.01	4502.73	1037	0	29
2026.05.29	07:05:00	4502.73	4503.73	4501.44	4503.30	758	0	29
2026.05.29	07:10:00	4503.29	4503.56	4501.83	4502.34	717	0	29
2026.05.29	07:15:00	4502.25	4504.88	4501.97	4504.60	823	0	29
2026.05.29	07:20:00	4504.55	4511.41	4504.11	4510.61	969	0	29
2026.05.29	07:25:00	4510.53	4511.68	4508.99	4509.18	1050	0	29
2026.05.29	07:30:00	4509.12	4510.47	4508.49	4508.91	828	0	29
2026.05.29	07:35:00	4508.90	4510.78	4508.44	4509.80	709	0	29
2026.05.29	07:40:00	4509.79	4510.82	4509.10	4510.61	766	0	29
2026.05.29	07:45:00	4510.60	4510.96	4508.37	4509.31	739	0	29
2026.05.29	07:50:00	4509.31	4510.06	4508.17	4509.27	752	0	29
2026.05.29	07:55:00	4509.28	4514.78	4508.69	4514.10	818	0	29
2026.05.29	08:00:00	4514.07	4515.38	4509.64	4509.87	846	0	29
2026.05.29	08:05:00	4509.88	4510.83	4509.39	4510.00	703	0	29
2026.05.29	08:10:00	4509.99	4512.35	4508.88	4511.93	724	0	29
2026.05.29	08:15:00	4511.95	4512.21	4510.57	4511.83	716	0	29
2026.05.29	08:20:00	4511.83	4512.00	4509.72	4509.90	630	0	29
2026.05.29	08:25:00	4509.95	4510.71	4509.43	4509.88	641	0	29
2026.05.29	08:30:00	4509.89	4512.80	4507.49	4508.38	1325	0	29
2026.05.29	08:35:00	4508.41	4508.42	4502.66	4503.53	1182	0	29
2026.05.29	08:40:00	4503.54	4507.94	4502.78	4506.68	1190	0	29
2026.05.29	08:45:00	4506.68	4508.61	4505.45	4505.94	1153	0	29
2026.05.29	08:50:00	4505.95	4515.68	4503.99	4515.00	1165	0	29
2026.05.29	08:55:00	4515.00	4515.48	4510.63	4514.91	1153	0	29
2026.05.29	09:00:00	4514.91	4522.38	4514.41	4519.11	1581	0	29
2026.05.29	09:05:00	4519.08	4519.99	4514.22	4514.22	1263	0	29
2026.05.29	09:10:00	4514.23	4515.99	4511.04	4515.66	1294	0	29
2026.05.29	09:15:00	4515.65	4515.66	4510.07	4511.38	1245	0	29
2026.05.29	09:20:00	4511.38	4519.79	4511.24	4518.63	1314	0	29
2026.05.29	09:25:00	4518.63	4521.45	4516.18	4516.54	1270	0	29
2026.05.29	09:30:00	4516.58	4520.66	4516.46	4517.88	1264	0	29
2026.05.29	09:35:00	4517.88	4518.86	4513.76	4514.88	1304	0	29
2026.05.29	09:40:00	4514.92	4516.82	4511.29	4516.64	1220	0	29
2026.05.29	09:45:00	4516.65	4519.71	4515.13	4517.65	1115	0	29
2026.05.29	09:50:00	4517.65	4523.05	4517.10	4521.97	1138	0	29
2026.05.29	09:55:00	4521.98	4523.99	4521.66	4523.62	1183	0	29
2026.05.29	10:00:00	4523.18	4523.86	4518.96	4519.11	1232	0	29
2026.05.29	10:05:00	4518.88	4520.76	4517.97	4519.11	1116	0	29
2026.05.29	10:10:00	4519.18	4520.55	4515.96	4516.27	1157	0	29
2026.05.29	10:15:00	4516.26	4517.07	4514.31	4515.58	1155	0	29
2026.05.29	10:20:00	4515.59	4515.82	4511.82	4511.82	1097	0	29
2026.05.29	10:25:00	4511.83	4514.11	4510.68	4514.03	1211	0	29
2026.05.29	10:30:00	4514.10	4521.12	4512.83	4520.68	1258	0	29
2026.05.29	10:35:00	4520.69	4525.22	4520.18	4522.48	1414	0	29
2026.05.29	10:40:00	4522.49	4525.95	4521.15	4525.31	1252	0	29
2026.05.29	10:45:00	4525.30	4526.07	4523.36	4524.09	1106	0	29
2026.05.29	10:50:00	4524.08	4525.26	4522.06	4523.20	911	0	29
2026.05.29	10:55:00	4523.20	4525.44	4522.86	4524.68	923	0	29
2026.05.29	11:00:00	4524.66	4524.70	4518.86	4519.15	1345	0	29
2026.05.29	11:05:00	4519.17	4520.64	4515.70	4515.91	1195	0	29
2026.05.29	11:10:00	4516.08	4519.01	4514.10	4515.22	1136	0	29
2026.05.29	11:15:00	4515.21	4516.30	4513.08	4513.16	1171	0	29
2026.05.29	11:20:00	4513.19	4517.21	4512.53	4515.35	1149	0	29
2026.05.29	11:25:00	4515.37	4517.92	4514.28	4517.05	1044	0	29
2026.05.29	11:30:00	4517.01	4517.97	4514.87	4514.90	812	0	29
2026.05.29	11:35:00	4514.90	4516.51	4513.85	4514.98	984	0	29
2026.05.29	11:40:00	4514.98	4516.10	4514.14	4514.97	886	0	29
2026.05.29	11:45:00	4514.95	4516.16	4510.93	4511.20	1019	0	29
2026.05.29	11:50:00	4511.23	4515.26	4509.95	4513.83	1034	0	29
2026.05.29	11:55:00	4513.84	4515.15	4513.09	4514.87	864	0	29
2026.05.29	12:00:00	4514.87	4519.35	4513.28	4518.89	1239	0	29
2026.05.29	12:05:00	4518.88	4524.02	4517.44	4523.80	1078	0	29
2026.05.29	12:10:00	4523.80	4530.32	4523.35	4528.95	1241	0	29
2026.05.29	12:15:00	4529.11	4529.59	4526.88	4527.95	1278	0	29
2026.05.29	12:20:00	4527.92	4528.22	4522.15	4522.63	1135	0	29
2026.05.29	12:25:00	4522.64	4532.21	4522.42	4528.83	1164	0	29
2026.05.29	12:30:00	4528.84	4530.61	4524.82	4528.61	1315	0	29
2026.05.29	12:35:00	4528.58	4530.48	4526.78	4528.78	1001	0	29
2026.05.29	12:40:00	4528.78	4532.43	4528.22	4532.39	869	0	29
2026.05.29	12:45:00	4532.39	4537.59	4532.04	4537.19	1285	0	29
2026.05.29	12:50:00	4537.21	4539.54	4531.27	4532.62	1215	0	29
2026.05.29	12:55:00	4532.56	4533.25	4529.62	4531.00	996	0	29
2026.05.29	13:00:00	4531.08	4531.08	4525.47	4525.89	1083	0	29
2026.05.29	13:05:00	4525.90	4528.56	4525.84	4526.38	942	0	29
2026.05.29	13:10:00	4526.37	4528.63	4525.88	4528.41	1021	0	29
2026.05.29	13:15:00	4528.40	4530.16	4525.68	4526.71	1001	0	29
2026.05.29	13:20:00	4526.70	4527.72	4525.90	4527.55	973	0	29
2026.05.29	13:25:00	4527.55	4530.88	4527.36	4530.43	945	0	29
2026.05.29	13:30:00	4530.42	4539.04	4530.35	4538.74	1159	0	29
2026.05.29	13:35:00	4538.76	4543.24	4538.19	4541.33	1234	0	29
2026.05.29	13:40:00	4541.44	4542.13	4536.36	4537.93	1054	0	29
2026.05.29	13:45:00	4537.94	4540.98	4536.40	4537.08	1029	0	29
2026.05.29	13:50:00	4537.07	4539.02	4536.67	4536.67	978	0	29
2026.05.29	13:55:00	4536.68	4538.57	4535.34	4538.47	1016	0	29
2026.05.29	14:00:00	4538.47	4540.37	4535.57	4535.87	1132	0	29
2026.05.29	14:05:00	4535.87	4536.93	4532.15	4532.48	996	0	29
2026.05.29	14:10:00	4532.50	4533.22	4530.84	4532.31	1077	0	29
2026.05.29	14:15:00	4532.32	4532.70	4529.30	4531.57	1114	0	29
2026.05.29	14:20:00	4531.54	4534.38	4530.23	4531.15	1055	0	29
2026.05.29	14:25:00	4531.19	4531.88	4526.83	4527.99	1170	0	29
2026.05.29	14:30:00	4528.00	4528.50	4525.84	4527.01	1044	0	29
2026.05.29	14:35:00	4527.02	4528.91	4526.62	4528.29	883	0	29
2026.05.29	14:40:00	4528.29	4531.41	4528.18	4531.03	912	0	29
2026.05.29	14:45:00	4531.01	4533.85	4529.19	4529.20	914	0	29
2026.05.29	14:50:00	4529.20	4535.06	4527.40	4533.88	1344	0	29
2026.05.29	14:55:00	4533.98	4538.86	4533.73	4538.34	1070	0	29
2026.05.29	15:00:00	4538.51	4538.52	4528.21	4529.37	1208	0	29
2026.05.29	15:05:00	4529.39	4530.50	4527.22	4530.15	1222	0	29
2026.05.29	15:10:00	4530.15	4531.98	4526.92	4528.35	1341	0	29
2026.05.29	15:15:00	4528.35	4531.82	4527.68	4530.33	1053	0	29
2026.05.29	15:20:00	4530.37	4530.37	4519.99	4523.47	1391	0	29
2026.05.29	15:25:00	4523.48	4524.52	4520.51	4522.26	1175	0	29
2026.05.29	15:30:00	4522.27	4523.39	4515.59	4517.08	1516	0	29
2026.05.29	15:35:00	4517.09	4518.82	4515.28	4517.28	1429	0	29
2026.05.29	15:40:00	4517.23	4517.68	4512.74	4514.22	1301	0	29
2026.05.29	15:45:00	4514.12	4517.91	4512.73	4515.35	1303	0	29
2026.05.29	15:50:00	4515.47	4519.95	4514.33	4518.52	1387	0	29
2026.05.29	15:55:00	4518.56	4523.98	4516.55	4522.92	1218	0	29
2026.05.29	16:00:00	4523.07	4525.47	4517.08	4524.19	1667	0	29
2026.05.29	16:05:00	4524.22	4526.81	4520.33	4525.62	1468	0	29
2026.05.29	16:10:00	4525.63	4525.66	4520.82	4522.63	1292	0	29
2026.05.29	16:15:00	4522.70	4524.30	4521.24	4522.61	1304	0	29
2026.05.29	16:20:00	4522.59	4529.12	4522.39	4526.20	1303	0	29
2026.05.29	16:25:00	4526.26	4528.29	4525.39	4527.95	1452	0	29
2026.05.29	16:30:00	4527.97	4531.98	4525.00	4525.09	1878	0	29
2026.05.29	16:35:00	4525.04	4533.02	4522.39	4531.40	1826	0	29
2026.05.29	16:40:00	4531.36	4535.41	4530.37	4533.01	1533	0	29
2026.05.29	16:45:00	4533.00	4536.76	4529.57	4535.76	1635	0	29
2026.05.29	16:50:00	4535.95	4539.09	4532.06	4538.57	1651	0	29
2026.05.29	16:55:00	4538.43	4540.65	4535.28	4536.73	1612	0	29
2026.05.29	17:00:00	4536.78	4549.27	4535.19	4547.88	1920	0	29
2026.05.29	17:05:00	4548.06	4552.54	4546.28	4551.11	1815	0	29
2026.05.29	17:10:00	4550.94	4552.57	4543.77	4543.77	1795	0	29
2026.05.29	17:15:00	4543.76	4544.97	4537.75	4537.89	1871	0	29
2026.05.29	17:20:00	4537.83	4540.35	4530.99	4531.06	1774	0	29
2026.05.29	17:25:00	4531.11	4533.16	4526.21	4529.81	2001	0	29
2026.05.29	17:30:00	4529.78	4536.36	4525.53	4536.25	1861	0	29
2026.05.29	17:35:00	4536.24	4536.56	4530.80	4531.73	1779	0	29
2026.05.29	17:40:00	4531.76	4541.80	4531.76	4540.32	1807	0	29
2026.05.29	17:45:00	4540.32	4540.94	4536.95	4539.71	1667	0	29
2026.05.29	17:50:00	4539.70	4569.07	4539.70	4556.87	2086	0	29
2026.05.29	17:55:00	4556.89	4570.42	4555.82	4564.16	2076	0	29
2026.05.29	18:00:00	4564.16	4578.23	4564.16	4578.18	2026	0	29
2026.05.29	18:05:00	4578.09	4589.73	4573.90	4587.96	2039	0	29
2026.05.29	18:10:00	4587.89	4595.21	4585.99	4589.92	1997	0	29
2026.05.29	18:15:00	4589.93	4591.36	4585.97	4588.53	1888	0	29
2026.05.29	18:20:00	4588.53	4589.07	4581.66	4584.81	1859	0	29
2026.05.29	18:25:00	4584.78	4585.22	4578.32	4578.33	1639	0	29
2026.05.29	18:30:00	4578.52	4583.22	4578.04	4578.24	1635	0	29
2026.05.29	18:35:00	4578.22	4580.64	4572.05	4572.96	1759	0	29
2026.05.29	18:40:00	4572.98	4575.15	4561.45	4566.56	1941	0	29
2026.05.29	18:45:00	4566.55	4569.20	4557.72	4564.89	1848	0	29
2026.05.29	18:50:00	4564.88	4570.38	4563.34	4568.96	1646	0	29
2026.05.29	18:55:00	4568.95	4571.47	4568.25	4571.07	1518	0	29
2026.05.29	19:00:00	4571.07	4572.17	4567.76	4567.93	1506	0	29
2026.05.29	19:05:00	4567.94	4568.84	4563.82	4564.18	1473	0	29
2026.05.29	19:10:00	4564.19	4564.95	4559.89	4563.51	1427	0	29
2026.05.29	19:15:00	4563.54	4567.57	4562.89	4565.25	1342	0	29
2026.05.29	19:20:00	4565.33	4567.00	4563.77	4564.16	1298	0	29
2026.05.29	19:25:00	4564.17	4564.17	4560.35	4563.00	1440	0	29
2026.05.29	19:30:00	4563.00	4570.00	4561.90	4568.95	1608	0	29
2026.05.29	19:35:00	4568.76	4573.27	4567.70	4572.05	1427	0	29
2026.05.29	19:40:00	4572.02	4572.89	4568.58	4569.48	1331	0	29
2026.05.29	19:45:00	4569.48	4569.53	4564.47	4564.75	1371	0	29
2026.05.29	19:50:00	4564.73	4565.76	4560.82	4565.27	1387	0	29
2026.05.29	19:55:00	4565.26	4567.38	4562.53	4566.90	1254	0	29
2026.05.29	20:00:00	4567.09	4567.99	4564.29	4564.30	1302	0	29
2026.05.29	20:05:00	4564.40	4568.52	4563.33	4567.47	1193	0	29
2026.05.29	20:10:00	4567.54	4568.36	4564.02	4564.11	1180	0	29
2026.05.29	20:15:00	4564.09	4566.83	4563.68	4565.50	1209	0	29
2026.05.29	20:20:00	4565.52	4566.73	4560.94	4565.50	1458	0	29
2026.05.29	20:25:00	4565.51	4565.76	4561.44	4561.83	1395	0	29
2026.05.29	20:30:00	4561.84	4562.06	4557.86	4561.28	1358	0	29
2026.05.29	20:35:00	4561.27	4561.86	4558.46	4558.71	1237	0	29
2026.05.29	20:40:00	4558.71	4559.95	4553.24	4554.09	1348	0	29
2026.05.29	20:45:00	4554.10	4557.58	4553.14	4555.98	1288	0	29
2026.05.29	20:50:00	4555.98	4556.15	4552.41	4553.52	1200	0	29
2026.05.29	20:55:00	4553.51	4553.96	4551.65	4553.41	1397	0	29
2026.05.29	21:00:00	4553.41	4557.34	4552.54	4557.31	1490	0	29
2026.05.29	21:05:00	4557.40	4558.72	4556.01	4557.89	1202	0	29
2026.05.29	21:10:00	4557.89	4558.25	4556.13	4558.08	1044	0	29
2026.05.29	21:15:00	4558.11	4558.80	4555.64	4558.59	1150	0	29
2026.05.29	21:20:00	4558.71	4559.83	4557.43	4558.63	1096	0	29
2026.05.29	21:25:00	4558.64	4560.37	4558.16	4559.29	1097	0	29
2026.05.29	21:30:00	4559.30	4561.23	4559.30	4560.89	1062	0	29
2026.05.29	21:35:00	4560.90	4561.63	4559.92	4560.10	854	0	29
2026.05.29	21:40:00	4560.10	4560.18	4557.58	4557.97	904	0	29
2026.05.29	21:45:00	4557.96	4557.96	4550.92	4553.03	1528	0	29
2026.05.29	21:50:00	4553.01	4554.68	4552.28	4554.22	1249	0	29
2026.05.29	21:55:00	4554.20	4556.92	4552.94	4553.31	1249	0	29
2026.05.29	22:00:00	4553.24	4554.90	4552.33	4554.50	1185	0	29
2026.05.29	22:05:00	4554.52	4558.46	4554.44	4558.46	993	0	29
2026.05.29	22:10:00	4558.50	4560.15	4557.93	4558.46	1019	0	29
2026.05.29	22:15:00	4558.33	4559.07	4556.71	4557.53	942	0	29
2026.05.29	22:20:00	4557.49	4557.91	4555.74	4556.43	892	0	29
2026.05.29	22:25:00	4556.45	4556.93	4554.61	4555.21	954	0	29
2026.05.29	22:30:00	4555.21	4556.35	4553.03	4553.44	1076	0	29
2026.05.29	22:35:00	4553.46	4553.94	4551.79	4552.38	1018	0	29
2026.05.29	22:40:00	4552.38	4553.85	4551.22	4551.46	1061	0	29
2026.05.29	22:45:00	4551.48	4551.59	4548.54	4548.61	1173	0	29
2026.05.29	22:50:00	4548.28	4549.54	4545.58	4546.40	1418	0	29
2026.05.29	22:55:00	4546.41	4548.16	4542.91	4545.38	1583	0	29
2026.05.29	23:00:00	4545.48	4547.35	4542.75	4544.41	1219	0	29
2026.05.29	23:05:00	4544.41	4546.00	4543.27	4545.76	758	0	29
2026.05.29	23:10:00	4545.75	4549.05	4545.14	4548.74	699	0	29
2026.05.29	23:15:00	4548.75	4548.76	4545.40	4545.83	608	0	29
2026.05.29	23:20:00	4545.83	4545.83	4544.24	4544.95	523	0	29
2026.05.29	23:25:00	4544.95	4545.06	4542.29	4542.63	632	0	29
2026.05.29	23:30:00	4542.49	4543.27	4541.72	4543.17	663	0	34
2026.05.29	23:35:00	4543.13	4543.39	4542.08	4542.88	521	0	34
2026.05.29	23:40:00	4542.87	4544.00	4541.28	4543.70	637	0	34
2026.05.29	23:45:00	4543.68	4543.68	4541.61	4541.84	622	0	34
2026.05.29	23:50:00	4541.85	4543.15	4539.72	4539.96	711	0	34
2026.05.29	23:55:00	4539.91	4541.14	4539.57	4541.14	265	0	34
2026.06.01	01:00:00	4519.00	4526.38	4518.04	4520.63	1508	0	34
2026.06.01	01:05:00	4520.64	4527.17	4519.65	4525.66	1008	0	34
2026.06.01	01:10:00	4525.77	4535.23	4523.78	4534.63	1092	0	34
2026.06.01	01:15:00	4534.61	4536.53	4531.30	4536.39	1064	0	34
2026.06.01	01:20:00	4536.38	4536.47	4531.30	4533.12	1011	0	34
2026.06.01	01:25:00	4533.12	4534.17	4531.69	4533.13	685	0	34
2026.06.01	01:30:00	4533.16	4536.56	4532.70	4535.63	1037	0	29
2026.06.01	01:35:00	4535.63	4536.31	4531.88	4531.89	774	0	29
2026.06.01	01:40:00	4531.89	4535.58	4530.92	4535.58	819	0	29
2026.06.01	01:45:00	4535.54	4540.37	4535.54	4538.26	887	0	29
2026.06.01	01:50:00	4538.25	4538.96	4534.83	4534.91	716	0	29
2026.06.01	01:55:00	4534.91	4537.84	4534.91	4535.27	658	0	29
2026.06.01	02:00:00	4535.27	4540.35	4535.05	4539.60	782	0	29
2026.06.01	02:05:00	4539.61	4541.66	4538.73	4541.45	576	0	29
2026.06.01	02:10:00	4541.46	4543.15	4540.09	4542.53	702	0	29
2026.06.01	02:15:00	4542.53	4543.57	4541.20	4542.13	701	0	29
2026.06.01	02:20:00	4542.14	4543.58	4540.10	4541.99	674	0	29
2026.06.01	02:25:00	4541.99	4544.96	4541.79	4544.86	705	0	29
2026.06.01	02:30:00	4544.92	4545.69	4539.15	4539.33	911	0	29
2026.06.01	02:35:00	4539.35	4541.72	4538.54	4540.73	859	0	29
2026.06.01	02:40:00	4540.72	4542.58	4540.46	4541.88	626	0	29
2026.06.01	02:45:00	4541.89	4542.69	4538.56	4541.10	1070	0	29
2026.06.01	02:50:00	4541.09	4544.73	4540.49	4544.24	976	0	29
2026.06.01	02:55:00	4544.23	4544.64	4539.51	4539.51	938	0	29
2026.06.01	03:00:00	4539.53	4545.94	4537.40	4544.93	1319	0	29
2026.06.01	03:05:00	4544.87	4544.97	4540.65	4540.83	1144	0	29
2026.06.01	03:10:00	4540.78	4543.56	4539.41	4540.74	1129	0	29
2026.06.01	03:15:00	4540.67	4543.74	4537.79	4538.36	1181	0	29
2026.06.01	03:20:00	4538.33	4541.53	4538.02	4540.75	985	0	29
2026.06.01	03:25:00	4540.75	4544.41	4539.75	4543.17	1025	0	29
2026.06.01	03:30:00	4543.17	4544.90	4535.93	4538.04	1082	0	29
2026.06.01	03:35:00	4538.04	4538.80	4535.22	4536.82	1048	0	29
2026.06.01	03:40:00	4536.81	4537.29	4535.32	4535.92	984	0	29
2026.06.01	03:45:00	4535.94	4541.89	4535.94	4541.36	1073	0	29
2026.06.01	03:50:00	4541.37	4542.72	4538.12	4538.78	1023	0	29
2026.06.01	03:55:00	4538.77	4541.84	4537.21	4540.62	1178	0	29
2026.06.01	04:00:00	4540.67	4541.34	4531.75	4534.26	1701	0	29
2026.06.01	04:05:00	4534.35	4535.39	4527.39	4529.17	1502	0	29
2026.06.01	04:10:00	4529.07	4534.30	4526.24	4533.92	1422	0	29
2026.06.01	04:15:00	4533.97	4534.36	4529.99	4530.22	1284	0	29
2026.06.01	04:20:00	4530.28	4536.63	4529.87	4532.16	1330	0	29
2026.06.01	04:25:00	4532.15	4533.03	4527.86	4528.77	1328	0	29
2026.06.01	04:30:00	4528.76	4532.78	4527.02	4532.78	1409	0	29
2026.06.01	04:35:00	4532.78	4533.32	4528.06	4529.73	1282	0	29
2026.06.01	04:40:00	4529.72	4533.83	4528.49	4533.15	1234	0	29
2026.06.01	04:45:00	4533.11	4533.65	4527.48	4528.47	1229	0	29
2026.06.01	04:50:00	4528.53	4531.15	4527.75	4529.89	1216	0	29
2026.06.01	04:55:00	4529.87	4530.01	4523.73	4525.46	1348	0	29
2026.06.01	05:00:00	4525.46	4527.67	4524.32	4525.08	1137	0	29
2026.06.01	05:05:00	4525.12	4531.86	4524.91	4528.52	1223	0	29
2026.06.01	05:10:00	4528.52	4533.94	4528.39	4532.05	1199	0	29
2026.06.01	05:15:00	4532.06	4534.53	4531.68	4531.92	906	0	29
2026.06.01	05:20:00	4531.93	4532.74	4530.19	4531.45	826	0	29
2026.06.01	05:25:00	4531.45	4531.67	4529.33	4530.34	637	0	29
2026.06.01	05:30:00	4530.31	4530.31	4523.46	4527.20	1404	0	29
2026.06.01	05:35:00	4527.22	4531.01	4527.13	4528.31	1223	0	29
2026.06.01	05:40:00	4528.28	4528.28	4522.43	4522.78	1193	0	29
2026.06.01	05:45:00	4522.87	4524.99	4521.92	4523.41	1280	0	29
2026.06.01	05:50:00	4523.41	4523.92	4522.21	4522.21	1149	0	29
2026.06.01	05:55:00	4522.15	4523.44	4521.11	4521.43	1118	0	29
2026.06.01	06:00:00	4521.38	4525.49	4521.29	4524.61	1050	0	29
2026.06.01	06:05:00	4524.62	4524.76	4517.40	4517.52	1218	0	29
2026.06.01	06:10:00	4517.49	4520.31	4515.59	4518.83	1212	0	29
2026.06.01	06:15:00	4518.81	4519.93	4513.95	4519.30	1188	0	29
2026.06.01	06:20:00	4519.30	4520.03	4517.54	4518.54	1071	0	29
2026.06.01	06:25:00	4518.53	4521.31	4518.01	4520.37	1017	0	29
2026.06.01	06:30:00	4520.37	4524.01	4519.88	4521.38	984	0	29
2026.06.01	06:35:00	4521.46	4521.76	4514.42	4515.60	872	0	29
2026.06.01	06:40:00	4515.01	4515.65	4509.81	4510.61	960	0	29
2026.06.01	06:45:00	4510.62	4513.24	4509.81	4512.48	893	0	29
2026.06.01	06:50:00	4512.45	4513.85	4511.62	4513.11	752	0	29
2026.06.01	06:55:00	4513.10	4516.25	4512.29	4516.24	740	0	29
2026.06.01	07:00:00	4516.25	4519.56	4515.68	4516.39	858	0	29
2026.06.01	07:05:00	4516.39	4517.21	4513.85	4514.05	777	0	29
2026.06.01	07:10:00	4514.06	4514.96	4512.41	4514.55	604	0	29
2026.06.01	07:15:00	4514.52	4518.44	4514.52	4516.82	622	0	29
2026.06.01	07:20:00	4516.84	4517.68	4516.00	4517.52	535	0	29
2026.06.01	07:25:00	4517.52	4517.57	4515.28	4515.76	618	0	29
2026.06.01	07:30:00	4515.76	4516.50	4514.13	4514.31	543	0	29
2026.06.01	07:35:00	4514.33	4515.53	4513.58	4515.11	658	0	29
2026.06.01	07:40:00	4515.08	4517.19	4514.33	4514.51	766	0	29
2026.06.01	07:45:00	4514.52	4514.63	4508.52	4510.52	752	0	29
2026.06.01	07:50:00	4510.44	4514.43	4509.74	4514.14	886	0	29
2026.06.01	07:55:00	4514.15	4515.01	4512.57	4514.38	738	0	29
2026.06.01	08:00:00	4514.39	4516.20	4513.55	4516.01	880	0	29
2026.06.01	08:05:00	4515.99	4517.67	4515.62	4516.36	724	0	29
2026.06.01	08:10:00	4516.37	4519.16	4515.25	4518.13	759	0	29
2026.06.01	08:15:00	4518.13	4521.88	4517.50	4521.51	767	0	29
2026.06.01	08:20:00	4521.52	4523.12	4519.61	4522.50	795	0	29
2026.06.01	08:25:00	4522.38	4523.47	4520.32	4520.41	799	0	29
2026.06.01	08:30:00	4520.39	4522.02	4512.62	4513.80	1423	0	29
2026.06.01	08:35:00	4513.69	4521.96	4513.61	4520.14	1243	0	29
2026.06.01	08:40:00	4520.15	4520.88	4515.42	4519.72	1291	0	29
2026.06.01	08:45:00	4519.75	4525.04	4517.30	4524.17	1211	0	29
2026.06.01	08:50:00	4524.18	4524.46	4521.06	4523.47	1225	0	29
2026.06.01	08:55:00	4523.44	4523.46	4517.07	4518.17	1166	0	29
2026.06.01	09:00:00	4518.07	4518.68	4514.11	4516.23	1401	0	29
2026.06.01	09:05:00	4516.22	4518.48	4515.34	4517.02	1163	0	29
2026.06.01	09:10:00	4517.02	4517.40	4512.68	4514.04	1239	0	29
2026.06.01	09:15:00	4514.04	4515.77	4510.06	4511.01	1239	0	29
2026.06.01	09:20:00	4511.00	4511.00	4504.92	4506.09	1340	0	29
2026.06.01	09:25:00	4506.11	4514.36	4505.65	4514.32	1184	0	29
2026.06.01	09:30:00	4514.41	4514.72	4510.34	4510.60	1135	0	29
2026.06.01	09:35:00	4510.60	4510.89	4501.74	4504.59	1405	0	29
2026.06.01	09:40:00	4504.59	4505.99	4503.23	4504.52	1146	0	29
2026.06.01	09:45:00	4504.52	4504.52	4500.96	4504.47	1218	0	29
2026.06.01	09:50:00	4504.47	4504.48	4500.27	4503.54	1290	0	29
2026.06.01	09:55:00	4503.65	4504.84	4501.17	4501.61	1227	0	29
2026.06.01	10:00:00	4501.58	4508.46	4500.69	4507.68	1335	0	29
2026.06.01	10:05:00	4507.68	4509.92	4506.24	4506.36	1260	0	29
2026.06.01	10:10:00	4506.17	4509.45	4505.69	4507.20	1085	0	29
2026.06.01	10:15:00	4507.19	4508.18	4504.80	4506.75	994	0	29
2026.06.01	10:20:00	4506.75	4507.20	4503.31	4505.12	939	0	29
2026.06.01	10:25:00	4505.12	4506.01	4503.33	4503.84	1056	0	29
2026.06.01	10:30:00	4503.82	4507.67	4503.76	4504.65	1014	0	29
2026.06.01	10:35:00	4504.65	4506.35	4502.63	4503.40	1028	0	29
2026.06.01	10:40:00	4503.40	4503.64	4497.85	4498.08	1231	0	29
2026.06.01	10:45:00	4498.11	4500.21	4492.82	4494.47	1315	0	29
2026.06.01	10:50:00	4494.47	4496.65	4492.41	4495.66	1169	0	29
2026.06.01	10:55:00	4495.67	4503.05	4495.29	4503.05	1115	0	29
2026.06.01	11:00:00	4503.06	4504.41	4495.53	4495.59	1315	0	29
2026.06.01	11:05:00	4495.70	4499.40	4493.76	4493.85	1226	0	29
2026.06.01	11:10:00	4493.84	4498.69	4493.54	4495.59	1079	0	29
2026.06.01	11:15:00	4495.64	4496.56	4491.67	4494.83	1184	0	29
2026.06.01	11:20:00	4494.89	4496.66	4490.54	4492.62	1056	0	29
2026.06.01	11:25:00	4492.61	4496.22	4492.53	4495.84	878	0	29
2026.06.01	11:30:00	4495.85	4496.48	4492.56	4495.64	858	0	29
2026.06.01	11:35:00	4495.68	4496.28	4493.12	4494.55	838	0	29
2026.06.01	11:40:00	4494.55	4500.36	4492.64	4499.99	1025	0	29
2026.06.01	11:45:00	4500.03	4502.47	4496.37	4501.20	1054	0	29
2026.06.01	11:50:00	4501.17	4501.59	4496.97	4497.14	985	0	29
2026.06.01	11:55:00	4497.15	4499.62	4495.58	4497.99	920	0	29
2026.06.01	12:00:00	4498.00	4500.72	4497.69	4500.49	1032	0	29
2026.06.01	12:05:00	4500.49	4500.51	4498.24	4499.52	863	0	29
2026.06.01	12:10:00	4499.55	4500.09	4498.70	4499.47	870	0	29
2026.06.01	12:15:00	4499.55	4505.61	4498.20	4505.58	1039	0	29
2026.06.01	12:20:00	4505.58	4506.26	4498.62	4499.54	1046	0	29
2026.06.01	12:25:00	4499.56	4499.69	4496.37	4496.37	1049	0	29
2026.06.01	12:30:00	4496.41	4497.31	4489.13	4490.66	1321	0	29
2026.06.01	12:35:00	4490.69	4497.94	4490.69	4497.83	1079	0	29
2026.06.01	12:40:00	4497.83	4499.20	4494.63	4498.29	1005	0	29
2026.06.01	12:45:00	4498.25	4498.43	4493.91	4495.37	1035	0	29
2026.06.01	12:50:00	4495.37	4498.43	4493.95	4497.86	979	0	29
2026.06.01	12:55:00	4497.86	4497.86	4494.38	4495.97	963	0	29
2026.06.01	13:00:00	4495.97	4498.89	4495.97	4498.11	974	0	29
2026.06.01	13:05:00	4498.09	4501.15	4496.24	4500.07	913	0	29
2026.06.01	13:10:00	4500.08	4502.07	4499.63	4501.49	781	0	29
2026.06.01	13:15:00	4501.47	4501.94	4499.43	4500.15	900	0	29
2026.06.01	13:20:00	4500.14	4500.48	4496.18	4500.43	927	0	29
2026.06.01	13:25:00	4500.43	4503.46	4500.38	4500.88	759	0	29
2026.06.01	13:30:00	4500.90	4505.28	4500.53	4504.85	894	0	29
2026.06.01	13:35:00	4504.91	4506.55	4503.01	4503.01	936	0	29
2026.06.01	13:40:00	4503.22	4507.39	4503.17	4505.84	907	0	29
2026.06.01	13:45:00	4505.91	4510.42	4505.25	4509.40	971	0	29
2026.06.01	13:50:00	4509.18	4510.89	4506.93	4507.25	920	0	29
2026.06.01	13:55:00	4507.25	4507.39	4502.55	4503.95	1005	0	29
2026.06.01	14:00:00	4503.95	4506.65	4500.16	4500.19	1141	0	29
2026.06.01	14:05:00	4500.19	4505.73	4499.82	4505.67	927	0	29
2026.06.01	14:10:00	4505.66	4505.67	4503.28	4504.88	782	0	29
2026.06.01	14:15:00	4504.91	4509.81	4504.15	4509.76	910	0	29
2026.06.01	14:20:00	4509.77	4512.87	4508.61	4508.64	935	0	29
2026.06.01	14:25:00	4508.62	4511.93	4507.71	4510.59	945	0	29
2026.06.01	14:30:00	4510.56	4512.22	4506.57	4506.75	904	0	29
2026.06.01	14:35:00	4506.76	4510.86	4506.15	4510.16	831	0	29
2026.06.01	14:40:00	4510.14	4510.64	4506.51	4507.14	1010	0	29
2026.06.01	14:45:00	4507.15	4509.72	4506.87	4508.62	813	0	29
2026.06.01	14:50:00	4508.61	4508.61	4506.43	4507.44	894	0	29
2026.06.01	14:55:00	4507.44	4508.03	4505.41	4505.81	969	0	29
2026.06.01	15:00:00	4505.82	4506.81	4503.37	4505.97	1043	0	29
2026.06.01	15:05:00	4505.93	4509.11	4505.93	4507.58	1039	0	29
2026.06.01	15:10:00	4507.57	4509.51	4503.04	4503.23	1044	0	29
2026.06.01	15:15:00	4503.24	4505.65	4501.17	4503.34	1134	0	29
2026.06.01	15:20:00	4503.34	4503.34	4497.43	4501.80	1233	0	29
2026.06.01	15:25:00	4501.82	4507.65	4501.47	4505.46	1232	0	29
2026.06.01	15:30:00	4505.47	4505.51	4497.67	4500.94	1275	0	29
2026.06.01	15:35:00	4500.96	4503.45	4499.14	4503.23	1167	0	29
2026.06.01	15:40:00	4503.27	4508.21	4499.25	4507.39	1209	0	29
2026.06.01	15:45:00	4507.37	4510.42	4505.52	4506.79	1429	0	29
2026.06.01	15:50:00	4506.78	4508.48	4505.24	4505.64	1218	0	29
2026.06.01	15:55:00	4505.61	4506.05	4498.56	4502.12	1149	0	29
2026.06.01	16:00:00	4502.25	4503.80	4495.63	4501.72	1728	0	29
2026.06.01	16:05:00	4501.65	4502.30	4496.26	4501.12	1331	0	29
2026.06.01	16:10:00	4501.12	4501.12	4472.34	4484.16	2050	0	29
2026.06.01	16:15:00	4484.29	4489.61	4479.32	4482.09	1967	0	29
2026.06.01	16:20:00	4482.09	4482.82	4463.95	4465.81	2093	0	29
2026.06.01	16:25:00	4466.01	4469.23	4462.40	4464.93	1993	0	29
2026.06.01	16:30:00	4464.97	4469.91	4458.96	4466.11	2116	0	29
2026.06.01	16:35:00	4466.06	4478.59	4463.14	4472.96	2013	0	29
2026.06.01	16:40:00	4472.88	4474.05	4465.38	4467.20	1937	0	29
2026.06.01	16:45:00	4467.23	4469.46	4463.36	4464.52	1932	0	29
2026.06.01	16:50:00	4464.31	4465.45	4452.63	4454.54	2036	0	29
2026.06.01	16:55:00	4454.40	4455.33	4448.86	4450.31	1901	0	29
2026.06.01	17:00:00	4450.38	4454.45	4447.64	4454.43	2040	0	29
2026.06.01	17:05:00	4454.09	4461.46	4449.52	4460.28	1924	0	29
2026.06.01	17:10:00	4460.48	4462.09	4455.99	4461.19	1813	0	29
2026.06.01	17:15:00	4461.18	4464.72	4454.08	4457.13	1909	0	29
2026.06.01	17:20:00	4457.11	4461.73	4454.95	4455.17	1739	0	29
2026.06.01	17:25:00	4455.49	4456.21	4449.68	4456.21	1656	0	29
2026.06.01	17:30:00	4456.20	4460.47	4453.78	4458.53	1672	0	29
2026.06.01	17:35:00	4458.52	4460.35	4454.13	4455.39	1666	0	29
2026.06.01	17:40:00	4455.39	4461.48	4455.16	4459.87	1607	0	29
2026.06.01	17:45:00	4459.87	4461.16	4453.64	4454.80	1574	0	29
2026.06.01	17:50:00	4454.82	4456.49	4452.13	4456.04	1716	0	29
2026.06.01	17:55:00	4456.01	4459.02	4454.92	4458.62	1501	0	29
2026.06.01	18:00:00	4458.99	4462.26	4457.53	4460.17	1504	0	29
2026.06.01	18:05:00	4460.16	4465.19	4455.64	4462.61	1687	0	29
2026.06.01	18:10:00	4462.60	4465.29	4460.71	4464.17	1465	0	29
2026.06.01	18:15:00	4464.21	4467.16	4463.19	4465.29	1580	0	29
2026.06.01	18:20:00	4465.27	4467.81	4464.06	4467.01	1330	0	29
2026.06.01	18:25:00	4466.98	4470.29	4465.77	4468.32	1336	0	29
2026.06.01	18:30:00	4468.17	4478.82	4468.17	4477.06	1925	0	29
2026.06.01	18:35:00	4477.04	4479.72	4474.03	4476.68	1782	0	29
2026.06.01	18:40:00	4476.67	4477.30	4471.11	4472.22	1465	0	29
2026.06.01	18:45:00	4472.34	4474.63	4468.65	4469.71	1268	0	29
2026.06.01	18:50:00	4469.69	4472.12	4468.90	4471.25	1265	0	29
2026.06.01	18:55:00	4471.12	4475.32	4471.10	4474.05	1340	0	29
2026.06.01	19:00:00	4474.09	4478.21	4472.48	4473.27	1347	0	29
2026.06.01	19:05:00	4473.25	4474.23	4468.15	4468.65	1170	0	29
2026.06.01	19:10:00	4468.68	4468.72	4465.19	4467.17	1382	0	29
2026.06.01	19:15:00	4467.05	4467.45	4463.11	4466.73	1307	0	29
2026.06.01	19:20:00	4466.73	4468.66	4464.61	4468.19	1150	0	29
2026.06.01	19:25:00	4468.30	4469.41	4466.72	4467.99	1084	0	29
2026.06.01	19:30:00	4467.95	4471.87	4467.90	4469.40	1288	0	29
2026.06.01	19:35:00	4469.41	4471.03	4467.82	4469.18	1221	0	29
2026.06.01	19:40:00	4469.18	4469.98	4467.78	4467.99	1065	0	29
2026.06.01	19:45:00	4468.01	4471.88	4467.39	4471.87	1154	0	29
2026.06.01	19:50:00	4471.89	4480.67	4471.74	4479.88	1569	0	29
2026.06.01	19:55:00	4479.84	4482.13	4478.61	4480.06	1530	0	29
2026.06.01	20:00:00	4480.04	4480.92	4475.58	4476.24	1550	0	29
2026.06.01	20:05:00	4476.26	4477.34	4471.44	4473.40	1434	0	29
2026.06.01	20:10:00	4473.39	4475.98	4473.17	4474.96	1019	0	29
2026.06.01	20:15:00	4474.99	4475.74	4473.39	4475.74	1023	0	29
2026.06.01	20:20:00	4475.74	4476.59	4474.26	4475.11	552	0	29
2026.06.01	20:25:00	4475.11	4482.82	4472.33	4482.46	473	0	29
2026.06.01	20:30:00	4482.86	4485.42	4480.61	4481.18	766	0	29
2026.06.01	20:35:00	4481.26	4484.33	4480.61	4482.96	656	0	29
2026.06.01	20:40:00	4482.80	4491.50	4482.80	4491.50	685	0	29
2026.06.01	20:45:00	4491.50	4495.30	4491.16	4491.43	709	0	29
2026.06.01	20:50:00	4491.54	4491.93	4489.12	4491.35	663	0	29
2026.06.01	20:55:00	4491.39	4491.60	4487.45	4487.48	550	0	29
2026.06.01	21:00:00	4487.48	4488.34	4486.23	4486.79	481	0	29
2026.06.01	21:05:00	4486.82	4490.13	4486.67	4489.72	435	0	29
2026.06.01	21:10:00	4489.69	4489.87	4488.05	4488.56	346	0	29
2026.06.01	21:15:00	4488.56	4489.29	4486.74	4489.15	781	0	29
2026.06.01	21:20:00	4489.14	4490.02	4488.51	4489.14	901	0	29
2026.06.01	21:25:00	4489.12	4489.17	4486.45	4486.60	969	0	29
2026.06.01	21:30:00	4486.61	4487.22	4484.81	4486.03	901	0	29
2026.06.01	21:35:00	4486.03	4487.21	4485.79	4486.02	822	0	29
2026.06.01	21:40:00	4486.01	4488.06	4485.90	4487.86	829	0	29
2026.06.01	21:45:00	4487.86	4488.55	4487.47	4488.51	770	0	29
2026.06.01	21:50:00	4488.52	4488.52	4487.12	4487.13	879	0	29
2026.06.01	21:55:00	4487.15	4488.50	4486.53	4486.65	954	0	29
2026.06.01	22:00:00	4486.60	4488.16	4485.09	4487.78	1013	0	29
2026.06.01	22:05:00	4487.78	4488.06	4484.76	4485.18	818	0	29
2026.06.01	22:10:00	4485.18	4487.12	4485.16	4485.32	862	0	29
2026.06.01	22:15:00	4485.32	4486.41	4484.57	4485.80	872	0	29
2026.06.01	22:20:00	4485.77	4486.44	4484.96	4485.68	854	0	29
2026.06.01	22:25:00	4485.69	4486.11	4484.28	4484.61	775	0	29
2026.06.01	22:30:00	4484.61	4485.63	4483.58	4483.81	849	0	29
2026.06.01	22:35:00	4483.80	4485.45	4483.09	4484.30	947	0	29
2026.06.01	22:40:00	4484.30	4485.40	4483.22	4483.37	888	0	29
2026.06.01	22:45:00	4483.30	4484.25	4482.85	4483.56	1024	0	29
2026.06.01	22:50:00	4483.56	4483.56	4479.87	4480.10	1268	0	29
2026.06.01	22:55:00	4480.09	4481.13	4479.08	4481.10	1325	0	29
2026.06.01	23:00:00	4481.08	4483.78	4480.10	4482.85	854	0	29
2026.06.01	23:05:00	4482.81	4484.20	4482.55	4483.35	575	0	29
2026.06.01	23:10:00	4483.35	4483.90	4482.38	4483.41	562	0	29
2026.06.01	23:15:00	4483.39	4484.24	4482.86	4482.86	437	0	29
2026.06.01	23:20:00	4482.86	4483.17	4482.06	4482.53	451	0	29
2026.06.01	23:25:00	4482.53	4483.62	4482.34	4483.09	425	0	29
2026.06.01	23:30:00	4483.08	4484.62	4482.03	4484.47	416	0	34
2026.06.01	23:35:00	4484.48	4484.61	4483.02	4483.94	410	0	34
2026.06.01	23:40:00	4483.95	4484.62	4482.39	4482.50	595	0	34
2026.06.01	23:45:00	4482.49	4483.93	4481.21	4483.85	582	0	34
2026.06.01	23:50:00	4483.84	4484.06	4482.34	4483.11	580	0	34
2026.06.01	23:55:00	4483.09	4485.78	4482.72	4483.98	378	0	34
2026.06.02	01:00:00	4487.89	4488.42	4482.62	4483.18	831	0	34
2026.06.02	01:05:00	4483.20	4483.70	4481.88	4482.51	484	0	34
2026.06.02	01:10:00	4482.50	4484.75	4482.13	4484.60	535	0	34
2026.06.02	01:15:00	4484.59	4485.24	4483.86	4484.23	498	0	34
2026.06.02	01:20:00	4484.24	4484.98	4481.66	4482.68	658	0	34
2026.06.02	01:25:00	4482.67	4483.94	4481.40	4481.48	559	0	34
2026.06.02	01:30:00	4481.50	4483.49	4481.35	4481.42	353	0	29
2026.06.02	01:35:00	4481.33	4482.84	4479.65	4482.76	546	0	29
2026.06.02	01:40:00	4482.70	4483.56	4481.07	4481.58	494	0	29
2026.06.02	01:45:00	4481.62	4485.76	4481.57	4484.11	461	0	29
2026.06.02	01:50:00	4484.12	4484.68	4483.45	4483.87	407	0	29
2026.06.02	01:55:00	4483.83	4486.54	4483.81	4485.60	687	0	29
2026.06.02	02:00:00	4485.46	4487.70	4481.64	4486.30	765	0	29
2026.06.02	02:05:00	4486.29	4486.34	4484.76	4485.24	376	0	29
2026.06.02	02:10:00	4485.24	4486.37	4485.14	4486.05	476	0	29
2026.06.02	02:15:00	4486.08	4488.01	4485.89	4486.58	467	0	29
2026.06.02	02:20:00	4486.57	4487.69	4485.49	4487.68	323	0	29
2026.06.02	02:25:00	4487.68	4488.19	4487.17	4487.23	394	0	29
2026.06.02	02:30:00	4487.23	4487.44	4484.67	4484.76	546	0	29
2026.06.02	02:35:00	4484.76	4485.51	4480.58	4484.47	739	0	29
2026.06.02	02:40:00	4484.48	4486.67	4483.40	4483.40	680	0	29
2026.06.02	02:45:00	4483.40	4483.40	4479.38	4481.20	869	0	29
2026.06.02	02:50:00	4481.02	4484.81	4480.88	4484.70	767	0	29
2026.06.02	02:55:00	4484.70	4485.82	4483.96	4484.43	593	0	29
2026.06.02	03:00:00	4484.43	4485.06	4481.38	4484.42	1171	0	29
2026.06.02	03:05:00	4484.42	4485.14	4476.73	4478.36	1428	0	29
2026.06.02	03:10:00	4478.40	4481.47	4478.15	4481.11	1349	0	29
2026.06.02	03:15:00	4481.14	4485.45	4480.97	4485.08	1321	0	29
2026.06.02	03:20:00	4485.09	4489.62	4484.16	4489.62	1132	0	29
2026.06.02	03:25:00	4489.63	4493.72	4488.57	4493.70	1183	0	29
2026.06.02	03:30:00	4493.67	4497.07	4489.03	4489.24	1120	0	29
2026.06.02	03:35:00	4489.22	4491.46	4488.48	4489.13	1045	0	29
2026.06.02	03:40:00	4489.13	4489.40	4485.16	4487.09	1120	0	29
2026.06.02	03:45:00	4487.08	4487.73	4480.77	4481.39	1067	0	29
2026.06.02	03:50:00	4481.33	4483.96	4481.29	4481.74	1180	0	29
2026.06.02	03:55:00	4481.76	4484.14	4480.78	4481.41	1184	0	29
2026.06.02	04:00:00	4481.35	4486.73	4473.73	4481.65	1793	0	29
2026.06.02	04:05:00	4481.62	4485.79	4479.33	4479.35	1624	0	29
2026.06.02	04:10:00	4479.41	4491.92	4478.93	4489.93	1741	0	29
2026.06.02	04:15:00	4489.87	4490.09	4481.73	4486.06	1709	0	29
2026.06.02	04:20:00	4485.97	4488.28	4481.01	4483.07	1510	0	29
2026.06.02	04:25:00	4483.10	4492.32	4483.06	4486.25	1533	0	29
2026.06.02	04:30:00	4486.26	4489.37	4486.14	4487.22	1491	0	29
2026.06.02	04:35:00	4487.23	4489.31	4480.97	4481.83	1510	0	29
2026.06.02	04:40:00	4481.83	4484.53	4479.51	4479.90	1418	0	29
2026.06.02	04:45:00	4479.88	4482.18	4471.68	4475.39	1597	0	29
2026.06.02	04:50:00	4475.39	4476.05	4462.97	4473.59	1702	0	29
2026.06.02	04:55:00	4473.44	4477.06	4471.41	4474.07	1500	0	29
2026.06.02	05:00:00	4473.99	4480.96	4472.57	4473.53	1625	0	29
2026.06.02	05:05:00	4473.97	4475.00	4472.31	4474.72	1371	0	29
2026.06.02	05:10:00	4474.70	4480.68	4474.01	4480.52	1258	0	29
2026.06.02	05:15:00	4480.54	4481.97	4478.74	4481.00	1070	0	29
2026.06.02	05:20:00	4481.05	4484.74	4481.05	4483.95	1192	0	29
2026.06.02	05:25:00	4483.94	4484.54	4481.59	4481.92	1119	0	29
2026.06.02	05:30:00	4481.88	4485.61	4479.93	4481.17	1441	0	29
2026.06.02	05:35:00	4481.18	4483.86	4478.76	4478.83	1201	0	29
2026.06.02	05:40:00	4478.89	4479.12	4474.41	4476.46	1161	0	29
2026.06.02	05:45:00	4476.50	4477.84	4473.58	4474.61	1118	0	29
2026.06.02	05:50:00	4474.53	4479.84	4474.17	4478.74	966	0	29
2026.06.02	05:55:00	4478.81	4486.54	4478.75	4485.89	1103	0	29
2026.06.02	06:00:00	4485.92	4492.61	4485.69	4488.05	1304	0	29
2026.06.02	06:05:00	4488.04	4489.47	4485.78	4486.55	1050	0	29
2026.06.02	06:10:00	4486.55	4489.18	4486.21	4488.17	1093	0	29
2026.06.02	06:15:00	4488.09	4491.17	4488.03	4489.82	1041	0	29
2026.06.02	06:20:00	4489.80	4489.96	4485.66	4489.96	1182	0	29
2026.06.02	06:25:00	4489.96	4497.11	4489.54	4495.22	1265	0	29
2026.06.02	06:30:00	4495.21	4499.25	4493.13	4493.91	1238	0	29
2026.06.02	06:35:00	4493.86	4498.81	4493.82	4494.56	1076	0	29
2026.06.02	06:40:00	4494.56	4497.21	4494.32	4497.20	908	0	29
2026.06.02	06:45:00	4497.18	4499.31	4495.42	4498.08	907	0	29
2026.06.02	06:50:00	4498.09	4498.23	4496.97	4497.41	766	0	29
2026.06.02	06:55:00	4497.41	4499.31	4497.40	4499.24	613	0	29
2026.06.02	07:00:00	4499.24	4501.50	4497.71	4500.38	871	0	29
2026.06.02	07:05:00	4500.39	4503.17	4500.26	4502.17	838	0	29
2026.06.02	07:10:00	4502.18	4505.39	4502.16	4504.59	776	0	29
2026.06.02	07:15:00	4504.64	4510.14	4504.21	4507.75	985	0	29
2026.06.02	07:20:00	4507.75	4508.14	4505.09	4505.64	910	0	29
2026.06.02	07:25:00	4505.64	4506.06	4504.15	4504.53	893	0	29
2026.06.02	07:30:00	4504.50	4507.69	4503.43	4507.59	936	0	29
2026.06.02	07:35:00	4507.60	4508.96	4507.24	4508.79	873	0	29
2026.06.02	07:40:00	4508.80	4510.93	4508.22	4510.24	853	0	29
2026.06.02	07:45:00	4510.25	4515.75	4509.79	4512.51	834	0	29
2026.06.02	07:50:00	4512.51	4514.32	4511.87	4512.84	783	0	29
2026.06.02	07:55:00	4512.84	4518.14	4512.79	4517.31	849	0	29
2026.06.02	08:00:00	4517.31	4518.14	4515.76	4515.85	883	0	29
2026.06.02	08:05:00	4515.85	4517.50	4515.41	4515.96	774	0	29
2026.06.02	08:10:00	4515.98	4518.63	4515.14	4518.54	828	0	29
2026.06.02	08:15:00	4518.54	4519.59	4517.07	4518.65	940	0	29
2026.06.02	08:20:00	4518.65	4520.52	4517.65	4518.83	897	0	29
2026.06.02	08:25:00	4518.64	4521.77	4516.70	4519.62	1037	0	29
2026.06.02	08:30:00	4519.70	4526.81	4519.70	4524.91	1740	0	29
2026.06.02	08:35:00	4525.41	4528.14	4523.19	4523.53	1434	0	29
2026.06.02	08:40:00	4523.53	4526.72	4522.70	4524.37	1168	0	29
2026.06.02	08:45:00	4524.38	4526.15	4521.85	4523.37	1081	0	29
2026.06.02	08:50:00	4523.38	4523.65	4518.31	4519.49	1120	0	29
2026.06.02	08:55:00	4519.49	4519.67	4516.14	4516.98	1186	0	29
2026.06.02	09:00:00	4516.99	4520.77	4516.89	4520.47	1319	0	29
2026.06.02	09:05:00	4520.47	4524.76	4520.34	4520.79	1173	0	29
2026.06.02	09:10:00	4520.81	4522.65	4518.77	4518.97	1164	0	29
2026.06.02	09:15:00	4518.96	4524.19	4517.99	4520.20	1241	0	29
2026.06.02	09:20:00	4520.30	4530.62	4520.30	4529.41	1249	0	29
2026.06.02	09:25:00	4529.43	4533.90	4526.06	4533.11	1400	0	29
2026.06.02	09:30:00	4533.09	4537.11	4533.09	4535.48	1332	0	29
2026.06.02	09:35:00	4535.23	4538.06	4533.81	4534.00	1173	0	29
2026.06.02	09:40:00	4534.01	4534.55	4531.73	4532.73	1047	0	29
2026.06.02	09:45:00	4532.73	4535.56	4532.38	4533.63	970	0	29
2026.06.02	09:50:00	4533.64	4534.16	4531.93	4532.91	933	0	29
2026.06.02	09:55:00	4532.91	4536.81	4532.65	4535.88	1065	0	29
2026.06.02	10:00:00	4535.69	4537.78	4533.31	4535.96	1221	0	29
2026.06.02	10:05:00	4535.98	4538.04	4533.98	4537.84	1077	0	29
2026.06.02	10:10:00	4537.88	4541.43	4537.79	4539.92	1097	0	29
2026.06.02	10:15:00	4539.94	4540.47	4537.54	4539.28	1005	0	29
2026.06.02	10:20:00	4539.29	4539.34	4536.57	4536.83	943	0	29
2026.06.02	10:25:00	4536.80	4537.12	4533.29	4533.95	993	0	29
2026.06.02	10:30:00	4534.00	4535.25	4531.85	4533.59	955	0	29
2026.06.02	10:35:00	4533.59	4534.08	4531.76	4532.89	813	0	29
2026.06.02	10:40:00	4532.89	4534.69	4531.21	4531.85	913	0	29
2026.06.02	10:45:00	4531.78	4532.29	4530.02	4531.66	955	0	29
2026.06.02	10:50:00	4531.65	4532.07	4527.95	4530.62	967	0	29
2026.06.02	10:55:00	4530.66	4535.43	4530.64	4535.02	1142	0	29
2026.06.02	11:00:00	4535.03	4537.06	4533.07	4534.37	1253	0	29
2026.06.02	11:05:00	4534.33	4539.15	4533.52	4535.49	1210	0	29
2026.06.02	11:10:00	4535.49	4537.45	4534.30	4534.77	1032	0	29
2026.06.02	11:15:00	4534.77	4535.41	4531.47	4532.54	1035	0	29
2026.06.02	11:20:00	4532.54	4534.68	4529.94	4534.19	1057	0	29
2026.06.02	11:25:00	4534.20	4534.28	4529.85	4531.07	1187	0	29
2026.06.02	11:30:00	4530.82	4533.34	4530.66	4531.94	1111	0	29
2026.06.02	11:35:00	4531.98	4532.21	4529.34	4530.10	906	0	29
2026.06.02	11:40:00	4530.10	4530.52	4528.19	4528.72	847	0	29
2026.06.02	11:45:00	4528.74	4530.03	4527.60	4529.48	908	0	29
2026.06.02	11:50:00	4529.48	4529.48	4527.67	4527.82	815	0	29
2026.06.02	11:55:00	4527.82	4528.31	4525.92	4526.65	766	0	29
2026.06.02	12:00:00	4526.65	4527.86	4525.22	4527.34	1013	0	29
2026.06.02	12:05:00	4527.41	4530.78	4527.36	4528.91	959	0	29
2026.06.02	12:10:00	4528.93	4534.20	4528.92	4533.90	991	0	29
2026.06.02	12:15:00	4533.89	4535.68	4532.76	4534.70	1065	0	29
2026.06.02	12:20:00	4534.65	4534.67	4528.68	4529.19	1018	0	29
2026.06.02	12:25:00	4529.19	4530.09	4525.26	4526.66	1034	0	29
2026.06.02	12:30:00	4526.73	4527.23	4521.95	4525.58	1372	0	29
2026.06.02	12:35:00	4525.60	4526.72	4523.45	4524.39	851	0	29
2026.06.02	12:40:00	4524.38	4525.95	4521.66	4525.58	1048	0	29
2026.06.02	12:45:00	4525.56	4527.19	4525.03	4526.32	928	0	29
2026.06.02	12:50:00	4526.34	4531.27	4526.10	4530.54	800	0	29
2026.06.02	12:55:00	4530.53	4531.44	4527.41	4529.89	868	0	29
2026.06.02	13:00:00	4529.78	4530.75	4527.63	4528.31	967	0	29
2026.06.02	13:05:00	4528.30	4530.27	4528.28	4529.36	769	0	29
2026.06.02	13:10:00	4529.36	4531.65	4528.26	4528.88	773	0	29
2026.06.02	13:15:00	4528.85	4529.56	4528.08	4529.01	802	0	29
2026.06.02	13:20:00	4529.01	4529.07	4524.59	4525.25	837	0	29
2026.06.02	13:25:00	4525.25	4528.56	4525.04	4528.32	710	0	29
2026.06.02	13:30:00	4528.33	4528.64	4526.97	4527.93	670	0	29
2026.06.02	13:35:00	4527.92	4528.34	4525.37	4526.60	601	0	29
2026.06.02	13:40:00	4526.58	4528.73	4526.13	4528.73	587	0	29
2026.06.02	13:45:00	4528.72	4532.94	4528.70	4530.63	873	0	29
2026.06.02	13:50:00	4530.63	4532.34	4529.48	4532.26	780	0	29
2026.06.02	13:55:00	4532.27	4533.91	4531.19	4533.09	744	0	29
2026.06.02	14:00:00	4533.09	4534.59	4530.81	4531.10	872	0	29
2026.06.02	14:05:00	4531.10	4531.28	4529.10	4529.82	825	0	29
2026.06.02	14:10:00	4529.82	4531.18	4528.67	4528.78	774	0	29
2026.06.02	14:15:00	4528.77	4529.60	4526.55	4527.90	831	0	29
2026.06.02	14:20:00	4527.90	4528.96	4527.47	4528.67	784	0	29
2026.06.02	14:25:00	4528.67	4529.58	4527.28	4529.50	761	0	29
2026.06.02	14:30:00	4530.15	4530.67	4528.82	4529.86	818	0	29
2026.06.02	14:35:00	4529.87	4530.01	4526.16	4527.28	790	0	29
2026.06.02	14:40:00	4527.20	4528.48	4526.73	4526.84	719	0	29
2026.06.02	14:45:00	4526.83	4529.66	4525.58	4529.07	819	0	29
2026.06.02	14:50:00	4529.06	4529.52	4528.41	4528.50	664	0	29
2026.06.02	14:55:00	4528.50	4530.46	4525.52	4527.44	935	0	29
2026.06.02	15:00:00	4527.45	4528.61	4525.86	4527.75	929	0	29
2026.06.02	15:05:00	4527.76	4528.18	4524.99	4527.34	919	0	29
2026.06.02	15:10:00	4527.34	4527.78	4525.98	4526.29	770	0	29
2026.06.02	15:15:00	4526.29	4527.83	4524.01	4526.75	953	0	29
2026.06.02	15:20:00	4526.83	4532.17	4526.47	4530.90	1183	0	29
2026.06.02	15:25:00	4531.16	4534.09	4527.75	4529.25	1146	0	29
2026.06.02	15:30:00	4529.27	4529.45	4521.76	4528.07	1317	0	29
2026.06.02	15:35:00	4527.73	4533.54	4523.09	4524.73	1381	0	29
2026.06.02	15:40:00	4524.74	4527.16	4523.57	4524.98	1133	0	29
2026.06.02	15:45:00	4525.00	4525.85	4519.93	4520.23	1109	0	29
2026.06.02	15:50:00	4520.24	4521.21	4514.11	4514.91	1335	0	29
2026.06.02	15:55:00	4514.91	4517.40	4513.38	4514.69	1239	0	29
2026.06.02	16:00:00	4514.55	4520.62	4513.26	4520.15	1540	0	29
2026.06.02	16:05:00	4520.14	4524.78	4513.54	4516.56	1579	0	29
2026.06.02	16:10:00	4516.32	4518.17	4511.93	4513.98	1609	0	29
2026.06.02	16:15:00	4513.95	4517.17	4512.55	4512.72	1560	0	29
2026.06.02	16:20:00	4512.71	4514.67	4510.20	4513.04	1486	0	29
2026.06.02	16:25:00	4513.07	4515.83	4509.90	4510.75	1394	0	29
2026.06.02	16:30:00	4510.64	4511.01	4506.66	4508.10	1854	0	29
2026.06.02	16:35:00	4508.08	4511.95	4506.19	4510.98	1821	0	29
2026.06.02	16:40:00	4510.96	4514.37	4507.63	4508.41	1745	0	29
2026.06.02	16:45:00	4508.16	4510.95	4506.56	4509.74	1645	0	29
2026.06.02	16:50:00	4509.69	4513.70	4504.54	4504.54	1652	0	29
2026.06.02	16:55:00	4504.48	4506.02	4502.73	4502.73	1542	0	29
2026.06.02	17:00:00	4502.71	4505.93	4498.51	4502.28	1775	0	29
2026.06.02	17:05:00	4502.38	4504.88	4500.57	4502.81	1648	0	29
2026.06.02	17:10:00	4502.81	4506.97	4502.67	4504.23	1655	0	29
2026.06.02	17:15:00	4504.23	4505.09	4492.50	4495.91	1833	0	29
2026.06.02	17:20:00	4496.00	4498.20	4490.19	4493.14	1830	0	29
2026.06.02	17:25:00	4492.92	4497.14	4492.04	4495.52	1759	0	29
2026.06.02	17:30:00	4495.49	4499.69	4495.49	4499.30	1551	0	29
2026.06.02	17:35:00	4499.28	4504.35	4499.16	4502.38	1472	0	29
2026.06.02	17:40:00	4502.72	4505.29	4501.03	4504.34	1325	0	29
2026.06.02	17:45:00	4504.36	4506.27	4503.00	4503.76	1354	0	29
2026.06.02	17:50:00	4503.75	4504.28	4500.85	4504.10	1371	0	29
2026.06.02	17:55:00	4504.10	4505.47	4501.20	4504.13	1290	0	29
2026.06.02	18:00:00	4504.07	4506.76	4502.67	4502.68	1385	0	29
2026.06.02	18:05:00	4502.68	4508.08	4501.55	4506.71	1372	0	29
2026.06.02	18:10:00	4506.71	4507.46	4502.46	4503.37	1282	0	29
2026.06.02	18:15:00	4503.33	4505.28	4503.21	4504.33	1193	0	29
2026.06.02	18:20:00	4504.48	4506.15	4502.13	4503.74	1231	0	29
2026.06.02	18:25:00	4503.68	4505.86	4501.51	4505.36	1303	0	29
2026.06.02	18:30:00	4505.35	4506.76	4502.91	4506.24	1407	0	29
2026.06.02	18:35:00	4506.22	4508.46	4504.39	4504.39	1291	0	29
2026.06.02	18:40:00	4504.39	4504.66	4500.08	4502.38	1348	0	29
2026.06.02	18:45:00	4502.36	4506.99	4501.74	4505.61	1281	0	29
2026.06.02	18:50:00	4505.64	4505.76	4502.45	4503.85	1126	0	29
2026.06.02	18:55:00	4503.85	4503.85	4501.26	4502.02	1157	0	29
2026.06.02	19:00:00	4502.07	4502.83	4499.74	4500.77	1207	0	29
2026.06.02	19:05:00	4500.75	4502.68	4498.13	4501.90	1321	0	29
2026.06.02	19:10:00	4501.94	4502.06	4498.10	4498.15	1231	0	29
2026.06.02	19:15:00	4498.14	4498.38	4494.26	4494.75	1227	0	29
2026.06.02	19:20:00	4494.75	4496.04	4492.48	4494.60	1308	0	29
2026.06.02	19:25:00	4494.62	4494.89	4490.29	4490.29	1295	0	29
2026.06.02	19:30:00	4490.27	4491.38	4489.06	4489.59	1339	0	29
2026.06.02	19:35:00	4489.60	4490.00	4486.30	4487.61	1214	0	29
2026.06.02	19:40:00	4487.63	4490.93	4486.47	4489.74	1137	0	29
2026.06.02	19:45:00	4489.75	4491.80	4489.12	4490.87	1072	0	29
2026.06.02	19:50:00	4490.85	4491.59	4489.30	4489.40	1064	0	29
2026.06.02	19:55:00	4489.40	4491.88	4489.32	4491.86	973	0	29
2026.06.02	20:00:00	4491.83	4492.95	4489.64	4490.35	1150	0	29
2026.06.02	20:05:00	4490.36	4491.93	4486.98	4486.98	1224	0	29
2026.06.02	20:10:00	4486.98	4489.92	4486.71	4489.54	1226	0	29
2026.06.02	20:15:00	4489.53	4490.09	4486.75	4487.16	1178	0	29
2026.06.02	20:20:00	4487.20	4488.67	4486.45	4488.11	1141	0	29
2026.06.02	20:25:00	4488.13	4491.70	4487.43	4491.12	1296	0	29
2026.06.02	20:30:00	4490.98	4491.64	4488.49	4488.50	1156	0	29
2026.06.02	20:35:00	4488.51	4488.72	4482.10	4482.79	1317	0	29
2026.06.02	20:40:00	4482.80	4485.36	4482.69	4484.50	1175	0	29
2026.06.02	20:45:00	4484.50	4486.18	4484.26	4485.90	1010	0	29
2026.06.02	20:50:00	4485.91	4486.49	4483.47	4483.82	1059	0	29
2026.06.02	20:55:00	4483.82	4484.88	4482.70	4484.57	971	0	29
2026.06.02	21:00:00	4484.58	4488.58	4484.30	4486.42	1090	0	29
2026.06.02	21:05:00	4486.42	4487.59	4485.25	4487.48	947	0	29
2026.06.02	21:10:00	4487.47	4487.95	4484.95	4485.11	988	0	29
2026.06.02	21:15:00	4485.07	4486.07	4484.02	4484.89	1067	0	29
2026.06.02	21:20:00	4484.89	4487.64	4484.46	4487.51	1058	0	29
2026.06.02	21:25:00	4487.52	4490.88	4487.34	4488.38	1183	0	29
2026.06.02	21:30:00	4488.40	4489.28	4486.78	4488.11	1035	0	29
2026.06.02	21:35:00	4488.10	4488.11	4484.68	4485.33	1021	0	29
2026.06.02	21:40:00	4485.24	4485.49	4478.66	4480.48	1194	0	29
2026.06.02	21:45:00	4480.51	4486.57	4480.21	4486.57	1009	0	29
2026.06.02	21:50:00	4486.57	4490.40	4485.92	4487.60	1003	0	29
2026.06.02	21:55:00	4487.57	4488.73	4486.99	4487.34	900	0	29
2026.06.02	22:00:00	4487.35	4489.10	4487.31	4488.64	928	0	29
2026.06.02	22:05:00	4488.64	4489.02	4488.06	4488.49	806	0	29
2026.06.02	22:10:00	4488.47	4488.81	4487.22	4487.27	799	0	29
2026.06.02	22:15:00	4487.27	4487.70	4486.42	4486.65	661	0	29
2026.06.02	22:20:00	4486.66	4487.02	4485.68	4486.26	764	0	29
2026.06.02	22:25:00	4486.26	4489.59	4486.13	4489.50	837	0	29
2026.06.02	22:30:00	4489.50	4490.27	4485.91	4486.43	875	0	29
2026.06.02	22:35:00	4486.42	4486.61	4483.38	4484.44	913	0	29
2026.06.02	22:40:00	4484.43	4487.40	4483.85	4487.31	857	0	29
2026.06.02	22:45:00	4487.28	4488.02	4485.59	4486.92	908	0	29
2026.06.02	22:50:00	4486.63	4487.45	4485.86	4486.22	985	0	29
2026.06.02	22:55:00	4486.21	4488.56	4486.21	4488.03	1118	0	29
2026.06.02	23:00:00	4488.01	4488.01	4486.23	4487.31	600	0	29
2026.06.02	23:05:00	4487.32	4488.50	4487.22	4488.00	561	0	29
2026.06.02	23:10:00	4488.02	4489.88	4487.92	4489.81	539	0	29
2026.06.02	23:15:00	4489.80	4490.98	4489.48	4490.33	515	0	29
2026.06.02	23:20:00	4490.34	4490.36	4489.06	4489.37	432	0	29
2026.06.02	23:25:00	4489.37	4489.95	4488.59	4489.72	345	0	29
2026.06.02	23:30:00	4489.69	4490.93	4489.07	4489.55	453	0	34
2026.06.02	23:35:00	4489.55	4490.39	4489.16	4489.53	419	0	34
2026.06.02	23:40:00	4489.52	4490.24	4488.82	4488.94	355	0	34
2026.06.02	23:45:00	4488.94	4489.90	4488.54	4488.73	433	0	34
2026.06.02	23:50:00	4488.73	4488.73	4487.52	4487.55	483	0	34
2026.06.02	23:55:00	4487.55	4488.63	4486.68	4488.17	351	0	34
2026.06.03	01:00:00	4490.69	4492.97	4488.10	4490.34	664	0	34
2026.06.03	01:05:00	4490.27	4493.17	4488.03	4491.92	747	0	34
2026.06.03	01:10:00	4491.92	4492.11	4489.46	4489.50	781	0	34
2026.06.03	01:15:00	4489.48	4490.83	4488.40	4489.10	550	0	34
2026.06.03	01:20:00	4489.10	4491.50	4488.18	4488.64	651	0	34
2026.06.03	01:25:00	4488.64	4490.20	4487.61	4490.16	651	0	34
2026.06.03	01:30:00	4489.93	4491.19	4488.29	4488.30	603	0	29
2026.06.03	01:35:00	4488.31	4489.12	4487.21	4488.62	620	0	29
2026.06.03	01:40:00	4488.60	4489.75	4487.90	4488.93	538	0	29
2026.06.03	01:45:00	4488.93	4492.19	4484.18	4488.78	965	0	29
2026.06.03	01:50:00	4488.88	4490.17	4486.87	4486.98	936	0	29
2026.06.03	01:55:00	4486.98	4488.15	4484.83	4484.88	934	0	29
2026.06.03	02:00:00	4484.85	4488.68	4482.55	4484.91	952	0	29
2026.06.03	02:05:00	4484.91	4486.82	4480.66	4482.20	987	0	29
2026.06.03	02:10:00	4482.27	4483.20	4474.45	4477.46	1265	0	29
2026.06.03	02:15:00	4477.48	4477.48	4469.29	4470.07	1255	0	29
2026.06.03	02:20:00	4470.10	4472.19	4466.71	4467.75	1404	0	29
2026.06.03	02:25:00	4467.71	4471.06	4462.18	4467.46	1449	0	29
2026.06.03	02:30:00	4467.46	4468.87	4462.52	4466.31	1175	0	29
2026.06.03	02:35:00	4466.32	4467.83	4463.54	4465.67	1327	0	29
2026.06.03	02:40:00	4465.54	4474.84	4464.20	4474.79	1333	0	29
2026.06.03	02:45:00	4474.79	4475.10	4468.98	4471.90	1167	0	29
2026.06.03	02:50:00	4471.73	4474.42	4470.83	4473.82	949	0	29
2026.06.03	02:55:00	4473.25	4474.47	4471.40	4474.43	1014	0	29
2026.06.03	03:00:00	4474.42	4479.22	4473.79	4478.70	1257	0	29
2026.06.03	03:05:00	4478.70	4479.74	4475.39	4476.60	1072	0	29
2026.06.03	03:10:00	4476.59	4476.90	4474.16	4475.97	992	0	29
2026.06.03	03:15:00	4475.92	4479.17	4474.35	4477.39	961	0	29
2026.06.03	03:20:00	4477.40	4482.37	4477.18	4478.89	938	0	29
2026.06.03	03:25:00	4478.90	4483.21	4478.69	4483.04	809	0	29
2026.06.03	03:30:00	4483.03	4485.21	4481.26	4485.14	859	0	29
2026.06.03	03:35:00	4485.16	4491.98	4484.66	4491.77	963	0	29
2026.06.03	03:40:00	4491.68	4496.67	4491.35	4495.80	1213	0	29
2026.06.03	03:45:00	4495.82	4495.91	4489.04	4490.94	995	0	29
2026.06.03	03:50:00	4490.94	4492.31	4488.64	4489.00	894	0	29
2026.06.03	03:55:00	4488.99	4489.01	4485.90	4486.15	887	0	29
2026.06.03	04:00:00	4486.12	4487.46	4473.31	4473.75	1816	0	29
2026.06.03	04:05:00	4473.76	4475.51	4467.13	4474.22	1742	0	29
2026.06.03	04:10:00	4474.23	4477.28	4468.78	4471.27	1520	0	29
2026.06.03	04:15:00	4471.29	4472.58	4468.42	4469.47	1433	0	29
2026.06.03	04:20:00	4469.47	4471.34	4465.92	4466.23	1373	0	29
2026.06.03	04:25:00	4466.23	4467.98	4463.35	4467.16	1425	0	29
2026.06.03	04:30:00	4467.16	4472.97	4466.79	4471.29	1410	0	29
2026.06.03	04:35:00	4471.27	4472.68	4466.31	4466.31	1362	0	29
2026.06.03	04:40:00	4465.90	4471.32	4464.84	4470.35	1233	0	29
2026.06.03	04:45:00	4470.35	4475.70	4470.08	4475.63	1159	0	29
2026.06.03	04:50:00	4475.62	4477.08	4473.59	4474.00	1067	0	29
2026.06.03	04:55:00	4474.00	4476.77	4472.30	4475.72	1141	0	29
2026.06.03	05:00:00	4475.72	4476.16	4472.77	4473.77	1063	0	29
2026.06.03	05:05:00	4473.77	4479.06	4473.30	4478.67	1116	0	29
2026.06.03	05:10:00	4478.66	4481.37	4475.43	4480.60	1219	0	29
2026.06.03	05:15:00	4480.58	4480.91	4474.12	4476.21	915	0	29
2026.06.03	05:20:00	4476.22	4478.60	4475.10	4478.25	886	0	29
2026.06.03	05:25:00	4478.25	4480.76	4477.94	4478.77	863	0	29
2026.06.03	05:30:00	4478.77	4479.84	4474.81	4478.93	1084	0	29
2026.06.03	05:35:00	4478.94	4482.13	4478.12	4481.04	1068	0	29
2026.06.03	05:40:00	4481.04	4485.06	4479.03	4479.13	1108	0	29
2026.06.03	05:45:00	4479.06	4479.37	4473.04	4475.58	1230	0	29
2026.06.03	05:50:00	4475.23	4480.14	4474.06	4479.45	1048	0	29
2026.06.03	05:55:00	4479.45	4481.97	4477.11	4481.86	1053	0	29
2026.06.03	06:00:00	4481.89	4487.18	4481.83	4485.93	1096	0	29
2026.06.03	06:05:00	4485.95	4487.49	4484.67	4485.34	1014	0	29
2026.06.03	06:10:00	4485.34	4486.04	4483.61	4485.35	905	0	29
2026.06.03	06:15:00	4485.45	4486.43	4483.43	4485.29	871	0	29
2026.06.03	06:20:00	4485.29	4487.16	4484.97	4485.35	860	0	29
2026.06.03	06:25:00	4485.35	4485.60	4483.09	4483.41	810	0	29
2026.06.03	06:30:00	4483.39	4485.46	4483.08	4483.96	626	0	29
2026.06.03	06:35:00	4483.95	4485.80	4483.40	4484.71	531	0	29
2026.06.03	06:40:00	4484.70	4485.17	4483.61	4484.40	424	0	29
2026.06.03	06:45:00	4484.42	4484.64	4482.47	4482.86	667	0	29
2026.06.03	06:50:00	4482.87	4486.25	4482.68	4483.81	555	0	29
2026.06.03	06:55:00	4483.80	4484.71	4483.29	4484.35	460	0	29
2026.06.03	07:00:00	4484.34	4486.41	4484.03	4485.88	631	0	29
2026.06.03	07:05:00	4485.87	4486.92	4484.87	4486.09	628	0	29
2026.06.03	07:10:00	4486.07	4486.87	4484.51	4486.84	664	0	29
2026.06.03	07:15:00	4486.84	4488.13	4481.20	4481.34	749	0	29
2026.06.03	07:20:00	4481.34	4481.76	4480.19	4480.59	431	0	29
2026.06.03	07:25:00	4480.58	4480.77	4477.06	4477.07	596	0	29
2026.06.03	07:30:00	4476.88	4477.30	4473.63	4474.72	688	0	29
2026.06.03	07:35:00	4474.72	4475.40	4470.82	4471.50	722	0	29
2026.06.03	07:40:00	4471.51	4473.74	4471.37	4473.36	606	0	29
2026.06.03	07:45:00	4473.36	4473.96	4470.27	4471.45	656	0	29
2026.06.03	07:50:00	4471.44	4471.46	4470.04	4470.26	511	0	29
2026.06.03	07:55:00	4470.24	4470.54	4468.28	4469.35	753	0	29
2026.06.03	08:00:00	4469.33	4471.57	4467.71	4470.79	969	0	29
2026.06.03	08:05:00	4470.80	4471.91	4467.30	4470.54	889	0	29
2026.06.03	08:10:00	4470.59	4473.56	4469.94	4473.27	895	0	29
2026.06.03	08:15:00	4473.27	4474.13	4472.01	4472.22	681	0	29
2026.06.03	08:20:00	4472.22	4473.00	4468.62	4468.62	831	0	29
2026.06.03	08:25:00	4468.61	4469.65	4466.13	4468.55	892	0	29
2026.06.03	08:30:00	4468.63	4468.84	4459.03	4464.98	1572	0	29
2026.06.03	08:35:00	4465.04	4468.85	4463.24	4466.77	1248	0	29
2026.06.03	08:40:00	4466.78	4466.88	4460.10	4461.92	1032	0	29
2026.06.03	08:45:00	4461.93	4466.76	4461.12	4465.91	1129	0	29
2026.06.03	08:50:00	4465.92	4468.20	4462.41	4463.28	1167	0	29
2026.06.03	08:55:00	4463.29	4463.98	4456.64	4456.97	1133	0	29
2026.06.03	09:00:00	4457.00	4467.32	4456.75	4466.94	1512	0	29
2026.06.03	09:05:00	4466.94	4466.94	4462.12	4465.13	1296	0	29
2026.06.03	09:10:00	4465.12	4466.33	4462.78	4466.05	1332	0	29
2026.06.03	09:15:00	4466.05	4470.83	4465.51	4468.21	1256	0	29
2026.06.03	09:20:00	4468.22	4470.23	4459.21	4460.21	1348	0	29
2026.06.03	09:25:00	4460.22	4463.11	4458.93	4462.52	1335	0	29
2026.06.03	09:30:00	4462.36	4465.00	4457.12	4459.48	1500	0	29
2026.06.03	09:35:00	4459.64	4463.76	4458.88	4462.89	1321	0	29
2026.06.03	09:40:00	4462.88	4463.50	4459.16	4460.53	1256	0	29
2026.06.03	09:45:00	4460.54	4460.54	4455.25	4459.02	1293	0	29
2026.06.03	09:50:00	4459.01	4460.39	4457.67	4458.29	1114	0	29
2026.06.03	09:55:00	4458.30	4462.99	4458.30	4462.96	1051	0	29
2026.06.03	10:00:00	4462.96	4466.88	4459.89	4465.20	1403	0	29
2026.06.03	10:05:00	4465.18	4469.17	4464.36	4468.90	1123	0	29
2026.06.03	10:10:00	4468.80	4472.14	4468.25	4469.54	1302	0	29
2026.06.03	10:15:00	4469.54	4469.89	4462.75	4463.54	1227	0	29
2026.06.03	10:20:00	4463.53	4464.79	4461.93	4463.40	1018	0	29
2026.06.03	10:25:00	4463.41	4464.64	4456.15	4456.15	1240	0	29
2026.06.03	10:30:00	4456.16	4461.80	4454.31	4461.47	1283	0	29
2026.06.03	10:35:00	4461.40	4463.27	4458.06	4458.33	1323	0	29
2026.06.03	10:40:00	4458.34	4460.94	4454.59	4458.73	1202	0	29
2026.06.03	10:45:00	4458.99	4460.06	4455.72	4458.81	1044	0	29
2026.06.03	10:50:00	4458.81	4463.88	4458.58	4459.63	1039	0	29
2026.06.03	10:55:00	4459.64	4459.70	4452.82	4453.23	1053	0	29
2026.06.03	11:00:00	4453.22	4459.10	4450.85	4457.60	1344	0	29
2026.06.03	11:05:00	4457.77	4458.04	4453.50	4455.14	1177	0	29
2026.06.03	11:10:00	4455.14	4457.73	4454.26	4455.37	1022	0	29
2026.06.03	11:15:00	4455.37	4457.00	4452.34	4453.94	1146	0	29
2026.06.03	11:20:00	4453.94	4455.35	4450.68	4451.40	1134	0	29
2026.06.03	11:25:00	4451.40	4457.51	4450.73	4457.40	1268	0	29
2026.06.03	11:30:00	4457.36	4458.46	4454.88	4456.59	1244	0	29
2026.06.03	11:35:00	4456.58	4457.42	4454.36	4455.53	976	0	29
2026.06.03	11:40:00	4455.58	4458.82	4455.36	4456.41	1013	0	29
2026.06.03	11:45:00	4456.42	4457.66	4454.01	4454.22	1072	0	29
2026.06.03	11:50:00	4454.22	4454.92	4442.87	4444.78	1277	0	29
2026.06.03	11:55:00	4444.80	4445.74	4440.11	4443.93	1346	0	29
2026.06.03	12:00:00	4443.93	4451.97	4441.73	4451.09	1307	0	29
2026.06.03	12:05:00	4451.08	4458.93	4451.08	4456.82	1206	0	29
2026.06.03	12:10:00	4456.77	4456.89	4451.32	4451.32	1062	0	29
2026.06.03	12:15:00	4451.30	4451.69	4446.88	4450.07	1160	0	29
2026.06.03	12:20:00	4450.08	4451.90	4447.21	4447.77	1154	0	29
2026.06.03	12:25:00	4447.69	4449.03	4439.43	4439.77	1217	0	29
2026.06.03	12:30:00	4439.87	4444.41	4439.68	4441.90	1313	0	29
2026.06.03	12:35:00	4441.90	4447.08	4438.91	4446.89	1087	0	29
2026.06.03	12:40:00	4446.87	4448.39	4444.29	4446.74	1051	0	29
2026.06.03	12:45:00	4446.72	4447.51	4444.10	4446.97	1006	0	29
2026.06.03	12:50:00	4446.95	4447.88	4443.41	4443.41	940	0	29
2026.06.03	12:55:00	4443.43	4444.25	4440.93	4443.01	1141	0	29
2026.06.03	13:00:00	4442.99	4447.90	4440.87	4447.90	1276	0	29
2026.06.03	13:05:00	4447.87	4466.91	4447.08	4461.59	1928	0	29
2026.06.03	13:10:00	4461.82	4464.46	4459.18	4462.94	1696	0	29
2026.06.03	13:15:00	4462.93	4463.75	4460.47	4462.52	1306	0	29
2026.06.03	13:20:00	4462.54	4464.20	4456.09	4456.88	1375	0	29
2026.06.03	13:25:00	4457.19	4460.72	4453.61	4459.97	1354	0	29
2026.06.03	13:30:00	4459.92	4462.68	4458.67	4460.10	1128	0	29
2026.06.03	13:35:00	4460.09	4460.39	4458.23	4458.98	868	0	29
2026.06.03	13:40:00	4458.94	4459.17	4453.25	4454.09	965	0	29
2026.06.03	13:45:00	4454.14	4456.61	4453.77	4455.90	919	0	29
2026.06.03	13:50:00	4455.90	4459.48	4455.90	4459.15	1047	0	29
2026.06.03	13:55:00	4459.16	4461.06	4458.35	4458.95	908	0	29
2026.06.03	14:00:00	4458.95	4464.57	4458.95	4464.33	1110	0	29
2026.06.03	14:05:00	4464.34	4467.98	4462.48	4463.19	1223	0	29
2026.06.03	14:10:00	4463.18	4464.17	4460.93	4461.96	1192	0	29
2026.06.03	14:15:00	4461.94	4462.55	4459.11	4460.96	1020	0	29
2026.06.03	14:20:00	4460.96	4465.58	4460.95	4462.70	1080	0	29
2026.06.03	14:25:00	4462.78	4464.67	4461.90	4464.47	1010	0	29
2026.06.03	14:30:00	4464.45	4467.05	4463.76	4465.77	1055	0	29
2026.06.03	14:35:00	4465.77	4466.20	4462.97	4463.34	854	0	29
2026.06.03	14:40:00	4463.34	4464.57	4459.40	4460.22	926	0	29
2026.06.03	14:45:00	4460.31	4463.37	4458.47	4462.17	1100	0	29
2026.06.03	14:50:00	4462.18	4464.82	4461.65	4462.46	926	0	29
2026.06.03	14:55:00	4462.46	4463.34	4461.29	4462.33	983	0	29
2026.06.03	15:00:00	4462.33	4464.44	4459.77	4463.66	1205	0	29
2026.06.03	15:05:00	4463.67	4464.29	4457.16	4458.27	1148	0	29
2026.06.03	15:10:00	4458.31	4461.23	4458.25	4459.01	981	0	29
2026.06.03	15:15:00	4458.93	4459.15	4455.82	4456.23	1218	0	29
2026.06.03	15:20:00	4456.24	4462.28	4455.94	4457.94	1276	0	29
2026.06.03	15:25:00	4457.94	4457.98	4451.89	4452.72	1409	0	29
2026.06.03	15:30:00	4452.68	4456.85	4450.98	4451.44	1414	0	29
2026.06.03	15:35:00	4451.45	4453.81	4448.21	4449.42	1445	0	29
2026.06.03	15:40:00	4449.70	4460.50	4449.70	4458.83	1489	0	29
2026.06.03	15:45:00	4458.78	4461.59	4456.74	4461.23	1388	0	29
2026.06.03	15:50:00	4461.22	4467.18	4460.49	4460.49	1478	0	29
2026.06.03	15:55:00	4460.41	4462.39	4455.38	4460.39	1398	0	29
2026.06.03	16:00:00	4460.27	4465.29	4457.95	4463.21	1720	0	29
2026.06.03	16:05:00	4463.21	4465.29	4462.16	4462.50	1465	0	29
2026.06.03	16:10:00	4462.53	4465.68	4461.85	4462.27	1347	0	29
2026.06.03	16:15:00	4462.28	4463.18	4455.33	4457.34	1399	0	29
2026.06.03	16:20:00	4457.34	4457.70	4447.10	4450.14	1602	0	29
2026.06.03	16:25:00	4450.11	4450.53	4445.86	4448.58	1541	0	29
2026.06.03	16:30:00	4449.12	4453.15	4446.16	4448.28	1853	0	29
2026.06.03	16:35:00	4448.27	4451.47	4446.25	4448.58	1779	0	29
2026.06.03	16:40:00	4448.57	4449.97	4427.31	4427.48	1940	0	29
2026.06.03	16:45:00	4427.01	4438.19	4426.32	4437.10	2052	0	29
2026.06.03	16:50:00	4437.05	4446.68	4435.26	4444.49	1915	0	29
2026.06.03	16:55:00	4444.40	4450.04	4441.68	4446.61	1703	0	29
2026.06.03	17:00:00	4446.50	4451.37	4442.31	4446.13	1847	0	29
2026.06.03	17:05:00	4446.50	4452.19	4444.93	4450.39	1891	0	29
2026.06.03	17:10:00	4450.39	4456.62	4450.39	4454.44	1829	0	29
2026.06.03	17:15:00	4454.44	4458.39	4445.80	4448.64	1827	0	29
2026.06.03	17:20:00	4448.09	4451.51	4446.46	4449.58	1791	0	29
2026.06.03	17:25:00	4449.56	4452.14	4446.39	4451.96	1698	0	29
2026.06.03	17:30:00	4451.96	4453.27	4447.50	4449.11	1722	0	29
2026.06.03	17:35:00	4449.10	4453.29	4448.99	4451.70	1684	0	29
2026.06.03	17:40:00	4451.76	4452.26	4447.12	4448.18	1605	0	29
2026.06.03	17:45:00	4448.18	4455.04	4447.96	4454.04	1548	0	29
2026.06.03	17:50:00	4454.04	4459.55	4450.72	4458.80	1713	0	29
2026.06.03	17:55:00	4458.79	4458.92	4455.40	4457.14	1527	0	29
2026.06.03	18:00:00	4457.12	4458.33	4452.75	4452.86	1505	0	29
2026.06.03	18:05:00	4452.87	4453.02	4447.99	4449.07	1651	0	29
2026.06.03	18:10:00	4449.11	4451.97	4444.93	4445.82	1576	0	29
2026.06.03	18:15:00	4445.81	4450.76	4445.08	4445.66	1755	0	29
2026.06.03	18:20:00	4445.66	4446.47	4439.43	4443.05	1764	0	29
2026.06.03	18:25:00	4443.01	4444.97	4439.93	4444.97	1688	0	29
2026.06.03	18:30:00	4444.90	4445.40	4440.44	4440.97	1678	0	29
2026.06.03	18:35:00	4440.96	4442.67	4436.83	4439.06	1575	0	29
2026.06.03	18:40:00	4439.05	4442.24	4438.64	4440.07	1547	0	29
2026.06.03	18:45:00	4440.07	4442.25	4437.98	4441.70	1463	0	29
2026.06.03	18:50:00	4441.70	4443.74	4439.98	4441.19	1406	0	29
2026.06.03	18:55:00	4441.16	4442.83	4440.66	4442.15	1372	0	29
2026.06.03	19:00:00	4442.15	4443.06	4439.68	4442.77	1452	0	29
2026.06.03	19:05:00	4442.79	4443.86	4437.15	4439.37	1520	0	29
2026.06.03	19:10:00	4439.38	4440.57	4437.30	4439.12	1463	0	29
2026.06.03	19:15:00	4439.12	4441.28	4436.58	4438.57	1415	0	29
2026.06.03	19:20:00	4438.57	4439.66	4434.01	4436.17	1485	0	29
2026.06.03	19:25:00	4436.16	4437.79	4433.77	4437.56	1556	0	29
2026.06.03	19:30:00	4437.61	4440.60	4437.16	4440.21	1465	0	29
2026.06.03	19:35:00	4440.22	4440.33	4436.16	4436.23	1364	0	29
2026.06.03	19:40:00	4436.21	4439.00	4435.34	4438.95	1355	0	29
2026.06.03	19:45:00	4438.96	4440.38	4437.50	4437.91	1452	0	29
2026.06.03	19:50:00	4437.94	4439.53	4436.94	4437.95	1284	0	29
2026.06.03	19:55:00	4437.96	4442.67	4437.30	4441.81	1350	0	29
2026.06.03	20:00:00	4441.82	4444.88	4441.71	4444.60	1422	0	29
2026.06.03	20:05:00	4444.36	4448.19	4443.24	4446.94	1427	0	29
2026.06.03	20:10:00	4446.97	4447.17	4441.59	4441.83	1343	0	29
2026.06.03	20:15:00	4441.81	4443.38	4441.37	4442.42	1360	0	29
2026.06.03	20:20:00	4442.42	4442.62	4440.12	4441.96	1265	0	29
2026.06.03	20:25:00	4441.98	4442.79	4437.73	4438.93	1270	0	29
2026.06.03	20:30:00	4438.62	4440.59	4435.53	4439.97	1284	0	29
2026.06.03	20:35:00	4439.93	4440.31	4437.93	4440.15	1096	0	29
2026.06.03	20:40:00	4440.15	4442.19	4439.31	4440.50	1100	0	29
2026.06.03	20:45:00	4440.50	4440.78	4437.68	4438.17	1210	0	29
2026.06.03	20:50:00	4438.16	4439.55	4436.89	4437.95	1071	0	29
2026.06.03	20:55:00	4437.95	4439.32	4437.73	4438.95	963	0	29
2026.06.03	21:00:00	4438.96	4440.52	4438.02	4439.42	1174	0	29
2026.06.03	21:05:00	4439.42	4439.47	4436.30	4437.44	1137	0	29
2026.06.03	21:10:00	4437.46	4438.51	4435.47	4436.85	1054	0	29
2026.06.03	21:15:00	4436.85	4437.96	4435.51	4437.95	1056	0	29
2026.06.03	21:20:00	4437.96	4439.15	4435.21	4438.96	1129	0	29
2026.06.03	21:25:00	4438.94	4440.59	4438.45	4440.15	1207	0	29
2026.06.03	21:30:00	4440.09	4442.53	4438.76	4438.77	1097	0	29
2026.06.03	21:35:00	4438.77	4439.24	4436.89	4438.51	1162	0	29
2026.06.03	21:40:00	4438.52	4440.27	4437.37	4439.90	1049	0	29
2026.06.03	21:45:00	4439.92	4441.73	4439.58	4439.94	995	0	29
2026.06.03	21:50:00	4439.98	4440.84	4439.78	4440.24	975	0	29
2026.06.03	21:55:00	4440.24	4442.80	4439.71	4442.02	909	0	29
2026.06.03	22:00:00	4442.02	4449.26	4441.37	4449.13	1282	0	29
2026.06.03	22:05:00	4449.13	4449.77	4447.19	4447.79	1054	0	29
2026.06.03	22:10:00	4447.79	4449.91	4446.86	4449.73	1245	0	29
2026.06.03	22:15:00	4449.72	4451.77	4448.74	4451.47	1180	0	29
2026.06.03	22:20:00	4451.46	4452.18	4447.90	4448.03	1087	0	29
2026.06.03	22:25:00	4448.05	4448.52	4446.51	4447.99	1113	0	29
2026.06.03	22:30:00	4447.99	4449.58	4447.36	4448.39	1119	0	29
2026.06.03	22:35:00	4448.38	4449.09	4447.79	4447.85	1040	0	29
2026.06.03	22:40:00	4447.75	4448.78	4446.63	4446.81	848	0	29
2026.06.03	22:45:00	4446.84	4447.24	4444.84	4446.86	847	0	29
2026.06.03	22:50:00	4446.86	4447.04	4444.98	4445.53	1163	0	29
2026.06.03	22:55:00	4445.50	4445.50	4443.06	4443.89	1352	0	29
2026.06.03	23:00:00	4443.89	4445.29	4442.01	4442.06	967	0	29
2026.06.03	23:05:00	4442.08	4442.08	4438.55	4441.29	941	0	29
2026.06.03	23:10:00	4441.29	4441.84	4439.00	4439.93	682	0	29
2026.06.03	23:15:00	4439.94	4440.05	4437.38	4437.57	1064	0	29
2026.06.03	23:20:00	4437.57	4439.99	4437.55	4439.55	894	0	29
2026.06.03	23:25:00	4439.55	4440.24	4438.18	4439.01	740	0	29
2026.06.03	23:30:00	4438.98	4439.51	4433.14	4433.82	905	0	34
2026.06.03	23:35:00	4433.82	4434.35	4432.82	4433.93	800	0	34
2026.06.03	23:40:00	4433.93	4434.64	4432.27	4433.40	821	0	34
2026.06.03	23:45:00	4433.41	4434.77	4431.48	4431.48	712	0	34
2026.06.03	23:50:00	4431.47	4433.99	4430.44	4433.99	829	0	34
2026.06.03	23:55:00	4434.04	4434.49	4433.21	4433.91	472	0	34
2026.06.04	01:00:00	4436.49	4440.22	4430.94	4432.26	1173	0	34
2026.06.04	01:05:00	4432.58	4436.18	4432.12	4434.90	771	0	34
2026.06.04	01:10:00	4434.67	4435.74	4429.52	4431.82	871	0	34
2026.06.04	01:15:00	4431.82	4432.02	4423.93	4427.40	1133	0	34
2026.06.04	01:20:00	4427.80	4430.66	4424.62	4430.03	1001	0	34
2026.06.04	01:25:00	4430.02	4435.51	4430.02	4433.95	950	0	34
2026.06.04	01:30:00	4433.98	4439.79	4433.97	4439.74	1126	0	29
2026.06.04	01:35:00	4439.74	4440.34	4435.83	4436.22	989	0	29
2026.06.04	01:40:00	4436.58	4438.51	4434.87	4436.73	904	0	29
2026.06.04	01:45:00	4436.70	4438.93	4436.68	4438.61	853	0	29
2026.06.04	01:50:00	4438.61	4441.40	4437.28	4439.52	957	0	29
2026.06.04	01:55:00	4439.48	4452.82	4439.30	4448.90	1381	0	29
2026.06.04	02:00:00	4449.01	4450.22	4445.37	4446.38	1128	0	29
2026.06.04	02:05:00	4446.40	4450.30	4445.55	4448.22	840	0	29
2026.06.04	02:10:00	4448.21	4448.22	4445.83	4447.81	782	0	29
2026.06.04	02:15:00	4447.82	4449.32	4447.23	4447.96	745	0	29
2026.06.04	02:20:00	4447.96	4450.81	4447.43	4449.36	818	0	29
2026.06.04	02:25:00	4449.37	4451.48	4448.41	4450.81	825	0	29
2026.06.04	02:30:00	4450.82	4451.94	4447.56	4451.10	847	0	29
2026.06.04	02:35:00	4451.09	4452.32	4448.58	4450.34	953	0	29
2026.06.04	02:40:00	4450.36	4453.91	4446.30	4453.54	1064	0	29
2026.06.04	02:45:00	4453.50	4464.64	4453.43	4459.34	1582	0	29
2026.06.04	02:50:00	4459.34	4461.61	4457.78	4459.53	1246	0	29
2026.06.04	02:55:00	4459.54	4460.32	4456.19	4457.24	1141	0	29
2026.06.04	03:00:00	4457.23	4465.20	4455.06	4460.14	1646	0	29
2026.06.04	03:05:00	4460.13	4461.85	4455.54	4456.29	1403	0	29
2026.06.04	03:10:00	4456.30	4457.50	4453.09	4453.41	1434	0	29
2026.06.04	03:15:00	4453.42	4456.63	4450.03	4455.36	1550	0	29
2026.06.04	03:20:00	4455.43	4455.98	4448.65	4450.02	1400	0	29
2026.06.04	03:25:00	4450.03	4451.47	4447.59	4450.71	1253	0	29
2026.06.04	03:30:00	4450.73	4452.85	4447.50	4451.13	1422	0	29
2026.06.04	03:35:00	4450.97	4452.10	4445.46	4446.53	1446	0	29
2026.06.04	03:40:00	4446.53	4448.40	4444.09	4448.40	1312	0	29
2026.06.04	03:45:00	4448.34	4449.99	4445.10	4449.98	1384	0	29
2026.06.04	03:50:00	4449.97	4452.88	4449.70	4451.23	1310	0	29
2026.06.04	03:55:00	4451.22	4451.27	4446.71	4448.45	1310	0	29
2026.06.04	04:00:00	4448.40	4456.72	4443.40	4453.84	1825	0	29
2026.06.04	04:05:00	4453.84	4459.59	4452.90	4459.59	1592	0	29
2026.06.04	04:10:00	4459.58	4467.21	4459.25	4464.34	1660	0	29
2026.06.04	04:15:00	4464.33	4464.75	4459.60	4464.52	1598	0	29
2026.06.04	04:20:00	4464.51	4473.62	4464.51	4469.76	1558	0	29
2026.06.04	04:25:00	4469.75	4471.91	4465.88	4466.00	1404	0	29
2026.06.04	04:30:00	4466.00	4470.12	4465.15	4465.85	1599	0	29
2026.06.04	04:35:00	4465.96	4470.08	4464.92	4468.40	1478	0	29
2026.06.04	04:40:00	4468.39	4468.81	4458.74	4459.19	1608	0	29
2026.06.04	04:45:00	4459.21	4466.82	4458.65	4465.97	1610	0	29
2026.06.04	04:50:00	4465.95	4466.12	4456.86	4461.15	1693	0	29
2026.06.04	04:55:00	4461.15	4467.18	4461.11	4465.76	1520	0	29
2026.06.04	05:00:00	4465.73	4467.24	4462.01	4462.44	1559	0	29
2026.06.04	05:05:00	4462.41	4462.77	4458.43	4458.47	1432	0	29
2026.06.04	05:10:00	4458.44	4464.78	4455.55	4462.84	1505	0	29
2026.06.04	05:15:00	4462.90	4463.49	4458.71	4461.88	1315	0	29
2026.06.04	05:20:00	4461.88	4463.08	4459.63	4460.34	1232	0	29
2026.06.04	05:25:00	4460.35	4462.70	4458.72	4460.63	1127	0	29
2026.06.04	05:30:00	4460.61	4462.57	4458.02	4460.91	1486	0	29
2026.06.04	05:35:00	4460.91	4461.05	4458.12	4458.12	1238	0	29
2026.06.04	05:40:00	4458.11	4464.73	4457.95	4462.36	1354	0	29
2026.06.04	05:45:00	4462.37	4470.89	4462.37	4470.33	1417	0	29
2026.06.04	05:50:00	4470.32	4474.96	4469.01	4474.29	1466	0	29
2026.06.04	05:55:00	4474.29	4476.39	4471.10	4474.97	1429	0	29
2026.06.04	06:00:00	4474.84	4476.31	4471.57	4472.93	1338	0	29
2026.06.04	06:05:00	4472.88	4477.23	4472.88	4474.23	1223	0	29
2026.06.04	06:10:00	4474.23	4475.27	4470.27	4471.80	1325	0	29
2026.06.04	06:15:00	4471.80	4472.38	4469.41	4469.70	1040	0	29
2026.06.04	06:20:00	4469.70	4469.72	4467.44	4467.85	1228	0	29
2026.06.04	06:25:00	4467.80	4469.61	4465.92	4469.31	1210	0	29
2026.06.04	06:30:00	4469.26	4470.76	4467.01	4467.76	1256	0	29
2026.06.04	06:35:00	4467.76	4467.76	4463.61	4465.02	1138	0	29
2026.06.04	06:40:00	4465.02	4465.50	4460.90	4460.90	1004	0	29
2026.06.04	06:45:00	4460.61	4461.07	4458.33	4459.75	1086	0	29
2026.06.04	06:50:00	4459.76	4463.63	4458.97	4463.30	1019	0	29
2026.06.04	06:55:00	4463.30	4464.79	4462.25	4463.71	861	0	29
2026.06.04	07:00:00	4463.74	4465.98	4463.05	4463.89	897	0	29
2026.06.04	07:05:00	4463.89	4465.79	4462.30	4464.03	909	0	29
2026.06.04	07:10:00	4464.03	4471.21	4463.48	4471.18	1005	0	29
2026.06.04	07:15:00	4471.17	4472.44	4470.02	4471.62	854	0	29
2026.06.04	07:20:00	4471.65	4476.24	4471.26	4474.22	930	0	29
2026.06.04	07:25:00	4474.21	4475.60	4473.47	4474.62	1002	0	29
2026.06.04	07:30:00	4474.62	4483.96	4474.58	4480.15	1192	0	29
2026.06.04	07:35:00	4480.17	4481.69	4478.51	4481.03	1194	0	29
2026.06.04	07:40:00	4481.03	4483.91	4479.44	4482.75	1069	0	29
2026.06.04	07:45:00	4482.74	4483.48	4479.38	4479.48	924	0	29
2026.06.04	07:50:00	4479.48	4480.82	4478.80	4479.73	841	0	29
2026.06.04	07:55:00	4479.73	4481.17	4478.64	4480.99	769	0	29
2026.06.04	08:00:00	4481.01	4482.33	4477.10	4477.37	962	0	29
2026.06.04	08:05:00	4477.40	4478.37	4473.61	4473.62	883	0	29
2026.06.04	08:10:00	4473.61	4479.12	4471.45	4477.11	1018	0	29
2026.06.04	08:15:00	4477.11	4477.54	4475.62	4476.38	804	0	29
2026.06.04	08:20:00	4476.38	4476.54	4472.18	4472.54	888	0	29
2026.06.04	08:25:00	4472.49	4474.15	4470.93	4473.28	894	0	29
2026.06.04	08:30:00	4473.22	4475.75	4471.09	4473.36	1329	0	29
2026.06.04	08:35:00	4473.36	4474.71	4471.16	4471.28	1178	0	29
2026.06.04	08:40:00	4471.28	4474.62	4470.77	4474.54	1166	0	29
2026.06.04	08:45:00	4474.50	4474.76	4467.29	4467.42	1290	0	29
2026.06.04	08:50:00	4467.56	4471.13	4467.30	4469.06	1245	0	29
2026.06.04	08:55:00	4469.07	4470.35	4466.87	4469.16	1336	0	29
2026.06.04	09:00:00	4469.18	4474.49	4468.01	4473.62	1365	0	29
2026.06.04	09:05:00	4473.62	4477.14	4472.10	4475.86	1267	0	29
2026.06.04	09:10:00	4475.86	4477.04	4473.25	4473.91	1192	0	29
2026.06.04	09:15:00	4473.91	4474.19	4466.71	4469.40	1242	0	29
2026.06.04	09:20:00	4469.48	4470.40	4466.97	4467.92	1228	0	29
2026.06.04	09:25:00	4467.92	4472.10	4467.83	4472.09	1193	0	29
2026.06.04	09:30:00	4471.96	4475.62	4469.72	4474.84	1327	0	29
2026.06.04	09:35:00	4474.83	4476.75	4470.55	4472.91	1378	0	29
2026.06.04	09:40:00	4472.90	4473.06	4468.98	4469.24	1294	0	29
2026.06.04	09:45:00	4469.24	4469.89	4462.88	4466.96	1251	0	29
2026.06.04	09:50:00	4466.95	4470.04	4466.59	4467.64	1088	0	29
2026.06.04	09:55:00	4467.64	4469.32	4466.72	4467.61	1118	0	29
2026.06.04	10:00:00	4467.70	4470.69	4464.91	4470.10	1350	0	29
2026.06.04	10:05:00	4470.12	4470.68	4464.28	4465.61	1214	0	29
2026.06.04	10:10:00	4465.56	4465.69	4462.26	4464.01	1165	0	29
2026.06.04	10:15:00	4464.01	4470.41	4462.85	4469.19	1198	0	29
2026.06.04	10:20:00	4469.20	4469.20	4465.45	4465.89	1038	0	29
2026.06.04	10:25:00	4465.89	4466.25	4461.94	4465.11	1087	0	29
2026.06.04	10:30:00	4465.11	4466.81	4463.52	4463.65	1056	0	29
2026.06.04	10:35:00	4463.64	4467.88	4462.56	4463.43	1075	0	29
2026.06.04	10:40:00	4463.43	4464.55	4459.86	4461.35	1170	0	29
2026.06.04	10:45:00	4461.32	4462.27	4460.48	4461.23	1040	0	29
2026.06.04	10:50:00	4461.23	4462.22	4460.46	4461.39	1007	0	29
2026.06.04	10:55:00	4461.37	4462.22	4459.70	4461.60	924	0	29
2026.06.04	11:00:00	4461.69	4466.32	4460.05	4465.67	1315	0	29
2026.06.04	11:05:00	4465.63	4467.84	4464.54	4465.64	1311	0	29
2026.06.04	11:10:00	4465.64	4465.93	4459.74	4460.58	1205	0	29
2026.06.04	11:15:00	4460.39	4465.40	4460.39	4464.05	1267	0	29
2026.06.04	11:20:00	4464.02	4464.08	4458.74	4459.77	1336	0	29
2026.06.04	11:25:00	4459.81	4463.56	4458.49	4463.36	1410	0	29
2026.06.04	11:30:00	4463.60	4469.37	4460.09	4464.63	1547	0	29
2026.06.04	11:35:00	4464.62	4464.86	4460.05	4460.61	1286	0	29
2026.06.04	11:40:00	4460.64	4463.56	4460.55	4463.26	1109	0	29
2026.06.04	11:45:00	4463.34	4464.14	4459.60	4460.03	1280	0	29
2026.06.04	11:50:00	4459.97	4463.92	4459.91	4463.45	1267	0	29
2026.06.04	11:55:00	4463.45	4466.00	4462.72	4463.26	1090	0	29
2026.06.04	12:00:00	4463.27	4468.66	4460.98	4467.08	1446	0	29
2026.06.04	12:05:00	4467.13	4469.32	4464.82	4468.48	1326	0	29
2026.06.04	12:10:00	4468.46	4468.87	4462.18	4463.46	1240	0	29
2026.06.04	12:15:00	4463.49	4466.12	4462.86	4466.02	1244	0	29
2026.06.04	12:20:00	4466.02	4467.50	4463.46	4466.07	1205	0	29
2026.06.04	12:25:00	4466.07	4466.67	4464.19	4464.60	1148	0	29
2026.06.04	12:30:00	4464.64	4467.72	4461.72	4466.65	1329	0	29
2026.06.04	12:35:00	4466.64	4469.19	4464.68	4467.20	1409	0	29
2026.06.04	12:40:00	4467.20	4468.64	4466.09	4467.95	1095	0	29
2026.06.04	12:45:00	4467.96	4472.24	4467.46	4470.61	1260	0	29
2026.06.04	12:50:00	4470.63	4475.58	4470.16	4474.91	1230	0	29
2026.06.04	12:55:00	4474.93	4475.28	4469.50	4470.34	1155	0	29
2026.06.04	13:00:00	4470.35	4471.98	4468.36	4470.03	1158	0	29
2026.06.04	13:05:00	4470.04	4471.21	4469.08	4469.38	927	0	29
2026.06.04	13:10:00	4469.38	4471.84	4468.05	4471.19	1068	0	29
2026.06.04	13:15:00	4471.17	4471.50	4468.50	4468.77	930	0	29
2026.06.04	13:20:00	4468.78	4468.96	4464.80	4466.91	1007	0	29
2026.06.04	13:25:00	4466.97	4468.30	4464.27	4467.49	962	0	29
2026.06.04	13:30:00	4467.51	4469.63	4466.40	4467.90	918	0	29
2026.06.04	13:35:00	4467.88	4471.10	4467.66	4469.02	945	0	29
2026.06.04	13:40:00	4469.05	4472.76	4468.55	4471.28	978	0	29
2026.06.04	13:45:00	4471.28	4472.91	4470.67	4471.31	901	0	29
2026.06.04	13:50:00	4471.31	4471.44	4468.47	4471.07	1176	0	29
2026.06.04	13:55:00	4471.06	4473.79	4469.52	4473.59	1102	0	29
2026.06.04	14:00:00	4473.83	4475.32	4468.76	4472.14	1277	0	29
2026.06.04	14:05:00	4472.16	4478.18	4471.83	4477.47	1102	0	29
2026.06.04	14:10:00	4477.47	4478.69	4473.49	4473.53	1200	0	29
2026.06.04	14:15:00	4473.53	4479.22	4473.44	4477.89	1291	0	29
2026.06.04	14:20:00	4478.35	4480.13	4476.62	4478.86	1333	0	29
2026.06.04	14:25:00	4478.86	4491.33	4477.59	4489.55	1557	0	29
2026.06.04	14:30:00	4489.58	4492.49	4484.54	4485.22	1458	0	29
2026.06.04	14:35:00	4485.18	4488.43	4482.21	4488.08	1414	0	29
2026.06.04	14:40:00	4488.25	4492.18	4486.62	4491.39	1639	0	29
2026.06.04	14:45:00	4491.43	4504.20	4491.43	4501.21	1718	0	29
2026.06.04	14:50:00	4501.11	4504.63	4500.80	4503.75	1613	0	29
2026.06.04	14:55:00	4503.77	4514.60	4503.77	4511.46	1642	0	29
2026.06.04	15:00:00	4511.47	4513.76	4497.05	4497.34	1724	0	29
2026.06.04	15:05:00	4497.35	4503.61	4495.24	4498.18	1606	0	29
2026.06.04	15:10:00	4498.27	4499.18	4491.55	4493.74	1516	0	29
2026.06.04	15:15:00	4493.76	4495.53	4491.20	4492.39	1422	0	29
2026.06.04	15:20:00	4492.39	4499.10	4492.25	4497.55	1423	0	29
2026.06.04	15:25:00	4497.52	4499.88	4495.79	4498.66	1130	0	29
2026.06.04	15:30:00	4498.51	4501.40	4496.98	4499.13	1348	0	29
2026.06.04	15:35:00	4499.14	4502.03	4497.02	4498.92	1323	0	29
2026.06.04	15:40:00	4498.93	4502.08	4498.93	4502.07	1254	0	29
2026.06.04	15:45:00	4502.03	4504.86	4498.94	4504.73	1328	0	29
2026.06.04	15:50:00	4504.79	4510.89	4502.08	4508.31	1725	0	29
2026.06.04	15:55:00	4508.67	4510.11	4502.73	4504.13	1258	0	29
2026.06.04	16:00:00	4503.99	4510.02	4500.17	4505.06	1768	0	29
2026.06.04	16:05:00	4505.07	4508.78	4503.74	4504.83	1496	0	29
2026.06.04	16:10:00	4504.80	4505.45	4502.00	4503.16	1278	0	29
2026.06.04	16:15:00	4503.07	4508.72	4503.07	4507.76	1287	0	29
2026.06.04	16:20:00	4507.74	4509.34	4504.25	4504.83	1310	0	29
2026.06.04	16:25:00	4504.84	4506.40	4501.73	4504.63	1422	0	29
2026.06.04	16:30:00	4504.65	4507.23	4502.31	4506.12	1887	0	29
2026.06.04	16:35:00	4506.09	4512.16	4504.97	4509.31	1886	0	29
2026.06.04	16:40:00	4509.31	4514.94	4505.14	4514.43	1879	0	29
2026.06.04	16:45:00	4514.55	4515.29	4507.40	4509.97	1869	0	29
2026.06.04	16:50:00	4510.01	4512.31	4497.76	4498.55	1910	0	29
2026.06.04	16:55:00	4498.68	4502.95	4495.41	4495.79	1913	0	29
2026.06.04	17:00:00	4495.76	4499.90	4494.52	4495.37	1924	0	29
2026.06.04	17:05:00	4495.51	4499.82	4487.96	4489.98	1859	0	29
2026.06.04	17:10:00	4489.97	4492.23	4486.03	4487.69	1857	0	29
2026.06.04	17:15:00	4487.64	4493.72	4485.46	4487.67	1710	0	29
2026.06.04	17:20:00	4487.59	4489.42	4484.44	4485.16	1747	0	29
2026.06.04	17:25:00	4485.15	4487.85	4483.98	4486.14	1715	0	29
2026.06.04	17:30:00	4486.30	4486.71	4481.48	4484.20	1762	0	29
2026.06.04	17:35:00	4484.25	4484.27	4477.65	4480.21	1750	0	29
2026.06.04	17:40:00	4480.10	4480.69	4472.31	4474.81	1759	0	29
2026.06.04	17:45:00	4474.81	4475.46	4465.07	4466.42	1771	0	29
2026.06.04	17:50:00	4466.41	4470.29	4457.29	4463.98	1974	0	29
2026.06.04	17:55:00	4463.79	4466.24	4460.22	4465.83	1797	0	29
2026.06.04	18:00:00	4465.83	4470.62	4463.82	4470.36	1691	0	29
2026.06.04	18:05:00	4470.36	4472.47	4467.20	4470.31	1541	0	29
2026.06.04	18:10:00	4470.32	4474.70	4470.05	4471.90	1636	0	29
2026.06.04	18:15:00	4471.89	4473.97	4471.29	4473.35	1407	0	29
2026.06.04	18:20:00	4473.29	4473.82	4470.69	4470.75	1287	0	29
2026.06.04	18:25:00	4470.74	4472.17	4469.15	4470.91	1391	0	29
2026.06.04	18:30:00	4470.84	4472.77	4469.67	4471.84	1441	0	29
2026.06.04	18:35:00	4471.88	4477.26	4471.07	4477.04	1361	0	29
2026.06.04	18:40:00	4477.05	4477.26	4471.12	4472.61	1149	0	29
2026.06.04	18:45:00	4472.60	4475.77	4470.01	4474.38	1299	0	29
2026.06.04	18:50:00	4474.37	4478.91	4474.37	4477.96	1365	0	29
2026.06.04	18:55:00	4477.96	4478.67	4476.38	4477.38	1224	0	29
2026.06.04	19:00:00	4477.37	4478.74	4476.11	4476.33	1320	0	29
2026.06.04	19:05:00	4476.35	4482.75	4475.29	4482.60	1357	0	29
2026.06.04	19:10:00	4482.51	4484.10	4479.09	4479.10	1393	0	29
2026.06.04	19:15:00	4479.05	4484.72	4479.05	4483.34	1273	0	29
2026.06.04	19:20:00	4483.34	4484.76	4480.25	4484.23	1238	0	29
2026.06.04	19:25:00	4484.23	4485.05	4482.40	4483.49	1009	0	29
2026.06.04	19:30:00	4483.51	4484.00	4479.72	4480.62	1555	0	29
2026.06.04	19:35:00	4480.63	4483.47	4480.31	4481.91	1368	0	29
2026.06.04	19:40:00	4481.91	4482.92	4481.05	4481.44	1155	0	29
2026.06.04	19:45:00	4481.43	4483.41	4480.33	4481.62	1179	0	29
2026.06.04	19:50:00	4481.52	4482.40	4480.51	4481.76	1133	0	29
2026.06.04	19:55:00	4481.76	4483.92	4481.63	4482.74	1224	0	29
2026.06.04	20:00:00	4482.75	4482.75	4480.50	4481.35	1159	0	29
2026.06.04	20:05:00	4481.35	4482.06	4479.53	4479.56	968	0	29
2026.06.04	20:10:00	4479.35	4480.48	4476.03	4476.03	1168	0	29
2026.06.04	20:15:00	4476.14	4476.25	4474.10	4475.50	1116	0	29
2026.06.04	20:20:00	4475.50	4475.98	4474.07	4475.37	1010	0	29
2026.06.04	20:25:00	4475.36	4479.33	4475.34	4476.80	1236	0	29
2026.06.04	20:30:00	4476.89	4481.48	4476.71	4479.96	1133	0	29
2026.06.04	20:35:00	4480.00	4480.52	4477.66	4478.03	1163	0	29
2026.06.04	20:40:00	4477.83	4478.31	4476.07	4476.74	1174	0	29
2026.06.04	20:45:00	4476.73	4478.97	4476.71	4478.60	986	0	29
2026.06.04	20:50:00	4478.62	4480.30	4478.17	4478.39	1029	0	29
2026.06.04	20:55:00	4478.39	4478.71	4477.56	4478.14	1026	0	29
2026.06.04	21:00:00	4478.05	4480.21	4476.58	4477.14	991	0	29
2026.06.04	21:05:00	4477.12	4478.02	4476.32	4477.40	969	0	29
2026.06.04	21:10:00	4477.42	4479.30	4477.16	4478.96	967	0	29
2026.06.04	21:15:00	4478.97	4479.22	4477.37	4478.71	944	0	29
2026.06.04	21:20:00	4478.72	4480.52	4478.18	4480.15	999	0	29
2026.06.04	21:25:00	4480.15	4481.00	4477.33	4478.11	1054	0	29
2026.06.04	21:30:00	4477.91	4477.91	4473.33	4473.74	1108	0	29
2026.06.04	21:35:00	4473.74	4474.12	4472.72	4473.65	1065	0	29
2026.06.04	21:40:00	4473.67	4474.60	4473.21	4474.26	932	0	29
2026.06.04	21:45:00	4474.32	4476.30	4473.79	4475.36	902	0	29
2026.06.04	21:50:00	4475.37	4479.42	4475.37	4478.02	918	0	29
2026.06.04	21:55:00	4478.13	4478.65	4476.71	4478.08	996	0	29
2026.06.04	22:00:00	4478.08	4483.35	4478.03	4481.40	1069	0	29
2026.06.04	22:05:00	4481.40	4481.43	4477.50	4478.37	948	0	29
2026.06.04	22:10:00	4478.38	4478.52	4476.15	4478.12	1007	0	29
2026.06.04	22:15:00	4478.12	4479.26	4477.66	4478.64	882	0	29
2026.06.04	22:20:00	4478.62	4479.37	4477.88	4479.22	778	0	29
2026.06.04	22:25:00	4479.22	4480.17	4478.69	4480.08	906	0	29
2026.06.04	22:30:00	4480.09	4480.34	4477.92	4478.67	881	0	29
2026.06.04	22:35:00	4478.68	4479.40	4477.51	4479.05	893	0	29
2026.06.04	22:40:00	4479.06	4480.19	4477.37	4478.02	952	0	29
2026.06.04	22:45:00	4477.89	4478.48	4476.79	4478.37	877	0	29
2026.06.04	22:50:00	4478.33	4478.72	4477.01	4478.22	1269	0	29
2026.06.04	22:55:00	4478.22	4482.33	4477.04	4480.73	1497	0	29
2026.06.04	23:00:00	4480.74	4481.63	4479.09	4479.66	933	0	29
2026.06.04	23:05:00	4479.58	4480.15	4478.76	4479.36	730	0	29
2026.06.04	23:10:00	4479.36	4479.92	4477.77	4477.77	723	0	29
2026.06.04	23:15:00	4477.82	4479.06	4477.61	4477.68	546	0	29
2026.06.04	23:20:00	4477.67	4478.15	4476.98	4477.68	539	0	29
2026.06.04	23:25:00	4477.68	4478.00	4476.62	4477.70	524	0	29
2026.06.04	23:30:00	4477.62	4477.62	4475.50	4475.86	559	0	34
2026.06.04	23:35:00	4475.83	4476.27	4475.12	4476.14	504	0	34
2026.06.04	23:40:00	4476.15	4477.32	4475.11	4475.12	528	0	34
2026.06.04	23:45:00	4475.11	4475.72	4474.31	4474.69	573	0	34
2026.06.04	23:50:00	4474.76	4475.86	4474.56	4475.75	483	0	34
2026.06.04	23:55:00	4475.71	4475.71	4474.43	4475.55	335	0	34
2026.06.05	01:00:00	4476.79	4476.79	4473.01	4473.72	749	0	34
2026.06.05	01:05:00	4473.74	4476.16	4473.70	4474.97	463	0	34
2026.06.05	01:10:00	4474.96	4476.09	4474.01	4475.28	698	0	34
2026.06.05	01:15:00	4475.26	4478.51	4474.50	4477.92	701	0	34
2026.06.05	01:20:00	4477.94	4479.26	4477.38	4479.22	807	0	34
2026.06.05	01:25:00	4479.23	4480.81	4477.84	4478.85	795	0	34
2026.06.05	01:30:00	4478.87	4481.47	4477.80	4478.08	907	0	29
2026.06.05	01:35:00	4478.10	4479.90	4477.52	4479.10	707	0	29
2026.06.05	01:40:00	4479.13	4479.54	4475.22	4475.22	922	0	29
2026.06.05	01:45:00	4475.17	4476.18	4472.32	4473.61	763	0	29
2026.06.05	01:50:00	4473.60	4474.08	4469.65	4469.65	869	0	29
2026.06.05	01:55:00	4469.63	4471.89	4468.84	4469.61	1027	0	29
2026.06.05	02:00:00	4469.79	4471.29	4464.18	4469.96	1246	0	29
2026.06.05	02:05:00	4469.97	4473.18	4466.89	4471.51	1041	0	29
2026.06.05	02:10:00	4471.51	4473.98	4470.61	4470.92	832	0	29
2026.06.05	02:15:00	4470.92	4471.38	4469.19	4469.87	797	0	29
2026.06.05	02:20:00	4469.87	4471.97	4466.64	4471.41	978	0	29
2026.06.05	02:25:00	4471.41	4473.31	4468.19	4469.12	804	0	29
2026.06.05	02:30:00	4469.12	4469.54	4463.99	4465.60	850	0	29
2026.06.05	02:35:00	4465.62	4466.65	4462.59	4463.60	886	0	29
2026.06.05	02:40:00	4463.62	4464.90	4462.01	4463.18	856	0	29
2026.06.05	02:45:00	4463.20	4463.92	4460.48	4463.87	1033	0	29
2026.06.05	02:50:00	4463.93	4465.88	4463.08	4464.23	1093	0	29
2026.06.05	02:55:00	4464.23	4464.78	4461.15	4461.62	1115	0	29
2026.06.05	03:00:00	4461.60	4463.89	4459.45	4462.14	1517	0	29
2026.06.05	03:05:00	4462.08	4464.93	4459.76	4461.17	1439	0	29
2026.06.05	03:10:00	4461.19	4462.48	4454.42	4455.32	1468	0	29
2026.06.05	03:15:00	4455.22	4457.45	4452.03	4452.24	1572	0	29
2026.06.05	03:20:00	4452.24	4455.58	4450.62	4454.32	1432	0	29
2026.06.05	03:25:00	4454.31	4457.61	4452.96	4457.44	1409	0	29
2026.06.05	03:30:00	4457.45	4461.01	4456.17	4460.38	1250	0	29
2026.06.05	03:35:00	4460.55	4466.84	4460.54	4464.13	1381	0	29
2026.06.05	03:40:00	4464.15	4466.17	4462.80	4463.10	1248	0	29
2026.06.05	03:45:00	4463.10	4466.29	4461.32	4461.49	1270	0	29
2026.06.05	03:50:00	4461.48	4465.59	4460.90	4465.08	1187	0	29
2026.06.05	03:55:00	4465.07	4465.07	4458.47	4459.21	1396	0	29
2026.06.05	04:00:00	4459.27	4467.01	4452.86	4466.35	1995	0	29
2026.06.05	04:05:00	4466.13	4469.93	4463.42	4464.50	1823	0	29
2026.06.05	04:10:00	4464.68	4465.22	4459.93	4460.05	1732	0	29
2026.06.05	04:15:00	4460.02	4464.82	4457.57	4463.19	1750	0	29
2026.06.05	04:20:00	4463.16	4463.92	4454.00	4455.09	1750	0	29
2026.06.05	04:25:00	4454.86	4459.52	4449.28	4458.63	1794	0	29
2026.06.05	04:30:00	4458.79	4459.64	4453.82	4453.99	1707	0	29
2026.06.05	04:35:00	4453.98	4456.49	4448.49	4449.56	1489	0	29
2026.06.05	04:40:00	4449.60	4451.33	4445.35	4446.00	1642	0	29
2026.06.05	04:45:00	4446.01	4449.50	4444.09	4446.51	1464	0	29
2026.06.05	04:50:00	4446.50	4450.57	4444.60	4450.36	1488	0	29
2026.06.05	04:55:00	4450.37	4450.68	4445.07	4446.74	1527	0	29
2026.06.05	05:00:00	4446.68	4450.94	4442.46	4449.35	1586	0	29
2026.06.05	05:05:00	4449.38	4449.64	4444.69	4447.87	1534	0	29
2026.06.05	05:10:00	4447.88	4450.47	4445.88	4449.41	1515	0	29
2026.06.05	05:15:00	4449.39	4450.55	4445.96	4447.52	1157	0	29
2026.06.05	05:20:00	4447.53	4453.15	4447.43	4452.93	1213	0	29
2026.06.05	05:25:00	4452.95	4454.90	4449.97	4451.19	1219	0	29
2026.06.05	05:30:00	4451.19	4451.73	4442.16	4444.91	1670	0	29
2026.06.05	05:35:00	4444.88	4446.65	4441.41	4445.15	1475	0	29
2026.06.05	05:40:00	4445.15	4445.16	4438.42	4442.86	1532	0	29
2026.06.05	05:45:00	4442.87	4447.24	4442.31	4445.56	1464	0	29
2026.06.05	05:50:00	4445.56	4449.87	4443.21	4443.22	1409	0	29
2026.06.05	05:55:00	4443.27	4443.86	4440.10	4440.52	1421	0	29
2026.06.05	06:00:00	4440.51	4441.19	4436.58	4438.42	1469	0	29
2026.06.05	06:05:00	4438.42	4440.51	4436.86	4439.96	1481	0	29
2026.06.05	06:10:00	4439.96	4440.91	4438.29	4440.89	1371	0	29
2026.06.05	06:15:00	4440.83	4443.81	4438.08	4438.72	1389	0	29
2026.06.05	06:20:00	4438.73	4438.95	4435.18	4437.29	1320	0	29
2026.06.05	06:25:00	4437.29	4439.07	4436.31	4436.72	1339	0	29
2026.06.05	06:30:00	4436.72	4441.58	4436.31	4439.71	1267	0	29
2026.06.05	06:35:00	4439.71	4441.20	4436.60	4440.65	1108	0	29
2026.06.05	06:40:00	4440.60	4442.33	4440.24	4440.85	988	0	29
2026.06.05	06:45:00	4440.85	4441.61	4439.95	4441.06	842	0	29
2026.06.05	06:50:00	4441.07	4442.24	4439.23	4440.54	958	0	29
2026.06.05	06:55:00	4440.57	4443.27	4440.56	4442.29	932	0	29
2026.06.05	07:00:00	4442.29	4444.58	4441.13	4442.49	1109	0	29
2026.06.05	07:05:00	4442.50	4443.69	4439.72	4440.60	1090	0	29
2026.06.05	07:10:00	4440.69	4441.63	4438.29	4441.54	1084	0	29
2026.06.05	07:15:00	4441.54	4443.74	4438.92	4439.21	1099	0	29
2026.06.05	07:20:00	4439.21	4441.68	4439.07	4439.73	868	0	29
2026.06.05	07:25:00	4439.75	4443.63	4439.39	4439.59	1131	0	29
2026.06.05	07:30:00	4439.60	4439.94	4437.52	4439.40	981	0	29
2026.06.05	07:35:00	4439.33	4441.64	4439.03	4441.56	952	0	29
2026.06.05	07:40:00	4441.56	4444.08	4439.25	4440.84	960	0	29
2026.06.05	07:45:00	4440.84	4442.25	4439.61	4441.06	885	0	29
2026.06.05	07:50:00	4441.05	4444.20	4440.89	4444.20	1071	0	29
2026.06.05	07:55:00	4444.19	4446.48	4443.97	4444.92	1041	0	29
2026.06.05	08:00:00	4444.92	4449.93	4443.19	4447.52	1345	0	29
2026.06.05	08:05:00	4447.52	4449.77	4447.06	4447.27	1133	0	29
2026.06.05	08:10:00	4447.27	4449.68	4446.42	4448.91	1090	0	29
2026.06.05	08:15:00	4448.92	4449.13	4444.14	4445.38	1081	0	29
2026.06.05	08:20:00	4445.38	4446.27	4442.19	4444.84	1048	0	29
2026.06.05	08:25:00	4444.84	4445.71	4444.11	4444.64	968	0	29
2026.06.05	08:30:00	4444.57	4445.93	4439.36	4442.63	1641	0	29
2026.06.05	08:35:00	4442.64	4447.91	4442.20	4445.62	1457	0	29
2026.06.05	08:40:00	4445.63	4446.68	4443.05	4443.68	1308	0	29
2026.06.05	08:45:00	4443.67	4448.20	4442.13	4447.58	1206	0	29
2026.06.05	08:50:00	4447.56	4447.88	4442.65	4443.57	1197	0	29
2026.06.05	08:55:00	4443.57	4444.83	4438.68	4439.91	1285	0	29
2026.06.05	09:00:00	4439.91	4442.57	4435.29	4437.47	1541	0	29
2026.06.05	09:05:00	4437.48	4441.36	4437.25	4440.30	1475	0	29
2026.06.05	09:10:00	4440.29	4441.91	4436.14	4436.48	1480	0	29
2026.06.05	09:15:00	4436.42	4437.09	4428.79	4436.59	1769	0	29
2026.06.05	09:20:00	4436.63	4445.25	4434.73	4444.04	1679	0	29
2026.06.05	09:25:00	4444.08	4446.35	4440.40	4442.29	1563	0	29
2026.06.05	09:30:00	4442.40	4448.29	4442.29	4446.63	1529	0	29
2026.06.05	09:35:00	4446.62	4450.00	4446.36	4448.32	1487	0	29
2026.06.05	09:40:00	4448.54	4449.02	4446.53	4448.43	1333	0	29
2026.06.05	09:45:00	4448.42	4455.99	4446.92	4453.59	1493	0	29
2026.06.05	09:50:00	4453.58	4456.17	4451.22	4451.25	1340	0	29
2026.06.05	09:55:00	4451.25	4453.54	4449.42	4452.82	1306	0	29
2026.06.05	10:00:00	4452.83	4455.88	4451.81	4454.57	1472	0	29
2026.06.05	10:05:00	4454.60	4458.23	4453.25	4457.29	1339	0	29
2026.06.05	10:10:00	4457.28	4463.25	4456.05	4458.44	1360	0	29
2026.06.05	10:15:00	4458.44	4463.99	4458.42	4461.75	1329	0	29
2026.06.05	10:20:00	4461.75	4465.71	4459.88	4464.07	1420	0	29
2026.06.05	10:25:00	4464.06	4467.33	4461.45	4467.15	1390	0	29
2026.06.05	10:30:00	4467.16	4467.17	4464.48	4466.05	1317	0	29
2026.06.05	10:35:00	4466.08	4466.09	4461.52	4461.99	1229	0	29
2026.06.05	10:40:00	4462.01	4465.80	4459.48	4462.05	1245	0	29
2026.06.05	10:45:00	4462.02	4464.26	4461.83	4462.69	1015	0	29
2026.06.05	10:50:00	4462.68	4465.02	4461.41	4461.81	1002	0	29
2026.06.05	10:55:00	4461.85	4462.78	4460.72	4460.89	1003	0	29
2026.06.05	11:00:00	4460.87	4463.35	4458.77	4461.55	1285	0	29
2026.06.05	11:05:00	4461.56	4462.45	4459.50	4460.66	1356	0	29
2026.06.05	11:10:00	4460.45	4461.77	4459.46	4461.05	1185	0	29
2026.06.05	11:15:00	4461.06	4463.42	4459.87	4462.97	1144	0	29
2026.06.05	11:20:00	4462.96	4465.51	4462.08	4463.78	1238	0	29
2026.06.05	11:25:00	4463.79	4466.97	4463.01	4466.97	1260	0	29
2026.06.05	11:30:00	4466.73	4468.19	4463.19	4463.28	1371	0	29
2026.06.05	11:35:00	4463.33	4463.77	4461.61	4461.86	1134	0	29
2026.06.05	11:40:00	4461.88	4463.31	4460.96	4461.77	1008	0	29
2026.06.05	11:45:00	4461.79	4464.44	4461.51	4463.45	880	0	29
2026.06.05	11:50:00	4463.45	4463.76	4462.03	4463.72	995	0	29
2026.06.05	11:55:00	4463.72	4463.73	4462.28	4462.73	806	0	29
2026.06.05	12:00:00	4462.74	4463.30	4460.97	4461.06	1083	0	29
2026.06.05	12:05:00	4461.02	4462.89	4459.72	4460.69	1014	0	29
2026.06.05	12:10:00	4460.68	4469.22	4458.87	4466.09	1422	0	29
2026.06.05	12:15:00	4466.04	4469.25	4464.17	4467.58	1560	0	29
2026.06.05	12:20:00	4467.59	4468.88	4466.43	4466.59	1305	0	29
2026.06.05	12:25:00	4466.61	4467.66	4462.04	4462.85	1284	0	29
2026.06.05	12:30:00	4462.85	4466.24	4459.31	4463.72	1432	0	29
2026.06.05	12:35:00	4463.67	4465.31	4462.58	4463.27	1058	0	29
2026.06.05	12:40:00	4463.33	4466.09	4463.24	4465.84	1019	0	29
2026.06.05	12:45:00	4465.89	4469.18	4465.05	4465.23	991	0	29
2026.06.05	12:50:00	4465.23	4465.80	4464.52	4465.46	877	0	29
2026.06.05	12:55:00	4465.44	4465.46	4462.60	4464.86	1034	0	29
2026.06.05	13:00:00	4464.86	4464.96	4463.10	4463.38	904	0	29
2026.06.05	13:05:00	4463.34	4464.79	4463.16	4464.76	849	0	29
2026.06.05	13:10:00	4464.74	4465.19	4463.47	4465.19	777	0	29
2026.06.05	13:15:00	4465.20	4465.91	4464.50	4465.43	806	0	29
2026.06.05	13:20:00	4465.44	4468.05	4465.33	4467.18	878	0	29
2026.06.05	13:25:00	4467.17	4467.19	4465.05	4465.93	786	0	29
2026.06.05	13:30:00	4465.93	4466.87	4462.64	4462.98	940	0	29
2026.06.05	13:35:00	4462.98	4464.07	4462.16	4463.26	885	0	29
2026.06.05	13:40:00	4463.25	4464.58	4461.90	4464.54	772	0	29
2026.06.05	13:45:00	4464.54	4467.29	4464.37	4466.71	995	0	29
2026.06.05	13:50:00	4466.72	4467.80	4465.67	4466.29	777	0	29
2026.06.05	13:55:00	4466.22	4466.90	4465.93	4466.75	798	0	29
2026.06.05	14:00:00	4466.35	4467.01	4463.53	4463.88	1079	0	29
2026.06.05	14:05:00	4463.90	4466.91	4463.27	4466.69	1017	0	29
2026.06.05	14:10:00	4466.66	4466.80	4461.09	4461.32	891	0	29
2026.06.05	14:15:00	4461.33	4463.44	4460.88	4461.69	1067	0	29
2026.06.05	14:20:00	4461.70	4463.79	4458.60	4461.56	1124	0	29
2026.06.05	14:25:00	4461.55	4466.01	4461.55	4465.99	1198	0	29
2026.06.05	14:30:00	4465.99	4467.14	4464.50	4465.15	1044	0	29
2026.06.05	14:35:00	4465.14	4466.89	4463.32	4463.40	1000	0	29
2026.06.05	14:40:00	4463.47	4465.69	4463.17	4464.85	983	0	29
2026.06.05	14:45:00	4464.92	4467.26	4464.07	4466.93	937	0	29
2026.06.05	14:50:00	4466.92	4475.24	4466.66	4472.01	1286	0	29
2026.06.05	14:55:00	4472.02	4472.49	4467.69	4470.17	1142	0	29
2026.06.05	15:00:00	4470.18	4470.79	4464.15	4465.26	1325	0	29
2026.06.05	15:05:00	4465.28	4468.09	4464.91	4467.88	1148	0	29
2026.06.05	15:10:00	4467.88	4471.00	4466.78	4469.30	1226	0	29
2026.06.05	15:15:00	4469.29	4473.71	4468.35	4472.85	1278	0	29
2026.06.05	15:20:00	4472.84	4475.66	4467.39	4468.37	1440	0	29
2026.06.05	15:25:00	4468.37	4468.96	4461.60	4464.97	1299	0	29
2026.06.05	15:30:00	4465.04	4465.56	4446.89	4452.95	2069	0	29
2026.06.05	15:35:00	4452.94	4453.87	4439.72	4443.89	1997	0	29
2026.06.05	15:40:00	4443.80	4448.13	4442.97	4446.01	1778	0	29
2026.06.05	15:45:00	4446.09	4449.00	4440.10	4440.17	1743	0	29
2026.06.05	15:50:00	4440.17	4440.66	4416.90	4416.90	1989	0	29
2026.06.05	15:55:00	4416.91	4419.92	4404.78	4406.07	2057	0	29
2026.06.05	16:00:00	4406.32	4418.40	4399.99	4411.75	2151	0	29
2026.06.05	16:05:00	4411.86	4419.66	4408.25	4416.28	1960	0	29
2026.06.05	16:10:00	4416.06	4420.57	4414.51	4418.40	1879	0	29
2026.06.05	16:15:00	4418.37	4420.87	4416.22	4417.63	1784	0	29
2026.06.05	16:20:00	4417.57	4420.26	4409.35	4409.84	1872	0	29
2026.06.05	16:25:00	4409.80	4414.91	4403.90	4404.41	1834	0	29
2026.06.05	16:30:00	4405.10	4409.46	4398.20	4404.93	2098	0	29
2026.06.05	16:35:00	4405.14	4405.14	4386.00	4392.10	2130	0	29
2026.06.05	16:40:00	4392.04	4398.13	4388.41	4389.41	2051	0	29
2026.06.05	16:45:00	4389.39	4391.03	4383.30	4383.69	2081	0	29
2026.06.05	16:50:00	4383.49	4388.07	4381.92	4385.10	2065	0	29
2026.06.05	16:55:00	4385.57	4385.67	4365.63	4365.72	2055	0	29
2026.06.05	17:00:00	4365.82	4379.15	4364.01	4372.02	2180	0	29
2026.06.05	17:05:00	4371.85	4377.16	4364.12	4374.61	2115	0	29
2026.06.05	17:10:00	4374.72	4377.25	4364.35	4366.18	2078	0	29
2026.06.05	17:15:00	4366.13	4370.10	4364.75	4369.27	1970	0	29
2026.06.05	17:20:00	4369.43	4370.07	4355.56	4357.54	2101	0	29
2026.06.05	17:25:00	4357.52	4361.37	4353.00	4361.03	2049	0	29
2026.06.05	17:30:00	4361.01	4363.92	4349.69	4353.15	2101	0	29
2026.06.05	17:35:00	4353.17	4354.58	4347.92	4348.53	2006	0	29
2026.06.05	17:40:00	4348.53	4350.48	4344.62	4349.21	1976	0	29
2026.06.05	17:45:00	4349.05	4359.40	4348.41	4356.42	1954	0	29
2026.06.05	17:50:00	4356.32	4367.11	4355.08	4362.99	1963	0	29
2026.06.05	17:55:00	4363.05	4370.02	4360.90	4369.61	1865	0	29
2026.06.05	18:00:00	4369.61	4372.55	4362.79	4368.33	1910	0	29
2026.06.05	18:05:00	4368.30	4369.27	4361.92	4362.03	1771	0	29
2026.06.05	18:10:00	4362.02	4362.13	4352.87	4352.87	1903	0	29
2026.06.05	18:15:00	4352.92	4355.91	4349.07	4355.08	1992	0	29
2026.06.05	18:20:00	4355.00	4357.50	4348.17	4352.69	1861	0	29
2026.06.05	18:25:00	4352.69	4355.21	4349.44	4351.77	1837	0	29
2026.06.05	18:30:00	4351.62	4354.82	4345.43	4346.89	1724	0	29
2026.06.05	18:35:00	4346.88	4349.49	4336.18	4339.99	1838	0	29
2026.06.05	18:40:00	4339.97	4341.45	4335.44	4338.72	1776	0	29
2026.06.05	18:45:00	4338.65	4340.97	4336.58	4339.11	1640	0	29
2026.06.05	18:50:00	4339.14	4341.84	4336.85	4340.90	1668	0	29
2026.06.05	18:55:00	4340.88	4341.40	4333.97	4335.46	1763	0	29
2026.06.05	19:00:00	4335.42	4338.80	4330.62	4334.12	1881	0	29
2026.06.05	19:05:00	4334.11	4334.11	4328.93	4332.80	1914	0	29
2026.06.05	19:10:00	4332.81	4337.93	4331.48	4333.52	1776	0	29
2026.06.05	19:15:00	4333.15	4333.28	4325.48	4330.60	1823	0	29
2026.06.05	19:20:00	4330.60	4330.68	4325.34	4328.52	1779	0	29
2026.06.05	19:25:00	4328.51	4333.78	4328.27	4329.63	1843	0	29
2026.06.05	19:30:00	4329.60	4330.05	4323.43	4328.69	1816	0	29
2026.06.05	19:35:00	4328.67	4332.20	4324.98	4331.69	1758	0	29
2026.06.05	19:40:00	4331.69	4332.03	4326.02	4327.77	1689	0	29
2026.06.05	19:45:00	4327.70	4334.30	4325.09	4333.93	1882	0	29
2026.06.05	19:50:00	4333.96	4338.61	4333.14	4338.05	1773	0	29
2026.06.05	19:55:00	4338.05	4344.89	4336.80	4344.51	1878	0	29
2026.06.05	20:00:00	4344.87	4346.89	4339.50	4344.13	1756	0	29
2026.06.05	20:05:00	4344.09	4344.09	4338.66	4339.11	1665	0	29
2026.06.05	20:10:00	4339.11	4341.63	4336.51	4339.55	1758	0	29
2026.06.05	20:15:00	4339.53	4342.23	4336.12	4338.51	1726	0	29
2026.06.05	20:20:00	4338.51	4341.56	4335.65	4339.07	1823	0	29
2026.06.05	20:25:00	4339.02	4342.92	4336.16	4342.39	1850	0	29
2026.06.05	20:30:00	4342.60	4343.77	4339.92	4343.03	1699	0	29
2026.06.05	20:35:00	4343.03	4345.26	4339.59	4345.08	1517	0	29
2026.06.05	20:40:00	4345.06	4347.30	4340.22	4341.15	1712	0	29
2026.06.05	20:45:00	4341.09	4342.83	4338.02	4339.99	1603	0	29
2026.06.05	20:50:00	4339.98	4343.62	4338.79	4343.41	1597	0	29
2026.06.05	20:55:00	4343.39	4343.59	4341.12	4341.70	1602	0	29
2026.06.05	21:00:00	4341.71	4342.07	4333.58	4333.58	1654	0	29
2026.06.05	21:05:00	4333.57	4334.15	4329.54	4329.96	1653	0	29
2026.06.05	21:10:00	4329.95	4331.59	4322.79	4322.79	1787	0	29
2026.06.05	21:15:00	4322.79	4326.67	4321.85	4326.10	1891	0	29
2026.06.05	21:20:00	4326.15	4330.35	4325.97	4327.26	1802	0	29
2026.06.05	21:25:00	4327.23	4327.98	4322.92	4325.89	1802	0	29
2026.06.05	21:30:00	4325.76	4326.92	4319.08	4324.99	1733	0	29
2026.06.05	21:35:00	4325.00	4325.81	4319.14	4320.26	1592	0	29
2026.06.05	21:40:00	4320.26	4321.22	4315.22	4318.02	1583	0	29
2026.06.05	21:45:00	4318.00	4321.72	4315.98	4321.59	1771	0	29
2026.06.05	21:50:00	4321.62	4321.62	4316.82	4320.60	1700	0	29
2026.06.05	21:55:00	4320.49	4326.11	4318.92	4322.31	1787	0	29
2026.06.05	22:00:00	4322.32	4323.77	4316.56	4320.76	1782	0	29
2026.06.05	22:05:00	4320.75	4321.04	4316.34	4319.78	1680	0	29
2026.06.05	22:10:00	4319.80	4320.02	4315.22	4315.31	1663	0	29
2026.06.05	22:15:00	4315.31	4318.75	4313.87	4318.33	1733	0	29
2026.06.05	22:20:00	4318.30	4321.43	4315.43	4319.10	1795	0	29
2026.06.05	22:25:00	4319.17	4324.18	4318.84	4323.79	1809	0	29
2026.06.05	22:30:00	4323.75	4325.02	4320.62	4322.83	1775	0	29
2026.06.05	22:35:00	4322.84	4324.73	4320.58	4322.19	1708	0	29
2026.06.05	22:40:00	4322.17	4322.26	4313.98	4318.72	1850	0	29
2026.06.05	22:45:00	4318.72	4321.97	4317.79	4320.71	1867	0	29
2026.06.05	22:50:00	4320.70	4323.73	4317.81	4318.20	1931	0	29
2026.06.05	22:55:00	4318.35	4321.23	4316.94	4318.59	1898	0	29
2026.06.05	23:00:00	4318.63	4318.85	4312.62	4313.57	1726	0	29
2026.06.05	23:05:00	4313.59	4314.62	4311.74	4313.85	1624	0	29
2026.06.05	23:10:00	4313.82	4316.76	4312.24	4315.52	1483	0	29
2026.06.05	23:15:00	4315.61	4316.72	4313.96	4315.42	1366	0	29
2026.06.05	23:20:00	4315.43	4319.89	4314.70	4319.77	1399	0	29
2026.06.05	23:25:00	4319.77	4326.39	4318.79	4322.70	1318	0	29
2026.06.05	23:30:00	4322.71	4323.64	4321.61	4322.41	1281	0	29
2026.06.05	23:35:00	4322.41	4325.20	4321.76	4322.82	1299	0	34
2026.06.05	23:40:00	4322.82	4324.85	4321.04	4324.10	1241	0	34
2026.06.05	23:45:00	4324.22	4329.84	4324.07	4327.56	1224	0	34
2026.06.05	23:50:00	4327.55	4330.17	4325.47	4327.61	1339	0	34
2026.06.05	23:55:00	4327.62	4330.97	4327.62	4327.89	426	0	34
2026.06.08	01:00:00	4327.52	4335.80	4310.93	4321.19	1811	0	34
2026.06.08	01:05:00	4321.02	4321.30	4310.10	4318.71	1732	0	34
2026.06.08	01:10:00	4318.70	4330.08	4312.79	4329.76	1628	0	34
2026.06.08	01:15:00	4330.19	4330.55	4323.89	4327.30	1703	0	34
2026.06.08	01:20:00	4327.32	4329.26	4322.14	4322.93	1493	0	34
2026.06.08	01:25:00	4322.93	4324.30	4316.23	4316.65	1394	0	34
2026.06.08	01:30:00	4316.66	4323.30	4315.13	4323.18	1571	0	29
2026.06.08	01:35:00	4323.22	4328.93	4322.34	4325.73	1201	0	29
2026.06.08	01:40:00	4325.69	4326.61	4324.45	4325.91	1026	0	29
2026.06.08	01:45:00	4325.93	4326.06	4319.79	4322.39	1255	0	29
2026.06.08	01:50:00	4322.39	4326.64	4321.18	4323.23	1173	0	29
2026.06.08	01:55:00	4323.26	4323.36	4315.71	4317.21	1613	0	29
2026.06.08	02:00:00	4317.24	4326.82	4317.24	4325.81	1464	0	29
2026.06.08	02:05:00	4325.81	4327.14	4322.58	4326.67	1269	0	29
2026.06.08	02:10:00	4326.67	4334.05	4325.92	4330.74	1243	0	29
2026.06.08	02:15:00	4330.75	4334.02	4329.96	4331.25	1300	0	29
2026.06.08	02:20:00	4331.25	4331.92	4328.77	4330.29	1152	0	29
2026.06.08	02:25:00	4330.29	4334.55	4329.06	4333.97	1020	0	29
2026.06.08	02:30:00	4333.89	4336.46	4333.01	4333.83	1248	0	29
2026.06.08	02:35:00	4333.85	4337.62	4332.98	4336.64	1168	0	29
2026.06.08	02:40:00	4336.65	4340.47	4336.48	4338.96	1248	0	29
2026.06.08	02:45:00	4338.95	4343.10	4335.21	4341.87	1516	0	29
2026.06.08	02:50:00	4341.86	4343.56	4339.32	4343.18	1247	0	29
2026.06.08	02:55:00	4343.20	4346.89	4342.33	4343.93	1448	0	29
2026.06.08	03:00:00	4343.99	4346.77	4340.70	4344.70	1590	0	29
2026.06.08	03:05:00	4344.69	4345.80	4341.15	4345.32	1515	0	29
2026.06.08	03:10:00	4345.38	4345.63	4341.02	4343.64	1372	0	29
2026.06.08	03:15:00	4343.65	4347.78	4341.66	4347.62	1362	0	29
2026.06.08	03:20:00	4347.59	4352.38	4347.38	4351.03	1333	0	29
2026.06.08	03:25:00	4351.02	4353.37	4349.27	4351.41	1474	0	29
2026.06.08	03:30:00	4351.42	4352.37	4346.28	4349.08	1550	0	29
2026.06.08	03:35:00	4349.16	4351.85	4345.97	4347.83	1514	0	29
2026.06.08	03:40:00	4347.79	4348.75	4342.03	4345.27	1576	0	29
2026.06.08	03:45:00	4345.27	4345.90	4339.79	4342.50	1578	0	29
2026.06.08	03:50:00	4342.52	4343.39	4339.85	4341.54	1561	0	29
2026.06.08	03:55:00	4341.54	4345.26	4340.64	4342.20	1682	0	29
2026.06.08	04:00:00	4342.24	4345.75	4336.31	4339.19	1980	0	29
2026.06.08	04:05:00	4339.03	4340.93	4330.91	4336.75	1935	0	29
2026.06.08	04:10:00	4336.92	4337.70	4326.63	4326.94	1923	0	29
2026.06.08	04:15:00	4327.15	4327.42	4314.52	4317.94	2027	0	29
2026.06.08	04:20:00	4317.87	4324.98	4311.50	4321.83	2025	0	29
2026.06.08	04:25:00	4321.84	4323.31	4311.41	4314.54	2017	0	29
2026.06.08	04:30:00	4314.53	4317.60	4300.10	4315.45	2168	0	29
2026.06.08	04:35:00	4315.21	4317.71	4311.64	4317.22	2020	0	29
2026.06.08	04:40:00	4317.18	4327.37	4316.66	4326.25	2023	0	29
2026.06.08	04:45:00	4326.20	4329.71	4323.18	4323.63	1958	0	29
2026.06.08	04:50:00	4323.56	4328.11	4319.35	4324.38	1872	0	29
2026.06.08	04:55:00	4324.15	4328.55	4322.91	4325.64	1808	0	29
2026.06.08	05:00:00	4326.00	4330.72	4321.08	4322.76	1821	0	29
2026.06.08	05:05:00	4322.74	4324.52	4316.59	4318.92	1775	0	29
2026.06.08	05:10:00	4318.83	4318.94	4314.67	4316.75	1728	0	29
2026.06.08	05:15:00	4316.74	4319.63	4311.46	4312.15	1562	0	29
2026.06.08	05:20:00	4312.18	4316.41	4311.77	4316.30	1466	0	29
2026.06.08	05:25:00	4316.30	4316.92	4311.51	4314.86	1435	0	29
2026.06.08	05:30:00	4314.88	4316.79	4308.88	4309.61	1872	0	29
2026.06.08	05:35:00	4309.59	4312.41	4307.26	4311.87	1724	0	29
2026.06.08	05:40:00	4311.86	4317.71	4309.09	4315.92	1700	0	29
2026.06.08	05:45:00	4315.92	4320.82	4314.28	4317.26	1702	0	29
2026.06.08	05:50:00	4317.24	4317.66	4309.18	4311.88	1675	0	29
2026.06.08	05:55:00	4311.87	4315.57	4309.67	4310.54	1680	0	29
2026.06.08	06:00:00	4310.54	4314.16	4310.10	4311.15	1627	0	29
2026.06.08	06:05:00	4311.14	4311.88	4306.37	4308.22	1654	0	29
2026.06.08	06:10:00	4308.19	4308.41	4304.26	4304.78	1493	0	29
2026.06.08	06:15:00	4304.76	4307.74	4303.55	4307.52	1333	0	29
2026.06.08	06:20:00	4307.47	4311.96	4306.44	4310.58	1495	0	29
2026.06.08	06:25:00	4310.61	4310.81	4306.09	4307.16	1367	0	29
2026.06.08	06:30:00	4307.15	4309.29	4304.95	4307.00	1319	0	29
2026.06.08	06:35:00	4306.99	4308.62	4306.17	4307.64	1128	0	29
2026.06.08	06:40:00	4307.69	4309.95	4306.56	4309.86	1236	0	29
2026.06.08	06:45:00	4309.85	4313.48	4309.45	4312.36	1212	0	29
2026.06.08	06:50:00	4312.35	4317.15	4311.25	4315.02	1185	0	29
2026.06.08	06:55:00	4315.02	4316.91	4314.00	4316.90	1107	0	29
2026.06.08	07:00:00	4316.98	4320.37	4314.22	4314.84	1226	0	29
2026.06.08	07:05:00	4314.77	4319.12	4313.54	4318.09	1276	0	29
2026.06.08	07:10:00	4318.04	4319.42	4316.58	4318.71	1194	0	29
2026.06.08	07:15:00	4318.71	4321.73	4317.62	4318.63	1237	0	29
2026.06.08	07:20:00	4318.59	4318.85	4315.97	4317.88	1175	0	29
2026.06.08	07:25:00	4317.86	4320.85	4317.09	4320.00	1181	0	29
2026.06.08	07:30:00	4319.99	4320.30	4311.21	4313.45	1385	0	29
2026.06.08	07:35:00	4313.45	4313.92	4310.65	4311.10	1384	0	29
2026.06.08	07:40:00	4311.12	4311.95	4307.60	4307.66	1287	0	29
2026.06.08	07:45:00	4307.66	4311.39	4307.66	4310.12	1179	0	29
2026.06.08	07:50:00	4310.14	4313.93	4309.47	4311.55	1104	0	29
2026.06.08	07:55:00	4311.53	4313.51	4308.78	4312.62	1269	0	29
2026.06.08	08:00:00	4312.64	4316.08	4311.77	4315.30	1424	0	29
2026.06.08	08:05:00	4315.30	4315.38	4309.60	4310.45	1186	0	29
2026.06.08	08:10:00	4310.48	4311.70	4304.65	4304.65	1293	0	29
2026.06.08	08:15:00	4304.47	4310.70	4304.42	4309.30	1350	0	29
2026.06.08	08:20:00	4309.30	4314.16	4309.27	4311.22	1356	0	29
2026.06.08	08:25:00	4311.23	4313.15	4309.05	4311.71	1393	0	29
2026.06.08	08:30:00	4311.71	4312.79	4286.67	4287.01	1962	0	29
2026.06.08	08:35:00	4287.06	4291.23	4268.57	4290.88	2088	0	29
2026.06.08	08:40:00	4290.94	4293.04	4282.98	4287.96	1986	0	29
2026.06.08	08:45:00	4287.94	4292.14	4285.02	4286.80	1862	0	29
2026.06.08	08:50:00	4286.81	4295.71	4285.66	4289.68	1888	0	29
2026.06.08	08:55:00	4289.71	4294.90	4286.00	4291.96	1811	0	29
2026.06.08	09:00:00	4291.95	4307.98	4291.95	4303.57	1960	0	29
2026.06.08	09:05:00	4303.59	4306.70	4299.56	4302.55	1883	0	29
2026.06.08	09:10:00	4302.54	4306.22	4299.23	4303.44	1764	0	29
2026.06.08	09:15:00	4303.66	4307.27	4299.62	4303.22	1710	0	29
2026.06.08	09:20:00	4303.22	4311.29	4302.79	4308.35	1748	0	29
2026.06.08	09:25:00	4308.26	4310.55	4305.31	4305.79	1707	0	29
2026.06.08	09:30:00	4305.77	4306.36	4299.25	4299.30	1705	0	29
2026.06.08	09:35:00	4299.33	4300.11	4295.18	4296.39	1679	0	29
2026.06.08	09:40:00	4296.38	4299.99	4293.97	4298.27	1663	0	29
2026.06.08	09:45:00	4298.28	4300.19	4296.07	4297.40	1560	0	29
2026.06.08	09:50:00	4297.38	4300.75	4296.36	4297.82	1594	0	29
2026.06.08	09:55:00	4297.84	4300.24	4293.20	4299.98	1520	0	29
2026.06.08	10:00:00	4299.90	4302.69	4295.68	4299.21	1766	0	29
2026.06.08	10:05:00	4299.23	4301.36	4294.86	4300.43	1614	0	29
2026.06.08	10:10:00	4300.43	4308.44	4298.53	4305.12	1520	0	29
2026.06.08	10:15:00	4305.13	4310.63	4300.87	4306.30	1642	0	29
2026.06.08	10:20:00	4306.29	4314.73	4305.68	4314.16	1484	0	29
2026.06.08	10:25:00	4314.23	4316.85	4305.78	4306.09	1531	0	29
2026.06.08	10:30:00	4306.16	4309.13	4304.84	4308.07	1456	0	29
2026.06.08	10:35:00	4308.14	4311.67	4304.08	4307.81	1575	0	29
2026.06.08	10:40:00	4307.81	4307.91	4301.40	4301.69	1438	0	29
2026.06.08	10:45:00	4301.70	4302.62	4298.21	4298.49	1527	0	29
2026.06.08	10:50:00	4298.40	4299.36	4295.66	4296.53	1492	0	29
2026.06.08	10:55:00	4296.53	4299.41	4294.34	4294.41	1418	0	29
2026.06.08	11:00:00	4294.42	4297.02	4290.16	4293.23	1615	0	29
2026.06.08	11:05:00	4293.24	4295.73	4289.55	4294.44	1481	0	29
2026.06.08	11:10:00	4294.48	4295.93	4291.04	4291.77	1451	0	29
2026.06.08	11:15:00	4291.74	4293.52	4288.65	4292.96	1513	0	29
2026.06.08	11:20:00	4293.04	4293.18	4288.01	4288.72	1443	0	29
2026.06.08	11:25:00	4288.71	4290.15	4285.34	4288.25	1463	0	29
2026.06.08	11:30:00	4288.39	4291.98	4286.73	4291.20	1450	0	29
2026.06.08	11:35:00	4291.20	4291.27	4286.51	4287.55	1244	0	29
2026.06.08	11:40:00	4287.56	4291.25	4286.48	4290.70	1411	0	29
2026.06.08	11:45:00	4290.50	4293.78	4289.46	4291.21	1489	0	29
2026.06.08	11:50:00	4291.28	4293.23	4286.47	4288.33	1396	0	29
2026.06.08	11:55:00	4288.31	4290.30	4285.45	4288.71	1533	0	29
2026.06.08	12:00:00	4288.83	4292.09	4288.67	4290.79	1448	0	29
2026.06.08	12:05:00	4290.79	4290.98	4284.37	4285.33	1163	0	29
2026.06.08	12:10:00	4285.33	4288.93	4284.83	4288.93	1130	0	29
2026.06.08	12:15:00	4288.93	4290.32	4287.16	4287.85	1045	0	29
2026.06.08	12:20:00	4287.87	4290.84	4286.11	4286.53	1082	0	29
2026.06.08	12:25:00	4286.53	4287.79	4279.37	4279.71	1208	0	29
2026.06.08	12:30:00	4279.71	4280.85	4272.94	4273.82	1642	0	29
2026.06.08	12:35:00	4273.83	4295.79	4273.52	4293.81	1823	0	29
2026.06.08	12:40:00	4293.76	4296.36	4289.58	4293.67	1674	0	29
2026.06.08	12:45:00	4293.76	4301.94	4292.89	4301.12	1537	0	29
2026.06.08	12:50:00	4301.12	4301.60	4291.57	4293.57	1548	0	29
2026.06.08	12:55:00	4293.59	4295.60	4291.10	4294.30	1425	0	29
2026.06.08	13:00:00	4294.26	4294.98	4286.20	4290.56	1455	0	29
2026.06.08	13:05:00	4290.56	4297.60	4289.35	4294.98	1322	0	29
2026.06.08	13:10:00	4294.96	4297.58	4293.46	4294.57	1202	0	29
2026.06.08	13:15:00	4294.54	4295.91	4289.99	4290.12	1250	0	29
2026.06.08	13:20:00	4290.09	4292.77	4289.77	4291.30	1121	0	29
2026.06.08	13:25:00	4291.29	4295.21	4290.12	4293.76	1205	0	29
2026.06.08	13:30:00	4293.78	4305.18	4292.24	4303.78	1316	0	29
2026.06.08	13:35:00	4303.70	4305.54	4299.45	4299.85	1692	0	29
2026.06.08	13:40:00	4299.92	4304.80	4299.29	4304.80	1256	0	29
2026.06.08	13:45:00	4304.80	4305.00	4299.28	4300.49	1321	0	29
2026.06.08	13:50:00	4300.48	4302.05	4298.34	4298.44	1286	0	29
2026.06.08	13:55:00	4298.45	4303.04	4296.77	4302.00	1245	0	29
2026.06.08	14:00:00	4301.96	4302.51	4297.15	4299.95	1290	0	29
2026.06.08	14:05:00	4299.95	4306.23	4299.95	4306.20	1023	0	29
2026.06.08	14:10:00	4306.08	4318.79	4304.54	4318.79	1733	0	29
2026.06.08	14:15:00	4318.39	4327.80	4312.54	4327.07	1959	0	29
2026.06.08	14:20:00	4327.09	4330.96	4323.21	4324.94	1802	0	29
2026.06.08	14:25:00	4324.94	4329.50	4321.99	4325.24	1541	0	29
2026.06.08	14:30:00	4325.22	4333.19	4324.99	4329.92	1641	0	29
2026.06.08	14:35:00	4329.84	4330.35	4324.35	4325.33	1530	0	29
2026.06.08	14:40:00	4325.36	4327.37	4322.28	4324.05	1512	0	29
2026.06.08	14:45:00	4324.00	4326.33	4321.36	4323.82	1447	0	29
2026.06.08	14:50:00	4323.82	4328.59	4323.58	4326.71	1465	0	29
2026.06.08	14:55:00	4326.71	4332.68	4325.28	4331.24	1488	0	29
2026.06.08	15:00:00	4331.21	4334.56	4327.69	4330.46	1699	0	29
2026.06.08	15:05:00	4330.47	4334.65	4327.42	4330.49	1551	0	29
2026.06.08	15:10:00	4330.49	4331.03	4322.51	4322.88	1496	0	29
2026.06.08	15:15:00	4322.41	4326.22	4320.24	4325.04	1453	0	29
2026.06.08	15:20:00	4325.07	4329.85	4322.93	4329.03	1511	0	29
2026.06.08	15:25:00	4329.03	4331.81	4328.02	4329.86	1443	0	29
2026.06.08	15:30:00	4330.07	4334.60	4328.01	4328.23	1489	0	29
2026.06.08	15:35:00	4328.23	4333.93	4327.56	4330.46	1549	0	29
2026.06.08	15:40:00	4330.57	4339.29	4328.48	4335.70	1607	0	29
2026.06.08	15:45:00	4335.85	4337.91	4332.35	4332.60	1503	0	29
2026.06.08	15:50:00	4332.60	4333.47	4327.21	4329.99	1549	0	29
2026.06.08	15:55:00	4329.99	4334.46	4328.94	4333.01	1553	0	29
2026.06.08	16:00:00	4333.07	4334.79	4326.01	4328.98	1869	0	29
2026.06.08	16:05:00	4329.03	4330.25	4323.34	4324.20	1643	0	29
2026.06.08	16:10:00	4324.21	4326.54	4323.23	4323.87	1556	0	29
2026.06.08	16:15:00	4323.97	4325.80	4321.30	4325.29	1595	0	29
2026.06.08	16:20:00	4325.32	4336.01	4325.32	4331.63	1735	0	29
2026.06.08	16:25:00	4331.71	4333.70	4329.34	4331.20	1617	0	29
2026.06.08	16:30:00	4331.21	4340.01	4331.08	4333.33	2100	0	29
2026.06.08	16:35:00	4333.35	4346.59	4332.57	4340.64	2132	0	29
2026.06.08	16:40:00	4340.55	4344.51	4335.27	4336.31	2040	0	29
2026.06.08	16:45:00	4336.31	4338.53	4332.47	4332.47	2044	0	29
2026.06.08	16:50:00	4332.49	4339.16	4328.43	4334.19	1979	0	29
2026.06.08	16:55:00	4334.22	4336.96	4326.16	4326.80	1959	0	29
2026.06.08	17:00:00	4326.89	4330.73	4322.23	4322.28	1989	0	29
2026.06.08	17:05:00	4322.34	4327.41	4319.01	4320.61	1969	0	29
2026.06.08	17:10:00	4320.58	4320.79	4316.70	4319.43	1979	0	29
2026.06.08	17:15:00	4319.43	4321.87	4316.93	4321.65	1918	0	29
2026.06.08	17:20:00	4321.63	4324.30	4317.12	4318.65	1940	0	29
2026.06.08	17:25:00	4318.63	4322.80	4315.83	4320.02	1860	0	29
2026.06.08	17:30:00	4319.80	4324.13	4318.59	4322.10	1839	0	29
2026.06.08	17:35:00	4322.06	4322.99	4315.20	4319.74	1779	0	29
2026.06.08	17:40:00	4319.50	4323.16	4316.14	4322.59	1898	0	29
2026.06.08	17:45:00	4322.60	4328.33	4317.33	4317.56	1831	0	29
2026.06.08	17:50:00	4317.89	4327.01	4316.95	4326.46	1835	0	29
2026.06.08	17:55:00	4326.43	4331.43	4324.42	4330.92	1718	0	29
2026.06.08	18:00:00	4331.10	4336.39	4328.80	4328.99	1735	0	29
2026.06.08	18:05:00	4329.00	4330.78	4325.34	4328.46	1628	0	29
2026.06.08	18:10:00	4328.48	4328.85	4325.21	4325.35	1563	0	29
2026.06.08	18:15:00	4325.38	4332.19	4322.52	4331.58	1735	0	29
2026.06.08	18:20:00	4331.61	4335.99	4329.24	4335.29	1697	0	29
2026.06.08	18:25:00	4335.27	4335.27	4328.94	4330.66	1813	0	29
2026.06.08	18:30:00	4330.60	4333.40	4328.64	4332.15	1850	0	29
2026.06.08	18:35:00	4332.15	4337.45	4331.22	4336.54	1713	0	29
2026.06.08	18:40:00	4336.54	4339.44	4335.29	4339.14	1702	0	29
2026.06.08	18:45:00	4339.11	4340.97	4334.48	4335.29	1624	0	29
2026.06.08	18:50:00	4335.29	4343.18	4335.29	4342.70	1666	0	29
2026.06.08	18:55:00	4342.67	4345.60	4341.08	4341.76	1658	0	29
2026.06.08	19:00:00	4341.71	4343.85	4338.75	4341.20	1680	0	29
2026.06.08	19:05:00	4341.20	4343.17	4338.83	4339.77	1652	0	29
2026.06.08	19:10:00	4339.76	4342.01	4338.12	4340.95	1566	0	29
2026.06.08	19:15:00	4340.94	4343.88	4340.32	4342.90	1463	0	29
2026.06.08	19:20:00	4342.92	4343.75	4339.76	4341.03	1594	0	29
2026.06.08	19:25:00	4341.05	4343.03	4340.37	4340.91	1548	0	29
2026.06.08	19:30:00	4341.00	4345.05	4340.95	4342.59	1658	0	29
2026.06.08	19:35:00	4342.57	4346.27	4340.64	4341.27	1583	0	29
2026.06.08	19:40:00	4341.25	4344.03	4340.67	4344.03	1528	0	29
2026.06.08	19:45:00	4344.00	4346.03	4342.42	4345.09	1432	0	29
2026.06.08	19:50:00	4345.11	4345.79	4337.96	4338.02	1593	0	29
2026.06.08	19:55:00	4338.02	4341.42	4337.89	4340.65	1387	0	29
2026.06.08	20:00:00	4340.66	4342.40	4336.79	4337.88	1646	0	29
2026.06.08	20:05:00	4337.92	4342.03	4337.69	4338.49	1629	0	29
2026.06.08	20:10:00	4338.49	4339.16	4336.14	4338.74	1571	0	29
2026.06.08	20:15:00	4338.73	4340.22	4336.54	4338.27	1584	0	29
2026.06.08	20:20:00	4338.28	4340.49	4335.24	4335.58	1527	0	29
2026.06.08	20:25:00	4335.55	4340.28	4334.05	4339.10	1681	0	29
2026.06.08	20:30:00	4339.11	4339.56	4333.69	4335.63	1629	0	29
2026.06.08	20:35:00	4335.58	4335.96	4332.01	4334.91	1592	0	29
2026.06.08	20:40:00	4334.85	4335.33	4333.75	4334.08	1621	0	29
2026.06.08	20:45:00	4334.05	4337.06	4334.05	4337.02	1553	0	29
2026.06.08	20:50:00	4337.03	4338.21	4336.14	4336.69	1394	0	29
2026.06.08	20:55:00	4336.67	4339.33	4335.72	4339.15	1451	0	29
2026.06.08	21:00:00	4339.12	4344.82	4338.59	4343.83	1525	0	29
2026.06.08	21:05:00	4343.77	4345.31	4342.30	4343.59	1434	0	29
2026.06.08	21:10:00	4343.72	4344.28	4341.18	4341.34	1527	0	29
2026.06.08	21:15:00	4341.34	4343.77	4341.34	4342.38	1523	0	29
2026.06.08	21:20:00	4342.37	4344.84	4341.77	4343.85	1418	0	29
2026.06.08	21:25:00	4343.86	4345.86	4342.07	4342.58	1417	0	29
2026.06.08	21:30:00	4342.55	4344.57	4340.54	4340.64	1465	0	29
2026.06.08	21:35:00	4340.65	4341.64	4336.90	4337.14	1390	0	29
2026.06.08	21:40:00	4337.14	4338.59	4336.31	4336.66	1388	0	29
2026.06.08	21:45:00	4336.66	4337.01	4334.51	4334.59	1211	0	29
2026.06.08	21:50:00	4334.59	4336.84	4332.98	4334.40	1271	0	29
2026.06.08	21:55:00	4334.39	4336.03	4333.41	4334.60	1338	0	29
2026.06.08	22:00:00	4334.53	4338.13	4334.05	4337.00	1273	0	29
2026.06.08	22:05:00	4336.99	4336.99	4332.48	4332.48	1217	0	29
2026.06.08	22:10:00	4332.48	4332.56	4329.62	4329.83	1486	0	29
2026.06.08	22:15:00	4329.83	4331.56	4328.18	4328.74	1498	0	29
2026.06.08	22:20:00	4328.74	4330.38	4326.68	4326.73	1502	0	29
2026.06.08	22:25:00	4326.73	4328.19	4326.07	4327.72	1378	0	29
2026.06.08	22:30:00	4327.71	4330.42	4326.27	4327.22	1483	0	29
2026.06.08	22:35:00	4327.22	4328.42	4325.10	4325.84	1356	0	29
2026.06.08	22:40:00	4325.73	4325.91	4324.19	4325.06	1401	0	29
2026.06.08	22:45:00	4325.07	4327.58	4324.79	4327.12	1387	0	29
2026.06.08	22:50:00	4327.28	4330.00	4327.28	4328.33	1508	0	29
2026.06.08	22:55:00	4328.33	4328.99	4323.28	4326.66	1671	0	29
2026.06.08	23:00:00	4326.61	4329.86	4326.57	4329.59	1003	0	29
2026.06.08	23:05:00	4329.58	4329.72	4327.64	4327.80	638	0	29
2026.06.08	23:10:00	4327.87	4328.27	4326.42	4328.19	769	0	29
2026.06.08	23:15:00	4328.19	4328.22	4324.52	4325.84	780	0	29
2026.06.08	23:20:00	4325.84	4327.59	4325.32	4326.98	711	0	29
2026.06.08	23:25:00	4326.97	4327.03	4324.52	4326.47	773	0	29
2026.06.08	23:30:00	4326.44	4327.81	4325.62	4327.79	579	0	34
2026.06.08	23:35:00	4327.79	4328.44	4326.73	4327.58	627	0	34
2026.06.08	23:40:00	4327.61	4327.62	4325.37	4326.24	616	0	34
2026.06.08	23:45:00	4326.24	4327.40	4325.55	4327.32	603	0	34
2026.06.08	23:50:00	4327.32	4329.82	4326.90	4329.14	553	0	34
2026.06.08	23:55:00	4329.13	4329.93	4329.02	4329.79	286	0	34
2026.06.09	01:00:00	4332.75	4333.19	4326.49	4326.75	890	0	34
2026.06.09	01:05:00	4326.78	4328.01	4324.90	4326.92	606	0	34
2026.06.09	01:10:00	4326.92	4328.02	4324.45	4325.25	591	0	34
2026.06.09	01:15:00	4325.24	4325.24	4322.74	4324.57	712	0	34
2026.06.09	01:20:00	4324.57	4326.38	4324.40	4325.96	671	0	34
2026.06.09	01:25:00	4325.96	4327.12	4324.60	4325.10	624	0	34
2026.06.09	01:30:00	4325.05	4327.47	4324.94	4325.58	772	0	29
2026.06.09	01:35:00	4325.57	4326.61	4325.36	4325.85	480	0	29
2026.06.09	01:40:00	4325.86	4327.43	4325.06	4327.38	540	0	29
2026.06.09	01:45:00	4327.38	4327.88	4326.44	4326.94	524	0	29
2026.06.09	01:50:00	4326.95	4328.37	4326.13	4328.11	433	0	29
2026.06.09	01:55:00	4328.10	4328.85	4327.69	4327.85	515	0	29
2026.06.09	02:00:00	4327.85	4327.99	4327.23	4327.65	591	0	29
2026.06.09	02:05:00	4327.68	4327.69	4325.30	4326.51	538	0	29
2026.06.09	02:10:00	4326.53	4328.82	4325.78	4327.64	674	0	29
2026.06.09	02:15:00	4327.64	4328.43	4326.28	4327.42	721	0	29
2026.06.09	02:20:00	4327.42	4327.60	4325.04	4325.16	730	0	29
2026.06.09	02:25:00	4325.14	4325.14	4320.52	4320.59	759	0	29
2026.06.09	02:30:00	4320.60	4321.03	4315.28	4318.02	1028	0	29
2026.06.09	02:35:00	4318.03	4322.01	4318.03	4321.85	874	0	29
2026.06.09	02:40:00	4321.86	4322.34	4319.28	4319.65	846	0	29
2026.06.09	02:45:00	4319.66	4320.02	4313.63	4313.80	1203	0	29
2026.06.09	02:50:00	4313.80	4319.13	4312.95	4316.99	1123	0	29
2026.06.09	02:55:00	4316.93	4318.04	4314.27	4317.76	1211	0	29
2026.06.09	03:00:00	4317.75	4319.64	4315.44	4317.52	1668	0	29
2026.06.09	03:05:00	4317.39	4321.68	4316.92	4318.56	1702	0	29
2026.06.09	03:10:00	4318.55	4323.76	4318.49	4322.60	1554	0	29
2026.06.09	03:15:00	4322.47	4323.35	4320.16	4320.18	1459	0	29
2026.06.09	03:20:00	4320.17	4320.51	4317.44	4318.85	1420	0	29
2026.06.09	03:25:00	4318.85	4319.53	4316.64	4316.80	1435	0	29
2026.06.09	03:30:00	4316.79	4319.48	4315.18	4318.97	1323	0	29
2026.06.09	03:35:00	4319.03	4323.12	4318.00	4319.04	1383	0	29
2026.06.09	03:40:00	4319.03	4321.14	4317.71	4318.48	1264	0	29
2026.06.09	03:45:00	4318.40	4318.98	4315.08	4317.04	1216	0	29
2026.06.09	03:50:00	4317.05	4319.98	4315.88	4315.91	1281	0	29
2026.06.09	03:55:00	4315.89	4321.19	4315.43	4319.86	1311	0	29
2026.06.09	04:00:00	4319.73	4323.98	4318.68	4321.28	1861	0	29
2026.06.09	04:05:00	4321.17	4327.88	4320.71	4325.16	1694	0	29
2026.06.09	04:10:00	4325.16	4326.75	4321.39	4323.96	1633	0	29
2026.06.09	04:15:00	4323.95	4329.88	4322.35	4324.06	1685	0	29
2026.06.09	04:20:00	4324.02	4332.23	4322.80	4327.57	1655	0	29
2026.06.09	04:25:00	4327.58	4337.99	4327.50	4335.37	1662	0	29
2026.06.09	04:30:00	4335.41	4338.09	4332.95	4337.09	1522	0	29
2026.06.09	04:35:00	4337.10	4338.77	4334.37	4335.26	1383	0	29
2026.06.09	04:40:00	4335.27	4338.40	4332.90	4335.59	1523	0	29
2026.06.09	04:45:00	4335.63	4338.25	4333.94	4334.04	1511	0	29
2026.06.09	04:50:00	4334.07	4337.29	4333.86	4336.71	1445	0	29
2026.06.09	04:55:00	4336.68	4338.16	4333.08	4336.49	1438	0	29
2026.06.09	05:00:00	4336.48	4336.76	4331.54	4332.69	1468	0	29
2026.06.09	05:05:00	4332.69	4332.85	4328.20	4331.11	1620	0	29
2026.06.09	05:10:00	4331.11	4333.42	4329.35	4332.94	1319	0	29
2026.06.09	05:15:00	4332.94	4334.51	4330.10	4332.50	1388	0	29
2026.06.09	05:20:00	4332.49	4335.49	4331.69	4334.45	1298	0	29
2026.06.09	05:25:00	4334.46	4336.09	4332.20	4335.41	1194	0	29
2026.06.09	05:30:00	4335.46	4339.69	4333.65	4335.68	1464	0	29
2026.06.09	05:35:00	4335.68	4335.68	4331.03	4335.09	1482	0	29
2026.06.09	05:40:00	4335.13	4338.74	4333.52	4338.74	1326	0	29
2026.06.09	05:45:00	4338.74	4340.91	4337.47	4337.61	1387	0	29
2026.06.09	05:50:00	4337.59	4340.37	4334.92	4338.70	1325	0	29
2026.06.09	05:55:00	4338.74	4339.34	4334.88	4336.00	1320	0	29
2026.06.09	06:00:00	4335.99	4337.59	4331.59	4331.89	1354	0	29
2026.06.09	06:05:00	4331.87	4341.42	4331.28	4338.24	1624	0	29
2026.06.09	06:10:00	4338.24	4340.19	4337.26	4338.65	1342	0	29
2026.06.09	06:15:00	4338.67	4342.13	4338.65	4339.52	1337	0	29
2026.06.09	06:20:00	4339.48	4340.16	4333.39	4334.77	1300	0	29
2026.06.09	06:25:00	4334.77	4337.27	4334.24	4336.66	1273	0	29
2026.06.09	06:30:00	4336.59	4337.93	4333.64	4333.72	1227	0	29
2026.06.09	06:35:00	4333.70	4336.53	4333.55	4335.13	900	0	29
2026.06.09	06:40:00	4335.16	4337.85	4334.80	4337.61	979	0	29
2026.06.09	06:45:00	4337.61	4341.91	4337.61	4338.66	1053	0	29
2026.06.09	06:50:00	4338.66	4340.34	4337.23	4339.51	894	0	29
2026.06.09	06:55:00	4339.51	4340.19	4334.43	4336.63	807	0	29
2026.06.09	07:00:00	4336.60	4336.61	4333.29	4335.41	909	0	29
2026.06.09	07:05:00	4335.41	4338.08	4334.92	4337.22	841	0	29
2026.06.09	07:10:00	4337.22	4339.31	4332.26	4332.28	913	0	29
2026.06.09	07:15:00	4332.28	4332.85	4329.47	4330.02	930	0	29
2026.06.09	07:20:00	4330.01	4331.53	4328.69	4331.14	831	0	29
2026.06.09	07:25:00	4331.14	4331.73	4329.28	4330.43	829	0	29
2026.06.09	07:30:00	4330.44	4330.56	4324.19	4325.21	1164	0	29
2026.06.09	07:35:00	4325.24	4330.48	4325.21	4329.94	1154	0	29
2026.06.09	07:40:00	4329.95	4329.96	4326.91	4328.18	881	0	29
2026.06.09	07:45:00	4328.09	4329.40	4326.92	4329.26	829	0	29
2026.06.09	07:50:00	4329.27	4331.52	4327.28	4327.58	804	0	29
2026.06.09	07:55:00	4327.58	4332.88	4326.22	4332.31	881	0	29
2026.06.09	08:00:00	4332.32	4336.59	4332.32	4336.17	979	0	29
2026.06.09	08:05:00	4336.17	4337.08	4332.44	4332.55	998	0	29
2026.06.09	08:10:00	4332.55	4334.33	4330.94	4331.35	1043	0	29
2026.06.09	08:15:00	4331.36	4334.53	4330.88	4333.36	1037	0	29
2026.06.09	08:20:00	4333.36	4335.44	4331.07	4333.38	1074	0	29
2026.06.09	08:25:00	4333.37	4333.84	4332.13	4332.51	998	0	29
2026.06.09	08:30:00	4332.50	4343.84	4332.21	4342.73	1815	0	29
2026.06.09	08:35:00	4342.70	4343.92	4339.83	4343.37	1486	0	29
2026.06.09	08:40:00	4343.44	4351.38	4342.47	4348.13	1628	0	29
2026.06.09	08:45:00	4348.50	4349.01	4343.13	4346.41	1451	0	29
2026.06.09	08:50:00	4346.39	4346.40	4343.12	4345.43	1347	0	29
2026.06.09	08:55:00	4345.43	4345.43	4341.59	4343.39	1335	0	29
2026.06.09	09:00:00	4343.38	4348.74	4342.84	4344.60	1524	0	29
2026.06.09	09:05:00	4344.60	4346.77	4342.94	4344.02	1496	0	29
2026.06.09	09:10:00	4344.05	4344.69	4340.06	4341.29	1436	0	29
2026.06.09	09:15:00	4340.98	4343.68	4340.82	4342.75	1331	0	29
2026.06.09	09:20:00	4342.79	4345.79	4340.85	4344.58	1312	0	29
2026.06.09	09:25:00	4344.58	4345.29	4338.16	4338.79	1356	0	29
2026.06.09	09:30:00	4338.97	4339.20	4331.77	4333.76	1542	0	29
2026.06.09	09:35:00	4333.78	4339.41	4333.23	4337.86	1341	0	29
2026.06.09	09:40:00	4337.86	4338.79	4334.38	4336.60	1122	0	29
2026.06.09	09:45:00	4336.62	4340.18	4336.30	4339.33	1254	0	29
2026.06.09	09:50:00	4339.53	4339.64	4334.81	4335.29	1248	0	29
2026.06.09	09:55:00	4335.26	4336.09	4330.24	4330.60	1315	0	29
2026.06.09	10:00:00	4330.59	4334.65	4328.55	4331.65	1546	0	29
2026.06.09	10:05:00	4331.64	4333.65	4329.79	4332.46	1357	0	29
2026.06.09	10:10:00	4332.43	4332.51	4326.83	4326.83	1342	0	29
2026.06.09	10:15:00	4326.72	4329.78	4322.99	4328.64	1525	0	29
2026.06.09	10:20:00	4328.81	4330.73	4325.78	4330.09	1424	0	29
2026.06.09	10:25:00	4330.10	4332.12	4328.86	4331.02	1328	0	29
2026.06.09	10:30:00	4331.03	4331.19	4325.55	4326.63	1246	0	29
2026.06.09	10:35:00	4326.61	4326.66	4322.33	4325.59	1350	0	29
2026.06.09	10:40:00	4325.55	4328.40	4324.93	4328.40	1174	0	29
2026.06.09	10:45:00	4328.39	4330.18	4326.01	4326.35	1027	0	29
2026.06.09	10:50:00	4326.22	4329.59	4325.14	4328.58	1152	0	29
2026.06.09	10:55:00	4328.56	4328.62	4325.77	4326.48	1048	0	29
2026.06.09	11:00:00	4326.45	4327.04	4322.62	4323.12	1459	0	29
2026.06.09	11:05:00	4323.13	4326.82	4321.16	4326.49	1388	0	29
2026.06.09	11:10:00	4326.63	4336.20	4326.38	4331.61	1597	0	29
2026.06.09	11:15:00	4331.60	4335.20	4331.37	4332.30	1519	0	29
2026.06.09	11:20:00	4332.26	4334.32	4331.62	4331.86	1342	0	29
2026.06.09	11:25:00	4331.87	4335.50	4331.60	4334.32	1370	0	29
2026.06.09	11:30:00	4334.41	4335.97	4331.06	4331.10	1215	0	29
2026.06.09	11:35:00	4331.11	4334.79	4330.38	4334.37	1059	0	29
2026.06.09	11:40:00	4334.37	4336.75	4333.16	4335.00	1073	0	29
2026.06.09	11:45:00	4335.00	4335.33	4327.37	4328.19	1079	0	29
2026.06.09	11:50:00	4328.19	4329.97	4325.81	4329.95	1081	0	29
2026.06.09	11:55:00	4329.95	4330.54	4326.52	4326.52	902	0	29
2026.06.09	12:00:00	4326.52	4329.06	4325.18	4328.88	1114	0	29
2026.06.09	12:05:00	4328.87	4330.46	4327.16	4330.14	1094	0	29
2026.06.09	12:10:00	4330.11	4330.76	4327.61	4328.29	1090	0	29
2026.06.09	12:15:00	4328.23	4330.54	4327.94	4329.92	974	0	29
2026.06.09	12:20:00	4329.92	4335.89	4329.69	4333.31	1186	0	29
2026.06.09	12:25:00	4333.30	4334.37	4324.12	4326.78	1192	0	29
2026.06.09	12:30:00	4326.50	4329.46	4325.66	4326.54	1277	0	29
2026.06.09	12:35:00	4326.55	4330.99	4326.40	4329.17	1011	0	29
2026.06.09	12:40:00	4329.18	4329.74	4325.05	4327.10	1006	0	29
2026.06.09	12:45:00	4327.12	4330.18	4326.67	4329.77	998	0	29
2026.06.09	12:50:00	4329.76	4333.54	4329.67	4333.21	890	0	29
2026.06.09	12:55:00	4333.24	4333.42	4330.75	4332.13	808	0	29
2026.06.09	13:00:00	4332.12	4333.06	4330.23	4330.73	1056	0	29
2026.06.09	13:05:00	4330.75	4331.18	4325.39	4327.22	1329	0	29
2026.06.09	13:10:00	4327.22	4335.67	4326.51	4335.34	1297	0	29
2026.06.09	13:15:00	4335.46	4336.33	4334.07	4334.78	1222	0	29
2026.06.09	13:20:00	4334.78	4334.83	4331.33	4332.59	1008	0	29
2026.06.09	13:25:00	4332.58	4336.52	4331.73	4333.77	956	0	29
2026.06.09	13:30:00	4333.77	4334.96	4332.22	4333.72	886	0	29
2026.06.09	13:35:00	4333.72	4333.93	4331.67	4331.83	852	0	29
2026.06.09	13:40:00	4331.82	4332.67	4329.67	4332.53	982	0	29
2026.06.09	13:45:00	4332.53	4333.05	4330.52	4330.63	889	0	29
2026.06.09	13:50:00	4330.66	4336.42	4330.27	4335.06	1003	0	29
2026.06.09	13:55:00	4335.03	4340.63	4334.67	4339.14	1105	0	29
2026.06.09	14:00:00	4339.14	4340.35	4335.66	4335.87	1163	0	29
2026.06.09	14:05:00	4335.97	4338.96	4335.62	4337.13	1054	0	29
2026.06.09	14:10:00	4337.13	4338.11	4336.02	4337.84	976	0	29
2026.06.09	14:15:00	4337.81	4339.35	4336.14	4339.19	1029	0	29
2026.06.09	14:20:00	4339.19	4340.45	4337.07	4337.17	1022	0	29
2026.06.09	14:25:00	4337.15	4338.76	4336.25	4338.63	1000	0	29
2026.06.09	14:30:00	4338.68	4338.79	4336.87	4337.78	822	0	29
2026.06.09	14:35:00	4337.80	4338.21	4336.76	4337.32	883	0	29
2026.06.09	14:40:00	4337.20	4339.99	4337.04	4338.85	1018	0	29
2026.06.09	14:45:00	4338.87	4340.71	4337.31	4340.11	1063	0	29
2026.06.09	14:50:00	4340.15	4343.73	4340.10	4341.26	1046	0	29
2026.06.09	14:55:00	4341.29	4343.30	4339.60	4339.78	993	0	29
2026.06.09	15:00:00	4339.77	4343.37	4339.68	4342.33	1109	0	29
2026.06.09	15:05:00	4342.31	4343.90	4341.61	4343.67	994	0	29
2026.06.09	15:10:00	4343.65	4343.90	4340.77	4341.04	1033	0	29
2026.06.09	15:15:00	4341.09	4342.87	4338.80	4342.81	1263	0	29
2026.06.09	15:20:00	4342.69	4342.69	4337.12	4338.54	1267	0	29
2026.06.09	15:25:00	4338.43	4339.69	4335.25	4335.75	1180	0	29
2026.06.09	15:30:00	4335.75	4339.78	4334.80	4336.51	1376	0	29
2026.06.09	15:35:00	4336.54	4341.32	4335.96	4340.57	1330	0	29
2026.06.09	15:40:00	4340.47	4341.86	4338.96	4340.80	1256	0	29
2026.06.09	15:45:00	4340.80	4344.09	4339.85	4341.26	1191	0	29
2026.06.09	15:50:00	4341.27	4343.64	4337.20	4337.41	1280	0	29
2026.06.09	15:55:00	4337.41	4341.79	4336.62	4341.35	1266	0	29
2026.06.09	16:00:00	4341.36	4345.37	4338.07	4339.43	1742	0	29
2026.06.09	16:05:00	4339.14	4344.22	4338.68	4341.39	1684	0	29
2026.06.09	16:10:00	4341.41	4342.42	4339.70	4340.91	1489	0	29
2026.06.09	16:15:00	4340.91	4341.95	4334.01	4334.01	1493	0	29
2026.06.09	16:20:00	4333.96	4336.04	4331.62	4333.47	1506	0	29
2026.06.09	16:25:00	4333.47	4335.35	4330.17	4330.82	1593	0	29
2026.06.09	16:30:00	4330.84	4333.97	4328.79	4329.95	1877	0	29
2026.06.09	16:35:00	4329.98	4334.37	4329.71	4331.99	1826	0	29
2026.06.09	16:40:00	4332.00	4332.05	4325.17	4330.20	1794	0	29
2026.06.09	16:45:00	4330.05	4363.38	4329.08	4352.21	1967	0	29
2026.06.09	16:50:00	4352.12	4352.63	4333.63	4334.13	2035	0	29
2026.06.09	16:55:00	4334.10	4334.56	4326.44	4328.79	1907	0	29
2026.06.09	17:00:00	4328.72	4335.95	4326.37	4329.30	1990	0	29
2026.06.09	17:05:00	4329.21	4332.05	4324.93	4328.39	1922	0	29
2026.06.09	17:10:00	4328.37	4328.87	4319.70	4321.17	2020	0	29
2026.06.09	17:15:00	4321.19	4323.01	4306.06	4311.34	2129	0	29
2026.06.09	17:20:00	4311.28	4320.22	4309.31	4318.48	2119	0	29
2026.06.09	17:25:00	4318.54	4323.69	4315.90	4318.37	2022	0	29
2026.06.09	17:30:00	4318.26	4320.80	4310.07	4314.77	2121	0	29
2026.06.09	17:35:00	4314.78	4314.98	4302.78	4305.28	2070	0	29
2026.06.09	17:40:00	4305.19	4307.44	4284.92	4284.92	2057	0	29
2026.06.09	17:45:00	4284.96	4289.98	4278.57	4284.02	2170	0	29
2026.06.09	17:50:00	4283.98	4298.23	4281.66	4298.16	2159	0	29
2026.06.09	17:55:00	4298.17	4300.75	4292.68	4300.53	2037	0	29
2026.06.09	18:00:00	4300.56	4301.99	4291.34	4293.19	2012	0	29
2026.06.09	18:05:00	4293.28	4296.65	4289.95	4295.58	2012	0	29
2026.06.09	18:10:00	4295.61	4299.11	4289.56	4294.81	1961	0	29
2026.06.09	18:15:00	4294.79	4296.83	4291.37	4291.73	1893	0	29
2026.06.09	18:20:00	4291.74	4294.28	4284.92	4285.41	1968	0	29
2026.06.09	18:25:00	4285.41	4288.70	4277.12	4278.68	2086	0	29
2026.06.09	18:30:00	4278.87	4281.81	4263.50	4274.48	2183	0	29
2026.06.09	18:35:00	4274.37	4274.61	4263.06	4270.08	2166	0	29
2026.06.09	18:40:00	4269.92	4279.94	4269.19	4279.63	2084	0	29
2026.06.09	18:45:00	4279.84	4285.70	4278.47	4280.72	2055	0	29
2026.06.09	18:50:00	4280.43	4284.01	4276.41	4279.78	1996	0	29
2026.06.09	18:55:00	4279.78	4284.87	4272.28	4272.28	2089	0	29
2026.06.09	19:00:00	4272.32	4280.97	4270.84	4273.72	2060	0	29
2026.06.09	19:05:00	4273.71	4274.36	4260.74	4263.35	2081	0	29
2026.06.09	19:10:00	4263.15	4266.79	4258.46	4259.75	2065	0	29
2026.06.09	19:15:00	4259.75	4263.32	4253.14	4254.45	2111	0	29
2026.06.09	19:20:00	4254.33	4263.47	4253.30	4261.98	2106	0	29
2026.06.09	19:25:00	4261.98	4266.33	4261.13	4263.40	2068	0	29
2026.06.09	19:30:00	4263.04	4264.63	4259.95	4261.95	2020	0	29
2026.06.09	19:35:00	4261.96	4267.55	4237.61	4241.27	2100	0	29
2026.06.09	19:40:00	4241.09	4248.05	4236.61	4244.94	2214	0	29
2026.06.09	19:45:00	4244.75	4254.00	4244.13	4249.70	2119	0	29
2026.06.09	19:50:00	4249.64	4251.34	4238.77	4239.92	2086	0	29
2026.06.09	19:55:00	4239.91	4252.34	4239.73	4252.14	2045	0	29
2026.06.09	20:00:00	4252.02	4263.58	4251.21	4262.44	2064	0	29
2026.06.09	20:05:00	4262.42	4263.86	4258.65	4262.88	2057	0	29
2026.06.09	20:10:00	4262.73	4264.37	4257.73	4261.37	2001	0	29
2026.06.09	20:15:00	4261.10	4265.53	4258.48	4263.99	1970	0	29
2026.06.09	20:20:00	4263.96	4267.84	4262.60	4266.36	2041	0	29
2026.06.09	20:25:00	4266.32	4266.72	4260.82	4263.07	1936	0	29
2026.06.09	20:30:00	4263.02	4266.13	4260.96	4265.50	1845	0	29
2026.06.09	20:35:00	4265.63	4266.25	4261.82	4262.81	1869	0	29
2026.06.09	20:40:00	4262.85	4268.05	4261.94	4264.70	1800	0	29
2026.06.09	20:45:00	4264.71	4266.68	4256.47	4257.10	1942	0	29
2026.06.09	20:50:00	4257.19	4260.05	4255.97	4258.37	1843	0	29
2026.06.09	20:55:00	4258.37	4264.64	4258.11	4263.04	1759	0	29
2026.06.09	21:00:00	4263.14	4265.58	4259.55	4262.38	1750	0	29
2026.06.09	21:05:00	4262.32	4266.84	4260.75	4266.65	1726	0	29
2026.06.09	21:10:00	4266.71	4266.74	4262.70	4265.32	1825	0	29
2026.06.09	21:15:00	4265.28	4270.02	4262.92	4269.16	1798	0	29
2026.06.09	21:20:00	4269.18	4274.20	4267.35	4273.41	1807	0	29
2026.06.09	21:25:00	4273.43	4273.47	4267.84	4270.84	1764	0	29
2026.06.09	21:30:00	4270.83	4273.92	4268.81	4270.67	1725	0	29
2026.06.09	21:35:00	4270.74	4270.90	4268.35	4269.09	1652	0	29
2026.06.09	21:40:00	4269.15	4269.98	4263.63	4264.30	1652	0	29
2026.06.09	21:45:00	4264.41	4265.26	4262.32	4265.09	1495	0	29
2026.06.09	21:50:00	4265.17	4267.98	4264.01	4265.93	1508	0	29
2026.06.09	21:55:00	4265.93	4271.44	4265.49	4269.91	1569	0	29
2026.06.09	22:00:00	4269.96	4270.57	4266.31	4269.70	1608	0	29
2026.06.09	22:05:00	4269.66	4271.61	4264.86	4265.09	1587	0	29
2026.06.09	22:10:00	4265.04	4265.04	4257.95	4258.64	1618	0	29
2026.06.09	22:15:00	4258.65	4258.66	4254.81	4255.31	1836	0	29
2026.06.09	22:20:00	4255.34	4256.37	4252.76	4255.60	1782	0	29
2026.06.09	22:25:00	4255.61	4257.80	4254.05	4257.26	1752	0	29
2026.06.09	22:30:00	4257.28	4260.13	4256.38	4259.45	1726	0	29
2026.06.09	22:35:00	4259.44	4259.78	4252.66	4253.55	1707	0	29
2026.06.09	22:40:00	4253.57	4253.57	4250.11	4250.92	1831	0	29
2026.06.09	22:45:00	4251.04	4252.43	4249.90	4250.87	1741	0	29
2026.06.09	22:50:00	4250.88	4258.92	4250.88	4258.85	1931	0	29
2026.06.09	22:55:00	4259.02	4259.69	4256.36	4258.54	1754	0	29
2026.06.09	23:00:00	4258.66	4261.04	4255.63	4260.67	1488	0	29
2026.06.09	23:05:00	4260.72	4260.72	4257.21	4257.62	1149	0	29
2026.06.09	23:10:00	4257.62	4259.31	4256.66	4258.42	1034	0	29
2026.06.09	23:15:00	4258.40	4260.35	4258.06	4258.62	957	0	29
2026.06.09	23:20:00	4258.61	4259.68	4257.86	4258.22	732	0	29
2026.06.09	23:25:00	4258.21	4259.91	4258.03	4258.99	674	0	29
2026.06.09	23:30:00	4258.94	4259.10	4257.63	4257.81	617	0	34
2026.06.09	23:35:00	4257.78	4260.87	4257.78	4260.35	687	0	34
2026.06.09	23:40:00	4260.35	4261.87	4260.21	4261.30	728	0	34
2026.06.09	23:45:00	4261.31	4262.01	4260.35	4261.70	716	0	34
2026.06.09	23:50:00	4261.72	4261.72	4259.60	4260.16	547	0	34
2026.06.09	23:55:00	4260.20	4260.62	4259.90	4260.26	372	0	34
